player_name,player_id,team,conference,opponent,comp,att,yds,avg,td,int,qbr,week,completion_pct
A.J. Duffy,4685334,New Haven,NEC,Season,197,334,2347,7.026946107784431,22,10,,11,0.5898203592814372
AJ Bianco,4819250,Nevada,Mountain West,Season,25,42,192,4.571428571428571,1,1,23.799999999999997,14,0.5952380952380952
AJ Hairston,5146355,Massachusetts,Mid-American,Season,104,211,929,4.402843601895735,4,4,17.250710900473933,12,0.4928909952606635
AJ Hill,5141473,Memphis,American Athletic,Season,19,32,223,6.96875,1,1,24.75625,8,0.59375
AJ Swann,5081405,App State,Sun Belt,Season,130,222,1494,6.72972972972973,10,8,37.778378378378385,12,0.5855855855855856
Aaron Philo,5132812,Georgia Tech,ACC,Season,21,28,373,13.321428571428571,1,1,75.9,2,0.75
Abram Johnston,5226585,Northwestern State,Southland,Season,116,213,1121,5.262910798122066,7,9,,13,0.5446009389671361
Adam Damante,5152503,New Mexico State,Conference USA,Season,70,103,711,6.902912621359223,5,4,42.59708737864078,14,0.6796116504854369
Adam Urena,5227565,Mercyhurst,NEC,Season,237,369,2401,6.506775067750677,13,10,,13,0.6422764227642277
Aden Hooper,5306523,Langston,,Season,21,47,192,4.085106382978723,1,3,,3,0.44680851063829785
Aidan Armenta,5122054,UL Monroe,Sun Belt,Season,147,252,1619,6.424603174603175,12,8,32.141666666666666,14,0.5833333333333334
Aidan Bouman,4429179,South Dakota,MVFC,Season,189,301,2538,8.43189368770764,23,5,,15,0.627906976744186
Aidan Chiles,5075805,Michigan State,Big Ten,Season,128,203,1392,6.857142857142857,10,3,57.79359605911329,9,0.6305418719211823
Aidan Jakobsohn,5300880,UT Rio Grande Valley,Southland,Season,15,25,183,7.32,2,1,,5,0.6
Aiden McCown,5154911,Lamar,Southland,Season,112,190,1436,7.557894736842106,10,6,,14,0.5894736842105263
Alessio Milivojevic,5146670,Michigan State,Big Ten,Season,111,172,1267,7.366279069767442,10,2,55.71104651162791,14,0.6453488372093024
Alex Gevaudan,5227557,Mercyhurst,NEC,Season,21,35,237,6.771428571428571,1,1,,8,0.6
Alonza Barnett,4911929,James Madison,Sun Belt,Season,216,370,2806,7.583783783783784,23,8,57.868648648648644,15,0.5837837837837838
Amari Odom,5153782,Kennesaw State,Conference USA,Season,189,291,2594,8.914089347079038,19,8,53.925085910652925,15,0.6494845360824743
Amari Powell,5088992,St. Thomas (MN),Pioneer,Season,31,53,424,8.0,3,2,,13,0.5849056603773585
Andrew Body,4887151,Alabama State,SWAC,Season,113,160,1770,11.0625,20,1,,10,0.70625
Andrew Indorf,5301657,Towson,CAA,Season,187,314,2344,7.464968152866242,16,4,,13,0.5955414012738853
Andy Peters,4686848,St. Thomas (MN),Pioneer,Season,150,231,2061,8.922077922077921,17,5,,12,0.6493506493506493
Anthony Colandrea,5044387,UNLV,Mountain West,Season,275,417,3459,8.29496402877698,23,9,66.40311750599521,15,0.6594724220623501
Anthony Grigsby Jr.,5219586,Cal Poly,Big Sky,Season,44,82,774,9.439024390243903,6,4,,13,0.5365853658536586
Arch Manning,4870906,Texas,SEC,Season,248,404,3163,7.829207920792079,26,7,70.57054455445544,14,0.6138613861386139
Ari Patu,4592531,North Alabama,UAC,Season,48,94,517,5.5,5,4,,7,0.5106382978723404
Ashten Snelsire,5083373,Richmond,Patriot,Season,57,110,826,7.509090909090909,8,5,,13,0.5181818181818182
Ashton Daniels,4838679,Auburn,SEC,Season,68,119,797,6.697478991596639,3,2,67.09579831932774,14,0.5714285714285714
Ashton Frye,5085259,Grambling,SWAC,Season,17,26,142,5.461538461538462,1,0,,7,0.6538461538461539
Ashton Strother,5308438,Southern,SWAC,Season,89,169,1111,6.57396449704142,4,4,,12,0.5266272189349113
Athan Kaliakmanis,4432722,Rutgers,Big Ten,Season,229,368,3124,8.48913043478261,20,7,60.8554347826087,14,0.6222826086956522
Austin Mack,5079508,Alabama,SEC,Season,24,31,228,7.354838709677419,2,0,81.84516129032258,13,0.7741935483870968
Austin Myers,5085356,Central Arkansas,UAC,Season,124,217,1597,7.359447004608295,13,7,,12,0.5714285714285714
Austin Simmons,5141684,Ole Miss,SEC,Season,44,72,740,10.277777777777779,3,5,55.348611111111104,11,0.6111111111111112
Avery Johnson,4870857,Kansas State,Big 12,Season,204,341,2380,6.979472140762463,18,6,64.56920821114369,14,0.5982404692082112
Ayden Pereira,5083490,Merrimack,FCS Independents,Season,159,310,1846,5.95483870967742,9,7,,13,0.5129032258064516
Baron May,4431246,Bowling Green,Mid-American,Season,12,22,142,6.454545454545454,1,0,31.2,9,0.5454545454545454
Battle Alberson,5223983,Chattanooga,Southern,Season,47,79,630,7.974683544303797,5,3,,13,0.5949367088607594
Baxter Wright,5227854,Murray State,MVFC,Season,65,88,540,6.136363636363637,2,1,,13,0.7386363636363636
Baylor Hayes,5224011,Tulsa,American Athletic,Season,186,316,2159,6.832278481012659,12,6,42.095253164556965,14,0.5886075949367089
Bear Bachmeier,5141367,BYU,Big 12,Season,251,387,3033,7.837209302325581,15,7,72.27054263565891,15,0.648578811369509
Beau Brungard,5109518,Youngstown State,MVFC,Season,277,403,3230,8.014888337468983,26,3,,14,0.6873449131513648
Beau Pribula,4685696,Missouri,SEC,Season,182,270,1946,7.207407407407407,11,9,67.39629629629628,14,0.674074074074074
Beckham Pellant,5227699,Illinois State,MVFC,Season,11,21,83,3.9523809523809526,1,1,,13,0.5238095238095238
Behren Morton,4431465,Texas Tech,Big 12,Season,219,333,2780,8.348348348348349,22,6,67.55105105105105,15,0.6576576576576577
Ben Finley,4431091,Akron,Mid-American,Season,186,362,2475,6.837016574585635,19,9,33.622651933701654,13,0.5138121546961326
Ben Gulbranson,4431114,Stanford,ACC,Season,148,260,1813,6.973076923076923,9,10,32.80153846153846,10,0.5692307692307692
Bennett Judy,5159361,Western Carolina,Southern,Season,50,83,420,5.0602409638554215,3,2,,3,0.6024096385542169
Billy Atkins,4877811,South Carolina State,MEAC,Season,169,267,2319,8.685393258426966,16,4,,13,0.6329588014981273
Bishop Davenport,4869553,South Alabama,Sun Belt,Season,200,294,2072,7.0476190476190474,12,6,48.71564625850339,14,0.6802721088435374
Blaine Hipa,4816095,Princeton,Ivy,Season,41,72,456,6.333333333333333,0,1,,13,0.5694444444444444
Blake Baker,5150998,Louisiana Tech,Conference USA,Season,102,155,1252,8.07741935483871,5,3,58.35612903225807,11,0.6580645161290323
Blake Horvath,5081504,Navy,American Athletic,Season,90,145,1498,10.331034482758621,11,5,59.44758620689655,14,0.6206896551724138
Blake Shapen,4565315,Mississippi State,SEC,Season,195,304,2436,8.013157894736842,15,8,55.87730263157895,12,0.6414473684210527
Bo Kelly,5083145,Cal Poly,Big Sky,Season,63,108,706,6.537037037037037,7,1,,9,0.5833333333333334
Brad Jackson,5148803,Texas State,Sun Belt,Season,251,352,3223,9.15625,21,7,68.12784090909089,14,0.7130681818181818
Braden Atkinson,5212654,Mercer,Southern,Season,268,407,3611,8.872235872235873,34,11,,15,0.6584766584766585
Braden Davis,4685309,Hampton,CAA,Season,94,152,1036,6.815789473684211,4,8,,12,0.618421052631579
Braden Graham,5126467,Holy Cross,Patriot,Season,41,72,295,4.097222222222222,2,2,,10,0.5694444444444444
Brady Davidson,5210128,Northern Illinois,Mid-American,Season,35,78,327,4.1923076923076925,2,2,16.402564102564103,13,0.44871794871794873
Brady Jones,5296163,Western Michigan,Mid-American,Season,14,31,110,3.5483870967741935,0,1,10.541935483870969,3,0.45161290322580644
Brady Lichtenberg,4590294,Cincinnati,Big 12,Season,14,21,134,6.380952380952381,2,1,24.94285714285714,3,0.6666666666666666
Brady Olson,4683471,Central Connecticut,NEC,Season,271,458,3132,6.8384279475982535,25,7,,14,0.5917030567685589
Brady Stober,5212705,Samford,Southern,Season,122,195,1240,6.358974358974359,7,7,,12,0.6256410256410256
Brandon Nunez,5220782,Mississippi Valley State,SWAC,Season,62,124,722,5.82258064516129,3,7,,14,0.5
Brandon Rose,4804885,Massachusetts,Mid-American,Season,52,87,424,4.873563218390805,1,2,18.80574712643678,13,0.5977011494252874
Brandon Tennison,5151316,UTSA,American Athletic,Season,17,26,140,5.384615384615385,1,0,69.16153846153847,11,0.6538461538461539
Brayden Fowler-Nicolosi,4833597,Colorado State,Mountain West,Season,44,82,488,5.951219512195122,1,2,38.232926829268294,4,0.5365853658536586
Braylon Braxton,4600403,Southern Miss,Sun Belt,Season,254,400,3053,7.6325,24,8,47.89625,14,0.635
Brendan Sorsby,4899046,Cincinnati,Big 12,Season,206,335,2786,8.316417910447761,26,5,76.14,14,0.6149253731343284
Brendon Lewis,4429149,Memphis,American Athletic,Season,253,368,2673,7.263586956521739,16,7,62.75489130434784,14,0.6875
Brennan Myer,5226265,Bryant,CAA,Season,103,180,1193,6.627777777777778,7,7,,5,0.5722222222222222
Brinley Vandiver,5222937,Miles,SIAC,Season,42,67,423,6.313432835820896,2,0,,5,0.6268656716417911
Broc Lowry,5074245,Western Michigan,Mid-American,Season,166,262,1803,6.8816793893129775,9,3,50.6202290076336,15,0.6335877862595419
Brock Riddle,5227733,Indiana State,MVFC,Season,23,52,293,5.634615384615385,3,3,,9,0.4423076923076923
Bronson Barben,5224562,Utah Tech,UAC,Season,169,288,1682,5.840277777777778,6,12,,13,0.5868055555555556
Bronson Barron,4697131,Southern Utah,UAC,Season,173,263,2135,8.11787072243346,11,4,,13,0.6577946768060836
Bryce Patterson,5084352,Morehead State,Pioneer,Season,43,79,533,6.746835443037975,2,4,,7,0.5443037974683544
Bryce Schondelmyer,5154881,Dayton,Pioneer,Season,106,158,1398,8.848101265822784,16,0,,8,0.6708860759493671
Bryce Underwood,5141741,Michigan,Big Ten,Season,202,335,2428,7.2477611940298505,11,9,66.06686567164178,14,0.6029850746268657
Bryson Barnes,4695600,Utah State,Mountain West,Season,211,356,2802,7.870786516853933,18,5,53.71235955056179,14,0.5926966292134831
Byrd Ficklin,5294263,Utah,Big 12,Season,10,22,140,6.363636363636363,2,0,74.3,9,0.45454545454545453
Byron McNair,5298787,Tennessee State,Big South-OVC,Season,151,240,1546,6.441666666666666,9,5,,13,0.6291666666666667
Byrum Brown,4880272,South Florida,American Athletic,Season,226,341,3158,9.260997067448681,28,7,69.69677419354838,14,0.6627565982404692
C.J. Carr,5079369,Notre Dame,FBS Independents,Season,195,293,2741,9.35494880546075,24,6,75.03515358361776,14,0.6655290102389079
CJ Bailey,5079301,NC State,ACC,Season,273,397,3105,7.821158690176323,25,9,69.71586901763224,14,0.6876574307304786
Cade Klubnik,4685413,Clemson,ACC,Season,257,392,2943,7.50765306122449,16,6,54.82551020408164,14,0.6556122448979592
Cade McNamara,4427455,East Tennessee State,Southern,Season,123,184,1292,7.021739130434782,7,6,,9,0.6684782608695652
Caden Creel,5122157,Jacksonville State,Conference USA,Season,127,208,1482,7.125,9,4,49.75,15,0.6105769230769231
Caden Pinnick,5226019,UC Davis,Big Sky,Season,211,304,2804,9.223684210526315,29,9,,15,0.694078947368421
Caden Veltkamp,4869991,Florida Atlantic,American Athletic,Season,345,514,3652,7.1050583657587545,24,17,53.880739299610894,14,0.6712062256809338
Cal Swanson,5075592,Holy Cross,Patriot,Season,86,163,1021,6.263803680981595,5,5,,6,0.5276073619631901
Cale Hellums,5150297,Army,American Athletic,Season,36,58,480,8.275862068965518,4,1,55.186206896551724,14,0.6206896551724138
Caleb Koger,5152064,Central Arkansas,UAC,Season,24,38,326,8.578947368421053,4,3,,13,0.631578947368421
Caleb Sanchez,5224816,Columbia,Ivy,Season,37,72,416,5.777777777777778,2,1,,9,0.5138888888888888
Cam Fancher,4700135,UCF,Big 12,Season,41,72,333,4.625,0,0,55.03333333333333,7,0.5694444444444444
Cam Ransom,4565189,Bethune-Cookman,SWAC,Season,132,207,1730,8.357487922705314,13,5,,12,0.6376811594202898
Cam'Ron McCoy,4917305,Southern,SWAC,Season,48,100,657,6.57,5,2,,14,0.48
Camden Orth,4577962,Chattanooga,Southern,Season,123,218,1654,7.587155963302752,13,9,,10,0.5642201834862385
Cameran Brown,5193926,Georgia State,Sun Belt,Season,116,180,1245,6.916666666666667,13,1,62.10611111111111,13,0.6444444444444445
Cameron Peters,5227681,Prairie View A&M,SWAC,Season,181,285,2735,9.596491228070175,21,7,,15,0.6350877192982456
Cardell Williams,4872721,Sacramento State,Big Sky,Season,110,175,1621,9.262857142857143,10,7,,13,0.6285714285714286
Carlos Del Rio-Wilson,4432691,Marshall,Sun Belt,Season,169,253,2033,8.035573122529645,17,5,57.717786561264816,14,0.6679841897233202
Caron Tyler,5157537,Valparaiso,Pioneer,Season,40,62,400,6.451612903225806,2,2,,8,0.6451612903225806
Carson Beck,4430841,Miami,ACC,Season,338,468,3813,8.147435897435898,30,12,79.19935897435899,14,0.7222222222222222
Carson Camp,4695784,SE Louisiana,Southland,Season,142,226,1794,7.938053097345133,14,7,,14,0.6283185840707964
Carson Conklin,4920192,Fresno State,Mountain West,Season,47,96,354,3.6875,1,2,20.303124999999998,12,0.4895833333333333
Carter Cravens,4876865,Morehead State,Pioneer,Season,149,235,1863,7.927659574468085,11,6,,13,0.6340425531914894
Carter Jones,5205097,Nevada,Mountain West,Season,111,172,1001,5.819767441860465,6,8,41.06220930232558,14,0.6453488372093024
Carter Peevy,4692052,Maine,CAA,Season,200,338,2234,6.609467455621302,17,7,,13,0.591715976331361
Carter Smith,5141687,Wisconsin,Big Ten,Season,26,46,201,4.369565217391305,2,1,42.05652173913043,14,0.5652173913043478
Casey Bullock,5224535,Davidson,Pioneer,Season,21,35,198,5.6571428571428575,0,1,,4,0.6
Casey Case,4566381,Stony Brook,CAA,Season,11,22,101,4.590909090909091,0,0,,8,0.5
Cason Carswell,5299364,Western Illinois,Big South-OVC,Season,187,307,2054,6.690553745928339,16,3,,13,0.6091205211726385
Chandler Morris,4692530,Virginia,ACC,Season,282,436,3000,6.8807339449541285,16,9,63.32339449541284,15,0.6467889908256881
Chandler Wilson,5168665,VMI,Southern,Season,24,51,199,3.9019607843137254,1,1,,12,0.47058823529411764
Charlie Gilliam,5077059,Samford,Southern,Season,24,40,251,6.275,1,5,,10,0.6
Chase Altis,5308950,Greensboro,USA South,Season,21,36,208,5.777777777777778,0,2,,4,0.5833333333333334
Chase Goodwin,5154125,Columbia,Ivy,Season,109,205,1262,6.15609756097561,9,9,,13,0.5317073170731708
Chase Jenkins,4986096,Rice,American Athletic,Season,118,169,992,5.8698224852071,9,2,41.932544378698225,14,0.6982248520710059
Chase Mason,5085784,South Dakota State,MVFC,Season,146,224,2021,9.022321428571429,15,4,,15,0.6517857142857143
Chase Spellman,5225940,Drake,Pioneer,Season,38,56,489,8.732142857142858,2,2,,7,0.6785714285714286
Chris Dietrich,5147067,Bucknell,Patriot,Season,79,122,875,7.172131147540983,9,4,,11,0.6475409836065574
Chris Howell,5159288,Long Island University,NEC,Season,26,61,278,4.557377049180328,1,4,,6,0.4262295081967213
Chris Irvin,4880758,Western Illinois,Big South-OVC,Season,59,121,659,5.446280991735537,5,3,,5,0.48760330578512395
Chris Parson,4870889,Austin Peay,UAC,Season,182,288,2673,9.28125,21,5,,13,0.6319444444444444
Chris Stephenson,5161159,Stetson,Pioneer,Season,51,96,446,4.645833333333333,2,4,,13,0.53125
Christian Burks,5166450,Savannah State,SIAC,Season,11,21,116,5.523809523809524,0,1,,6,0.5238095238095238
Christian Peters,5303362,Arkansas-Pine Bluff,SWAC,Season,162,289,1924,6.657439446366782,12,9,,11,0.5605536332179931
Christian Veilleux,4432612,Georgia State,Sun Belt,Season,41,86,513,5.965116279069767,3,3,39.70348837209302,14,0.47674418604651164
Christopher Perkins,5306893,Elizabeth City State,CIAA,Season,19,30,188,6.266666666666667,1,0,,2,0.6333333333333333
Christopher Vizzina,4899369,Clemson,ACC,Season,44,68,408,6.0,4,0,41.09117647058823,13,0.6470588235294118
Christopher Zellous,4884392,Stony Brook,CAA,Season,111,178,1246,7.0,7,5,,8,0.6235955056179775
Chubba Purdy,4430836,Nevada,Mountain West,Season,43,80,574,7.175,3,6,31.31875,11,0.5375
Cobey Thompkins,5230073,The Citadel,Southern,Season,27,44,460,10.454545454545455,4,1,,11,0.6136363636363636
Cole Gonzales,5089540,Pittsburgh,ACC,Season,11,21,118,5.619047619047619,1,1,18.985714285714288,5,0.5238095238095238
Cole Lacrue,5113896,Eastern Illinois,Big South-OVC,Season,79,144,819,5.6875,4,6,,12,0.5486111111111112
Cole Michael Francis,5310002,Texas Wesleyan,,Season,15,31,217,7.0,0,2,,4,0.4838709677419355
Cole Payton,4879250,North Dakota State,MVFC,Season,162,225,2719,12.084444444444445,16,4,,15,0.72
Cole Pennington,4869817,Gardner-Webb,Big South-OVC,Season,123,200,1562,7.81,7,4,,13,0.615
Colin Parachek,5084348,UAlbany,CAA,Season,32,71,308,4.338028169014085,1,2,,6,0.4507042253521127
Collin Hurst,5157481,Presbyterian,Pioneer,Season,198,289,2704,9.356401384083044,26,11,,13,0.6851211072664359
Collin Shannon,5083941,VMI,Southern,Season,147,268,1982,7.395522388059701,13,5,,10,0.5485074626865671
Colt Michael,5304346,McKendree,Great Lakes,Season,7,24,63,2.625,0,2,,1,0.2916666666666667
Colton FitzGerald,4880196,West Georgia,UAC,Season,22,48,304,6.333333333333333,1,1,,7,0.4583333333333333
Colton Joseph,5125715,Old Dominion,Sun Belt,Season,173,288,2619,9.09375,21,10,65.80937499999999,14,0.6006944444444444
Conner Harrell,4801306,Charlotte,American Athletic,Season,64,96,737,7.677083333333333,4,2,39.567708333333336,4,0.6666666666666666
Conner Kenyon,5105336,Rhode Island,CAA,Season,21,32,258,8.0625,2,0,,13,0.65625
Conner Weigman,4685574,Houston,Big 12,Season,232,356,2705,7.598314606741573,25,9,64.49522471910113,14,0.651685393258427
Connor Wolf,5225271,Eastern Illinois,Big South-OVC,Season,85,144,1059,7.354166666666667,8,4,,13,0.5902777777777778
Cooper Panteck,5298328,Robert Morris,NEC,Season,46,95,601,6.326315789473684,2,4,,13,0.4842105263157895
Cornelious Brown,4568411,Alabama A&M,SWAC,Season,81,125,1060,8.48,7,1,,6,0.648
Coulter Cleland,5085644,Davidson,Pioneer,Season,178,319,2117,6.636363636363637,20,11,,13,0.5579937304075235
Cutter Boley,5141378,Kentucky,SEC,Season,197,298,2122,7.120805369127517,15,12,60.312416107382546,14,0.6610738255033557
Czavian Teasett,5156292,Grambling,SWAC,Season,111,191,1206,6.31413612565445,10,5,,9,0.581151832460733
D'Wayne' Winfield,4871091,Louisiana,Sun Belt,Season,126,214,1550,7.242990654205608,11,7,50.31869158878505,14,0.5887850467289719
D.C. Tabscott,4682642,North Alabama,UAC,Season,16,39,218,5.589743589743589,2,4,,12,0.41025641025641024
D.J. Lagway,5079555,Florida,SEC,Season,213,337,2264,6.718100890207715,16,14,56.64421364985163,14,0.6320474777448071
DJ Ralph,5086597,Chadron State,Rocky Mountain,Season,20,33,228,6.909090909090909,0,1,,1,0.6060606060606061
DJ Smith,5300315,Mercer,Southern,Season,22,36,154,4.277777777777778,1,1,,1,0.6111111111111112
DJ Williams,4697094,Southern Illinois,MVFC,Season,221,352,2846,8.085227272727273,22,5,,13,0.6278409090909091
Damien Mazil,5100516,Wagner,NEC,Season,17,35,90,2.5714285714285716,0,0,,13,0.4857142857142857
Daniel Beale,5146661,Louisiana,Sun Belt,Season,42,84,385,4.583333333333333,1,4,18.910714285714285,5,0.5
Daniel Greek,4587721,Tarleton State,UAC,Season,46,66,749,11.348484848484848,6,1,,12,0.696969696969697
Daniel Kaelin,5126471,Virginia,ACC,Season,29,51,335,6.568627450980392,0,1,28.488235294117647,11,0.5686274509803921
Danny Lauter,5086156,Georgetown,Patriot,Season,52,85,618,7.270588235294118,5,1,,3,0.611764705882353
Danny O'Neil,5126474,Wisconsin,Big Ten,Season,60,85,640,7.529411764705882,5,5,37.815294117647056,4,0.7058823529411765
Dante Moore,4870921,Oregon,Big Ten,Season,296,412,3565,8.652912621359222,30,10,75.00728155339807,14,0.7184466019417476
Dante Reno,5079683,Yale,Ivy,Season,206,318,2498,7.855345911949685,21,10,,15,0.6477987421383647
Darian Mensah,5121169,Duke,ACC,Season,334,500,3973,7.946,34,6,73.43539999999999,15,0.668
Darius Curry,5122401,Colorado State,Mountain West,Season,70,107,740,6.91588785046729,5,7,33.986915887850465,13,0.6542056074766355
Darryl Overstreet Jr.,5222060,Upper Iowa,Great Lakes,Season,15,26,174,6.6923076923076925,1,1,,1,0.5769230769230769
Davin Wydner,4836476,West Georgia,UAC,Season,148,263,1672,6.357414448669202,15,8,,12,0.5627376425855514
Davis Harsin,5224050,Idaho State,Big Sky,Season,36,62,482,7.774193548387097,7,2,,7,0.5806451612903226
Dean DeNobile,5083847,Lafayette,Patriot,Season,223,347,2528,7.285302593659942,19,7,,13,0.6426512968299711
Demond Williams Jr.,5079653,Washington,Big Ten,Season,246,354,3065,8.658192090395481,25,8,71.26610169491526,14,0.6949152542372882
Denim Johnson,5233054,Kentucky State,SIAC,Season,15,24,146,6.083333333333333,1,0,,3,0.625
Dequan Finn,4427191,Miami (OH),Mid-American,Season,106,181,1451,8.01657458563536,9,6,58.529281767955794,11,0.585635359116022
Derek Robertson,4696065,Monmouth,CAA,Season,189,265,2439,9.20377358490566,27,5,,8,0.7132075471698113
Deshawn Purdie,5138131,Wake Forest,ACC,Season,36,70,540,7.714285714285714,5,2,44.52,11,0.5142857142857142
Destin Wade,4685698,North Alabama,UAC,Season,92,181,1188,6.56353591160221,10,4,,11,0.5082872928176796
Deuce Bailey,5296439,Missouri State,Conference USA,Season,23,47,335,7.127659574468085,2,0,24.39148936170213,7,0.48936170212765956
Deuce Hogan,4429191,Nicholls,Southland,Season,119,196,1038,5.295918367346939,4,5,,8,0.6071428571428571
Deuce Knight,5141506,Auburn,SEC,Season,17,25,259,10.36,2,0,82.76,13,0.68
Devin Farrell,4715345,Rhode Island,CAA,Season,267,410,3746,9.136585365853659,24,8,,15,0.651219512195122
Devin Lippold,5226368,McNeese,Southland,Season,11,23,69,3.0,1,1,,13,0.4782608695652174
Devin Page,5155373,Cornell,Ivy,Season,32,63,357,5.666666666666667,3,5,,5,0.5079365079365079
Devon Dampier,5105849,Utah,Big 12,Season,212,334,2490,7.455089820359281,24,5,76.28922155688623,14,0.6347305389221557
Dewayne Coleman,5082125,Army,American Athletic,Season,18,32,266,8.3125,2,2,41.803125,5,0.5625
Dexter Williams II,4565355,Kennesaw State,Conference USA,Season,64,121,709,5.859504132231405,5,3,47.376033057851245,12,0.5289256198347108
Dez Thomas II,5172415,Georgetown,Patriot,Season,127,219,1399,6.3881278538812785,8,9,,13,0.5799086757990868
Diego Pavia,5084180,Vanderbilt,SEC,Season,267,378,3539,9.362433862433862,29,8,84.60343915343915,14,0.7063492063492064
Dijon Jennings,4913758,Weber State,Big Sky,Season,97,146,794,5.438356164383562,3,5,,12,0.6643835616438356
Dom Nankil,5165884,San Diego,Pioneer,Season,156,246,1941,7.890243902439025,13,3,,13,0.6341463414634146
Dominic Campanile,5299278,Holy Cross,Patriot,Season,53,88,514,5.840909090909091,1,1,,13,0.6022727272727273
Donnie Smith,5305539,Northeastern State,Independent DII,Season,18,35,222,6.3428571428571425,2,2,,3,0.5142857142857142
Drake Lindsey,5144959,Minnesota,Big Ten,Season,246,389,2382,6.123393316195373,18,6,58.66786632390745,14,0.6323907455012854
Drew Allar,4714771,Penn State,Big Ten,Season,103,159,1100,6.918238993710692,8,3,52.66415094339623,7,0.6477987421383647
Drew Forkner,5231607,Saint Anselm,Northeast 10,Season,7,23,55,2.391304347826087,1,0,,2,0.30434782608695654
Drew Mestemaker,5219834,North Texas,American Athletic,Season,319,465,4369,9.395698924731184,34,9,67.75462365591399,15,0.6860215053763441
Drew Pyne,4429088,Bowling Green,Mid-American,Season,94,151,882,5.841059602649007,4,5,33.74834437086093,10,0.6225165562913907
Drew VanVleet,5156751,Dayton,Pioneer,Season,43,73,524,7.178082191780822,5,3,,12,0.589041095890411
Dru Deshields,5119841,Kent State,Mid-American,Season,136,240,2030,8.458333333333334,18,3,42.05708333333333,14,0.5666666666666667
Dylan Hair,5305767,Truman State,Great Lakes,Season,14,31,221,7.129032258064516,3,0,,2,0.45161290322580644
Dylan Lonergan,4870900,Boston College,ACC,Season,188,282,2017,7.152482269503546,12,5,56.3741134751773,12,0.6666666666666666
Dylan Raiola,5079572,Nebraska,Big Ten,Season,181,250,2000,8.0,18,6,66.50679999999998,10,0.724
E.J. Warner,4916436,Fresno State,Mountain West,Season,192,277,2030,7.328519855595668,13,11,54.73574007220217,14,0.6931407942238267
EJ Colson,5141395,Incarnate Word,Southland,Season,209,295,2129,7.216949152542373,16,4,,12,0.7084745762711865
Ean Rodrigue,5164893,Nicholls,Southland,Season,83,125,909,7.272,6,1,,13,0.664
Earl Woods,5104573,Hampton,CAA,Season,30,43,250,5.813953488372093,1,1,,13,0.6976744186046512
Eddie Lee Marburger,4683012,UT Rio Grande Valley,Southland,Season,198,304,2731,8.983552631578947,31,7,,13,0.6513157894736842
Eian Roudebush,5223337,Hanover,Heartland,Season,17,26,109,4.1923076923076925,1,0,,3,0.6538461538461539
Eli Anderson,5302454,Northwestern State,Southland,Season,25,46,274,5.956521739130435,2,1,,13,0.5434782608695652
Eli Holstein,4870819,Pittsburgh,ACC,Season,75,120,1073,8.941666666666666,12,5,55.63583333333334,12,0.625
Elijah Brown,5079318,Stanford,ACC,Season,74,127,829,6.52755905511811,4,2,44.99055118110237,14,0.5826771653543307
Elijah Owens,5155321,Indiana State,MVFC,Season,28,37,317,8.567567567567568,3,1,,2,0.7567567567567568
Eric Gibson Jr.,5300801,Northern Colorado,Big Sky,Season,230,352,2493,7.082386363636363,11,11,,13,0.6534090909090909
Eric Handley,5225612,Alabama A&M,SWAC,Season,129,221,1328,6.009049773755656,8,6,,13,0.583710407239819
Eric Rodriguez,5093929,East Texas A&M,Southland,Season,122,204,1399,6.857843137254902,11,8,,13,0.5980392156862745
Ethan Cash,5304840,BLUEFIELD,,Season,13,26,75,2.8846153846153846,0,2,,4,0.5
Ethan Coady,5299564,Pace,Northeast 10,Season,15,26,232,8.923076923076923,1,1,,6,0.5769230769230769
Ethan Drumm,5203716,Wofford,Southern,Season,18,41,279,6.804878048780488,3,0,,3,0.43902439024390244
Ethan Greenwood,5095771,Long Island University,NEC,Season,51,89,645,7.247191011235955,3,3,,13,0.5730337078651685
Ethan Grunkemeyer,5144078,Penn State,Big Ten,Season,122,176,1320,7.5,7,4,74.25568181818181,14,0.6931818181818182
Ethan Vasko,4832918,Liberty,Conference USA,Season,151,266,1961,7.37218045112782,10,12,44.59360902255639,13,0.5676691729323309
Evan Bullock,5076949,Louisiana Tech,Conference USA,Season,26,46,243,5.282608695652174,0,2,17.68695652173913,12,0.5652173913043478
Evan Simon,4431387,Temple,American Athletic,Season,190,314,2098,6.681528662420382,25,2,58.65318471337579,14,0.6050955414012739
Fernando Mendoza,4837248,Indiana,Big Ten,Season,273,379,3535,9.327176781002638,41,6,85.36226912928758,15,0.7203166226912929
Frankie Weaver,5226663,Monmouth,CAA,Season,101,154,1331,8.642857142857142,14,3,,13,0.6558441558441559
Gabarri Johnson,4870864,Oregon State,Pac-12,Season,58,92,487,5.293478260869565,2,3,20.155434782608694,12,0.6304347826086957
Gabe Downing,5152778,Portland State,Big Sky,Season,15,26,140,5.384615384615385,0,2,,13,0.5769230769230769
Gabe Passini,5224468,Butler,Pioneer,Season,19,33,223,6.757575757575758,2,2,,13,0.5757575757575758
Garrett Bass-Sulpizio,5154161,Cornell,Ivy,Season,186,287,1860,6.480836236933798,6,5,,13,0.6480836236933798
Garrett Nussmeier,4567747,LSU,SEC,Season,194,288,1927,6.690972222222222,12,5,59.98506944444445,11,0.6736111111111112
Garrison Davis,5303364,Arkansas-Pine Bluff,SWAC,Season,13,20,86,4.3,0,0,,13,0.65
Gaston Moore,4697122,South Florida,American Athletic,Season,28,39,270,6.923076923076923,1,2,50.00512820512821,4,0.717948717948718
Gavin Rupp,4880458,Stetson,Pioneer,Season,17,26,217,8.346153846153847,1,3,,11,0.6538461538461539
Gavin Rutherford,5169036,Stephen F. Austin,Southland,Season,41,71,399,5.619718309859155,4,2,,12,0.5774647887323944
Gavin Wimsatt,4893657,Jacksonville State,Conference USA,Season,58,104,576,5.538461538461538,2,2,45.190384615384616,5,0.5576923076923077
Gevani McCoy,4887446,Temple,American Athletic,Season,19,26,207,7.961538461538462,2,0,40.349999999999994,14,0.7307692307692307
Giovanni Lopez,4920227,North Carolina,ACC,Season,170,261,1747,6.693486590038314,10,5,53.953639846743286,14,0.6513409961685823
Grant Harper,4698250,UC Davis,Big Sky,Season,18,39,255,6.538461538461538,3,2,,9,0.46153846153846156
Grant Jordan,4883110,Massachusetts,Mid-American,Season,61,108,589,5.453703703703703,3,2,29.112962962962964,14,0.5648148148148148
Grayson James,4567707,Boston College,ACC,Season,87,149,1196,8.026845637583893,7,5,59.84630872483222,14,0.5838926174496645
Grayson Loftis,4915837,Charlotte,American Athletic,Season,128,231,1415,6.125541125541125,8,8,23.846320346320347,14,0.5541125541125541
Grayson Saunier,5155398,Dartmouth,Ivy,Season,183,279,2142,7.67741935483871,9,7,,13,0.6559139784946236
Griffin Scalf,5304707,Thomas More,Great Midwest Athletic,Season,31,55,224,4.072727272727272,0,3,,2,0.5636363636363636
Gunnar Gray,5151366,Buffalo,Mid-American,Season,28,51,228,4.470588235294118,2,1,15.86470588235294,12,0.5490196078431373
Gunnar Smith,4812381,Fordham,Patriot,Season,243,429,2680,6.247086247086247,14,13,,13,0.5664335664335665
Gunner Chenier,5226398,Stetson,Pioneer,Season,22,39,155,3.9743589743589745,1,2,,9,0.5641025641025641
Gunner Stockton,4685578,Georgia,SEC,Season,269,386,2894,7.4974093264248705,24,5,79.52538860103628,15,0.6968911917098446
Hamas Duren,5307883,Lincoln (PA),CIAA,Season,19,34,191,5.617647058823529,2,0,,2,0.5588235294117647
Hank Brown,5089314,Iowa,Big Ten,Season,10,20,103,5.15,1,1,44.375,5,0.5
Hayden Benoit,5306457,Grambling,SWAC,Season,53,98,674,6.877551020408164,6,3,,14,0.5408163265306123
Hayden Johnson,5225902,Lehigh,Patriot,Season,175,281,2511,8.935943060498222,18,6,,15,0.6227758007117438
Haynes King,4428993,Georgia Tech,ACC,Season,252,361,2951,8.174515235457063,14,6,74.28033240997232,14,0.6980609418282548
Henry Hesson,4701307,Miami (OH),Mid-American,Season,39,96,596,6.208333333333333,4,3,22.757291666666664,15,0.40625
Hunter Najm,5221382,Bowling Green,Mid-American,Season,31,62,443,7.145161290322581,5,4,39.167741935483875,14,0.5
Hunter Simmons,4878912,Wisconsin,Big Ten,Season,58,111,631,5.684684684684685,2,7,30.426126126126128,14,0.5225225225225225
Hunter Watson,5220424,Sam Houston,Conference USA,Season,104,182,1108,6.087912087912088,5,4,34.40714285714286,10,0.5714285714285714
Isaac Lee,5231037,Western Carolina,Southern,Season,30,50,263,5.26,2,2,,3,0.6
Isaiah Freeman,5098448,Hampton,CAA,Season,35,67,343,5.119402985074627,3,2,,4,0.5223880597014925
Isaiah Knowles,4880668,Albany State,SIAC,Season,17,31,201,6.483870967741935,1,0,,3,0.5483870967741935
Israel Carter,4923050,Norfolk State,MEAC,Season,15,25,109,4.36,0,1,,5,0.6
J.J. Kohl,4870883,App State,Sun Belt,Season,131,212,1429,6.740566037735849,12,2,51.49528301886792,14,0.6179245283018868
JC French,4685345,Georgia Southern,Sun Belt,Season,249,390,2924,7.4974358974358974,20,8,53.403076923076924,14,0.6384615384615384
JD Davis II,5220153,Alabama A&M,SWAC,Season,17,31,211,6.806451612903226,2,3,,10,0.5483870967741935
JT Fayard,5156255,Wofford,Southern,Season,139,207,1471,7.106280193236715,13,3,,13,0.6714975845410628
JaCobian Morgan,4612078,Jackson State,SWAC,Season,92,153,1179,7.705882352941177,10,2,,15,0.6013071895424836
Jabari Ruise,5306370,Virginia Lynchburg,,Season,17,36,216,6.0,1,2,,11,0.4722222222222222
Jack Henry,5227810,South Dakota State,MVFC,Season,57,104,595,5.721153846153846,4,6,,13,0.5480769230769231
Jack Johnson,5225715,Georgetown,Patriot,Season,17,38,167,4.394736842105263,1,1,,13,0.4473684210526316
Jack Layne,5083171,New Mexico,Mountain West,Season,213,327,2486,7.602446483180428,13,10,51.731192660550455,14,0.6513761467889908
Jack O'Connell,5106897,Stonehill,NEC,Season,192,316,1838,5.8164556962025316,14,6,,13,0.6075949367088608
Jack Shields,4881352,UAlbany,CAA,Season,158,304,1853,6.095394736842105,13,9,,13,0.5197368421052632
Jack Snyder,5225700,Sacred Heart,FCS Independents,Season,161,228,1797,7.881578947368421,10,3,,13,0.706140350877193
Jack Stevens,5227302,Wagner,NEC,Season,69,113,492,4.353982300884955,2,8,,11,0.6106194690265486
Jack Wagner,5165112,Idaho,Big Sky,Season,29,45,324,7.2,2,3,,8,0.6444444444444445
Jackson Akins,5223904,Cal Poly,Big Sky,Season,18,38,228,6.0,1,4,,4,0.47368421052631576
Jackson Arnold,4870607,Auburn,SEC,Season,134,212,1294,6.10377358490566,6,2,58.68679245283019,13,0.6320754716981132
Jackson Brousseau,5054036,Colorado State,Mountain West,Season,128,201,1354,6.736318407960199,9,3,44.085074626865676,14,0.6368159203980099
Jackson Gilkey,5105334,Weber State,Big Sky,Season,59,115,693,6.026086956521739,4,9,,5,0.5130434782608696
Jackson Wasik,5305243,Kentucky Christian,,Season,15,25,243,9.72,3,0,,4,0.6
Jacob Clark,4569535,Missouri State,Conference USA,Season,247,376,3244,8.627659574468085,28,11,54.23164893617021,14,0.6569148936170213
Jacob Conover,4696561,Utah State,Mountain West,Season,24,38,323,8.5,4,0,65.3157894736842,11,0.631578947368421
Jacolby Criswell,4429463,East Tennessee State,Southern,Season,85,138,1130,8.18840579710145,9,2,,13,0.6159420289855072
Jaden Craig,5083569,Harvard,Ivy,Season,204,331,2829,8.546827794561933,25,7,,14,0.6163141993957704
Jaden Keefner,5157426,Bryant,CAA,Season,67,128,821,6.4140625,4,3,,11,0.5234375
Jaden Rashada,4870909,Sacramento State,Big Sky,Season,14,38,155,4.078947368421052,0,1,,5,0.3684210526315789
Jake Mcnamara,4868460,East Tennessee State,Southern,Season,25,37,305,8.243243243243244,2,1,,11,0.6756756756756757
Jake Merklinger,5079531,Tennessee,SEC,Season,12,22,175,7.954545454545454,2,0,58.38181818181818,4,0.5454545454545454
Jake Retzlaff,5150611,Tulane,American Athletic,Season,242,391,3168,8.10230179028133,15,7,67.34398976982098,15,0.618925831202046
Jake Schakel,5146672,Eastern Washington,Big Sky,Season,105,152,997,6.559210526315789,4,3,,12,0.6907894736842105
Jake Stearney,5089309,Colgate,Patriot,Season,171,301,2096,6.9634551495016614,18,6,,12,0.5681063122923588
Jake Strong,4915622,McNeese,Southland,Season,164,278,2008,7.223021582733813,11,13,,12,0.5899280575539568
Jake Weir,4880516,Houston Christian,Southland,Season,96,195,879,4.507692307692308,2,6,,13,0.49230769230769234
Jake Wolfe,5227166,Robert Morris,NEC,Season,14,30,183,6.1,1,0,,12,0.4666666666666667
Jalen Kitna,4565187,UAB,American Athletic,Season,223,337,2462,7.3056379821958455,13,11,47.162611275964395,14,0.6617210682492581
Jalon Daniels,4596472,Kansas,Big 12,Season,198,319,2504,7.849529780564263,22,7,64.17711598746081,14,0.6206896551724138
James Murphy,5155943,Brown,Ivy,Season,245,362,2784,7.69060773480663,18,14,,13,0.6767955801104972
Jameson Holcomb,5082571,Valdosta State,Gulf South,Season,21,31,144,4.645161290322581,0,0,,7,0.6774193548387096
Jamir Dismukes,5303671,Allen,SIAC,Season,26,38,309,8.131578947368421,2,0,,1,0.6842105263157895
Jared Lockhart,5298925,Jackson State,SWAC,Season,76,112,1208,10.785714285714286,8,3,,15,0.6785714285714286
Jared Taylor,5152118,Eastern Washington,Big Sky,Season,40,78,344,4.410256410256411,0,0,,5,0.5128205128205128
Jaron-Keawe Sagapolutele,5164313,California,ACC,Season,315,491,3446,7.018329938900203,18,9,55.38411405295315,14,0.6415478615071283
Jarrin Alley,5224464,Butler,Pioneer,Season,28,49,252,5.142857142857143,0,2,,4,0.5714285714285714
Jase Bauer,4709012,UT Martin,Big South-OVC,Season,205,288,2002,6.951388888888889,10,2,,13,0.7118055555555556
Jax Leatherwood,5027925,Southeast Missouri State,Big South-OVC,Season,174,277,1969,7.108303249097473,12,2,,11,0.628158844765343
Jaxon Dailey,4826635,Northern Iowa,MVFC,Season,65,106,819,7.726415094339623,7,4,,13,0.6132075471698113
Jaxon Potter,5091836,Washington State,Pac-12,Season,67,95,604,6.3578947368421055,4,3,43.26631578947369,3,0.7052631578947368
Jay Carney Iii,5309565,Lincoln (CA),Independent DII,Season,14,33,158,4.787878787878788,0,2,,8,0.42424242424242425
Jayden Denegal,4685311,San Diego State,Mountain West,Season,143,244,1810,7.418032786885246,9,8,38.667213114754105,14,0.5860655737704918
Jayden Maiava,4685454,USC,Big Ten,Season,265,403,3711,9.208436724565757,24,10,82.09305210918114,14,0.6575682382133995
Jayden Sauray,4685542,Delaware State,MEAC,Season,27,49,394,8.040816326530612,1,2,,13,0.5510204081632653
Jayden Whitaker,5301990,Wofford,Southern,Season,35,71,469,6.605633802816901,2,1,,6,0.49295774647887325
Jaylen Raynor,5080403,Arkansas State,Sun Belt,Season,332,500,3364,6.728,19,11,51.03419999999999,14,0.664
Jaylon Tolbert,4878822,Alcorn State,SWAC,Season,207,325,2094,6.443076923076923,14,7,,13,0.6369230769230769
Jeff Hoenstine,5155100,Saint Francis,NEC,Season,18,26,167,6.423076923076923,2,0,,12,0.6923076923076923
Jeff Sims,4429066,Arizona State,Big 12,Season,105,188,1261,6.707446808510638,10,6,64.63829787234043,14,0.5585106382978723
Jeremiah Johnson,5234877,Warner,,Season,12,25,94,3.76,0,0,,2,0.48
Jerry Kaminski,5155528,North Dakota,MVFC,Season,223,382,2570,6.727748691099476,26,12,,15,0.5837696335078534
Jett Peddy,5301816,Florida A&M,SWAC,Season,21,47,258,5.48936170212766,0,4,,7,0.44680851063829785
Jim Ogle,5193343,Murray State,MVFC,Season,165,276,1767,6.4021739130434785,9,13,,10,0.5978260869565217
Joe Fagnano,4429582,UConn,FBS Independents,Season,284,412,3441,8.351941747572816,28,1,68.3497572815534,13,0.6893203883495146
Joe Pesansky,4879058,Florida International,Conference USA,Season,89,159,1021,6.421383647798742,11,7,41.19056603773585,13,0.559748427672956
Joey Aguilar,5151948,Tennessee,SEC,Season,272,404,3565,8.824257425742575,24,10,72.88019801980198,14,0.6732673267326733
Joey Labas,4683291,Central Michigan,Mid-American,Season,145,204,1782,8.735294117647058,13,6,44.68480392156862,14,0.7107843137254902
John Alan Richter,5082330,Toledo,Mid-American,Season,15,23,139,6.043478260869565,3,1,57.53478260869566,3,0.6521739130434783
John Austin,5301655,North Alabama,UAC,Season,23,44,275,6.25,2,1,,13,0.5227272727272727
John Giller,5314167,Southern Connecticut State,Northeast 10,Season,16,26,244,9.384615384615385,2,1,,7,0.6153846153846154
John Mateer,4915980,Oklahoma,SEC,Season,247,397,2885,7.267002518891688,14,11,66.93400503778338,14,0.6221662468513854
John Michalski,5165911,Sacred Heart,FCS Independents,Season,13,27,132,4.888888888888889,0,1,,2,0.48148148148148145
John-Keawe Sagapolutele,5075571,Portland State,Big Sky,Season,148,261,1623,6.218390804597701,4,16,,13,0.5670498084291188
Johnny Weber,5225743,Southeast Missouri State,Big South-OVC,Season,106,179,1110,6.201117318435754,8,5,,13,0.5921787709497207
Jonathan Palmer,5231101,Tennessee State,Big South-OVC,Season,47,88,420,4.7727272727272725,1,6,,12,0.5340909090909091
Jordan Barton,5225837,Wagner,NEC,Season,51,85,522,6.141176470588236,4,3,,8,0.6
Jordan Cooke,5158746,Idaho State,Big Sky,Season,240,408,3052,7.480392156862745,16,9,,13,0.5882352941176471
Jordan Davis,5168808,Texas Southern,SWAC,Season,11,20,158,7.9,1,0,,13,0.55
Jordan McCarty,5161370,Western Oregon,Lone Star,Season,23,40,261,6.525,1,2,,3,0.575
Jordyn Potts,5153754,Eastern Kentucky,UAC,Season,10,25,107,4.28,1,0,,8,0.4
Joseph Filardi,5297026,Syracuse,ACC,Season,28,62,187,3.0161290322580645,0,3,9.083870967741936,14,0.45161290322580644
Josh Brown,5233879,Mississippi Valley State,SWAC,Season,117,206,1323,6.422330097087379,6,3,,10,0.5679611650485437
Josh Holst,5151506,Northern Illinois,Mid-American,Season,78,130,689,5.3,4,3,29.218461538461536,11,0.6
Josh Hoover,4685401,TCU,Big 12,Season,272,413,3472,8.40677966101695,29,13,69.15036319612591,14,0.6585956416464891
Josh Johnson,5223108,Air Force,Mountain West,Season,12,22,270,12.272727272727273,2,2,35.345454545454544,13,0.5454545454545454
Joshua Wood,4832830,Idaho,Big Sky,Season,152,260,1898,7.3,14,5,,13,0.5846153846153846
Julian Lewis,5159016,Colorado,Big 12,Season,50,90,581,6.455555555555556,4,0,44.94222222222223,13,0.5555555555555556
Julian Sayin,5079712,Ohio State,Big Ten,Season,301,391,3610,9.232736572890026,32,8,84.00179028132992,15,0.7698209718670077
Justin Lamson,4684502,Montana State,Big Sky,Season,235,330,2926,8.866666666666667,24,2,,15,0.7121212121212122
KJ Cooper,5232131,Texas Southern,SWAC,Season,151,244,1497,6.135245901639344,11,5,,12,0.6188524590163934
KJ Jackson,5079516,Arkansas,SEC,Season,27,46,332,7.217391304347826,2,0,85.61956521739131,14,0.5869565217391305
Kaden Anderson,4899468,Wyoming,Mountain West,Season,189,336,1971,5.866071428571429,12,10,32.25148809523809,14,0.5625
Kaden Rolfsness,5298171,Eastern Washington,Big Sky,Season,23,42,236,5.619047619047619,1,3,,13,0.5476190476190477
Kael Alexander,5226397,Stetson,Pioneer,Season,76,138,954,6.913043478260869,8,5,,13,0.5507246376811594
Kai Coln,5154491,Princeton,Ivy,Season,139,237,1699,7.168776371308017,9,6,,12,0.5864978902953587
Kaiden Bennett,4426688,Delaware State,MEAC,Season,117,202,1355,6.707920792079208,7,7,,13,0.5792079207920792
Kaidon Salter,4432803,Colorado,Big 12,Season,127,204,1414,6.931372549019608,10,7,65.56323529411765,14,0.6225490196078431
Kalieb Osborne,5079619,Toledo,Mid-American,Season,26,41,305,7.439024390243903,2,0,53.83170731707317,14,0.6341463414634146
Kamario Taylor,5177084,Mississippi State,SEC,Season,40,73,582,7.972602739726027,3,1,77.01232876712328,14,0.547945205479452
Kamden Sixkiller,5154962,Campbell,CAA,Season,224,357,2154,6.033613445378151,12,5,,13,0.6274509803921569
Katin Houser,4795295,East Carolina,American Athletic,Season,269,408,3300,8.088235294117647,19,6,60.37058823529411,14,0.6593137254901961
Keali'i Ah Yat,5153708,Montana,Big Sky,Season,304,440,3765,8.556818181818182,30,9,,15,0.6909090909090909
Keegan Patterson,5085026,Indiana State,MVFC,Season,124,217,1557,7.175115207373272,12,7,,13,0.5714285714285714
Kekoa Visperas,4876140,Tennessee Tech,Big South-OVC,Season,244,376,2780,7.3936170212765955,26,7,,14,0.648936170212766
Ken Seals,4431375,TCU,Big 12,Season,33,45,282,6.266666666666667,1,2,58.36666666666667,3,0.7333333333333333
Kenny Minchey,4918099,Notre Dame,FBS Independents,Season,16,22,124,5.636363636363637,0,0,86.46363636363635,14,0.7272727272727273
Kevin Jennings,5084084,SMU,ACC,Season,300,454,3641,8.019823788546255,26,13,60.97819383259911,14,0.6607929515418502
Kevin White,5164567,North Carolina A&T,CAA,Season,116,203,1516,7.467980295566503,7,6,,12,0.5714285714285714
Keyone Jenkins,5085337,Florida International,Conference USA,Season,164,263,1742,6.623574144486692,9,6,38.34372623574145,14,0.623574144486692
Khalil Wilkins,5158251,West Virginia,Big 12,Season,16,36,185,5.138888888888889,1,2,41.791666666666664,14,0.4444444444444444
Kiael Kelly,4431416,Ball State,Mid-American,Season,153,272,1560,5.735294117647059,10,8,30.660661764705885,14,0.5625
Kingston Tisdell,5304090,Weber State,Big Sky,Season,43,76,442,5.815789473684211,3,2,,13,0.5657894736842105
Kirk Francis,5151618,Tulsa,American Athletic,Season,53,88,493,5.6022727272727275,3,4,40.46363636363637,6,0.6022727272727273
Kobe Muasau,5227430,Morgan State,MEAC,Season,76,117,824,7.042735042735043,4,3,,6,0.6495726495726496
Kohl Meisman,5297558,West Liberty,Mountain East,Season,20,34,219,6.4411764705882355,1,2,,3,0.5882352941176471
Kyle Crum,4912062,San Diego State,Mountain West,Season,14,29,169,5.827586206896552,1,2,27.9,1,0.4827586206896552
Kyle Lowe,4685440,SE Louisiana,Southland,Season,75,110,854,7.763636363636364,8,3,,14,0.6818181818181818
Kyle Wickersham,4877890,Richmond,Patriot,Season,137,209,1352,6.4688995215311005,9,4,,13,0.6555023923444976
Kyron Drones,4678010,Virginia Tech,ACC,Season,178,315,1919,6.092063492063492,17,9,49.861269841269845,14,0.5650793650793651
Landen Clark,5224789,Elon,CAA,Season,155,277,2321,8.379061371841155,18,8,,13,0.5595667870036101
Landon Graves,5158127,UL Monroe,Sun Belt,Season,12,26,103,3.9615384615384617,1,2,39.8,9,0.46153846153846156
Landy Lyddy,4833635,Southern Miss,Sun Belt,Season,33,50,395,7.9,2,3,38.7,12,0.66
Landyn Locke,5148427,Sam Houston,Conference USA,Season,71,141,765,5.425531914893617,4,4,21.449645390070923,14,0.5035460992907801
Lanorris Sellers,4875127,South Carolina,SEC,Season,178,293,2437,8.31740614334471,13,8,58.41023890784983,14,0.6075085324232082
Liam O'Brien,5084404,Pennsylvania,Ivy,Season,211,314,2376,7.56687898089172,19,6,,13,0.6719745222929936
Liam Poronsky,5224637,Dayton,Pioneer,Season,30,49,326,6.653061224489796,3,1,,13,0.6122448979591837
Liam Szarka,5238868,Air Force,Mountain West,Season,71,115,1213,10.547826086956523,9,5,66.76434782608695,11,0.6173913043478261
Logan Fife,4605998,New Mexico State,Conference USA,Season,203,361,2232,6.1828254847645425,11,12,29.628254847645426,12,0.5623268698060941
Logan Inagawa,5298739,Drake,Pioneer,Season,109,163,1116,6.846625766871166,8,4,,14,0.6687116564417178
Luca Stanzani,4837195,Long Island University,NEC,Season,63,103,525,5.097087378640777,3,2,,10,0.6116504854368932
Lucian Anderson III,5151218,Bowling Green,Mid-American,Season,26,41,245,5.975609756097561,2,3,24.32439024390244,8,0.6341463414634146
Luke Altmyer,4597679,Illinois,Big Ten,Season,246,365,3007,8.238356164383562,22,5,73.03835616438357,14,0.673972602739726
Luke Doty,4429079,South Carolina,SEC,Season,18,27,148,5.481481481481482,0,1,32.5,3,0.6666666666666666
Luke Duncan,5077500,UCLA,Big Ten,Season,21,34,235,6.911764705882353,2,0,71.1470588235294,13,0.6176470588235294
Luke Marble,5194695,South Dakota State,MVFC,Season,37,66,459,6.954545454545454,4,2,,10,0.5606060606060606
Luke Warnock,5297384,Bentley,Northeast 10,Season,18,30,94,3.1333333333333333,0,1,,3,0.6
Luke Weaver,5295238,Hawai'i,Mountain West,Season,61,101,600,5.9405940594059405,5,3,45.63069306930693,3,0.6039603960396039
Luther Richesson,4902963,Central Arkansas,UAC,Season,60,95,714,7.515789473684211,6,3,,4,0.631578947368421
MJ Morris,4685488,Coastal Carolina,Sun Belt,Season,33,58,265,4.568965517241379,0,4,10.013793103448275,2,0.5689655172413793
Maalik Murphy,4685497,Oregon State,Pac-12,Season,158,273,1775,6.501831501831502,9,8,48.29377289377289,12,0.5787545787545788
Mabrey Mettauer,5079533,Sam Houston,Conference USA,Season,36,61,293,4.80327868852459,3,2,17.85081967213115,11,0.5901639344262295
Maddox Kopp,4691966,Houston Christian,Southland,Season,66,120,795,6.625,5,2,,13,0.55
Maddux Madsen,4870513,Boise State,Mountain West,Season,175,298,2337,7.842281879194631,18,9,57.98288590604027,15,0.587248322147651
Malachi Nelson,4870928,UTEP,Conference USA,Season,104,190,1163,6.121052631578947,8,9,32.18,7,0.5473684210526316
Malachi Singleton,4870999,Purdue,Big Ten,Season,27,48,337,7.020833333333333,1,1,51.45000000000001,12,0.5625
Malakai Anthony,4430912,Bowie State,CIAA,Season,16,30,114,3.8,1,0,,3,0.5333333333333333
Malik Washington,5141695,Maryland,Big Ten,Season,273,473,2963,6.264270613107822,17,9,57.579069767441865,14,0.5771670190274841
Marcel Reed,4870971,Texas A&M,SEC,Season,234,377,3169,8.405835543766578,25,12,72.14509283819629,14,0.6206896551724138
Mark Gronowski,4695400,Iowa,Big Ten,Season,166,262,1741,6.645038167938932,10,7,60.887022900763355,14,0.6335877862595419
Mason Drube,5214402,Wyoming,Mountain West,Season,19,37,192,5.1891891891891895,0,1,19.554054054054053,14,0.5135135135135135
Mason Heintschel,5208095,Pittsburgh,ACC,Season,198,312,2321,7.439102564102564,16,8,58.773076923076914,14,0.6346153846153846
Mason McKenzie,5307005,Saginaw Valley State,GLIAC,Season,21,38,202,5.315789473684211,2,1,,4,0.5526315789473685
Matt Vezza,5171031,New Hampshire,CAA,Season,226,369,2673,7.2439024390243905,19,7,,14,0.6124661246612466
Matt Zollers,5195300,Missouri,SEC,Season,41,82,428,5.219512195121951,3,2,42.703658536585365,12,0.5
Matthew Schecklman,5085754,Northern Iowa,MVFC,Season,137,226,1389,6.146017699115045,9,7,,9,0.6061946902654868
Matthew Wilson,5147872,App State,Sun Belt,Season,12,22,128,5.818181818181818,0,2,59.5,1,0.5454545454545454
Maverick McIvor,4427966,Western Kentucky,Conference USA,Season,183,273,2062,7.553113553113553,12,6,54.48461538461538,8,0.6703296703296703
Max Cutforth,5160730,Boise State,Mountain West,Season,89,157,992,6.318471337579618,4,5,38.37515923566879,14,0.5668789808917197
Max Johnson,4685740,North Carolina,ACC,Season,54,87,437,5.022988505747127,2,0,52.17816091954023,14,0.6206896551724138
Max Zavala,5306367,Virginia Lynchburg,,Season,27,49,216,4.408163265306122,1,3,,7,0.5510204081632653
Micah Alejado,5101124,Hawai'i,Mountain West,Season,285,430,3106,7.223255813953489,24,9,56.188139534883724,14,0.6627906976744186
Michael Chandler II,4431018,Campbell,CAA,Season,14,23,206,8.956521739130435,0,0,,8,0.6086956521739131
Michael Franklin,5231795,Tuskegee,SIAC,Season,12,29,208,7.172413793103448,1,3,,14,0.41379310344827586
Michael Hawkins Jr.,5079465,Oklahoma,SEC,Season,14,24,162,6.75,3,0,64.3,6,0.5833333333333334
Michael Merdinger,5144313,Liberty,Conference USA,Season,20,38,310,8.157894736842104,1,0,44.234210526315785,14,0.5263157894736842
Michael Van Buren Jr.,5079620,LSU,SEC,Season,91,147,960,6.530612244897959,7,2,46.4591836734694,14,0.6190476190476191
Miles Scott,5169209,Morehouse,SIAC,Season,8,21,80,3.8095238095238093,1,1,,3,0.38095238095238093
Miller Moss,4431580,Louisville,ACC,Season,244,380,2679,7.05,16,7,62.51684210526316,14,0.6421052631578947
Mitch Griffis,4433829,Texas Tech,Big 12,Season,22,30,317,10.566666666666666,1,0,63.32333333333333,12,0.7333333333333333
Myles Burkett,4714009,Eastern Kentucky,UAC,Season,139,255,1473,5.776470588235294,8,9,,13,0.5450980392156862
Nana Utsey,5302500,VMI,Southern,Season,10,30,148,4.933333333333334,0,1,,13,0.3333333333333333
Nate Bell,5152110,Eastern Washington,Big Sky,Season,94,174,1004,5.7701149425287355,7,5,,10,0.5402298850574713
Nate Glantz,5081856,Lindenwood,Big South-OVC,Season,198,337,2590,7.685459940652819,17,11,,13,0.5875370919881305
Nate Hampton,4602968,Gardner-Webb,Big South-OVC,Season,83,142,1245,8.767605633802816,10,1,,7,0.5845070422535211
Nathan Hayes,5087156,North Dakota State,MVFC,Season,20,37,336,9.08108108108108,4,1,,15,0.5405405405405406
Nathan Kent,4694939,Towson,CAA,Season,13,28,205,7.321428571428571,2,0,,10,0.4642857142857143
Nelson Layne,5301057,North Carolina A&T,CAA,Season,19,30,229,7.633333333333334,2,1,,13,0.6333333333333333
Nicco Marchiol,4685459,West Virginia,Big 12,Season,66,98,720,7.346938775510204,2,2,40.977551020408164,4,0.673469387755102
Nicholas Penuvchev,5298548,Bucknell,Patriot,Season,18,34,276,8.117647058823529,3,3,,13,0.5294117647058824
Nick Minicucci,5153846,Delaware,Conference USA,Season,322,514,3671,7.142023346303502,23,7,55.987159533073935,14,0.6264591439688716
Nick Vattiato,4682518,Middle Tennessee,Conference USA,Season,219,357,2157,6.042016806722689,16,7,35.57899159663866,11,0.6134453781512605
Nick Whitfield Jr.,5088334,Saint Francis,NEC,Season,165,273,1572,5.758241758241758,5,10,,12,0.6043956043956044
Nico Iamaleava,4870799,UCLA,Big Ten,Season,208,323,1928,5.969040247678018,13,7,54.434674922600614,14,0.6439628482972136
Noah Beaudrie,5120497,Adrian,Michigan,Season,16,23,183,7.956521739130435,1,0,,2,0.6956521739130435
Noah Bodden,4888130,Edward Waters,SIAC,Season,18,38,167,4.394736842105263,1,3,,4,0.47368421052631576
Noah Brannock,5154019,William & Mary,CAA,Season,11,23,170,7.391304347826087,0,0,,8,0.4782608695652174
Noah Fifita,4801717,Arizona,Big 12,Season,275,429,3228,7.524475524475524,29,6,59.88927738927739,14,0.6410256410256411
Noah Gillon,5248199,App State,Sun Belt,Season,17,37,175,4.72972972972973,0,2,5.2405405405405405,7,0.4594594594594595
Noah Kim,4690158,Eastern Michigan,Mid-American,Season,247,402,2817,7.007462686567164,18,11,42.14353233830846,14,0.6144278606965174
Otto Kuhns,4695113,Norfolk State,MEAC,Season,165,269,2090,7.769516728624535,15,7,,11,0.6133828996282528
Owen McCown,4775136,UTSA,American Athletic,Season,276,409,2990,7.310513447432763,30,7,55.96063569682151,14,0.6748166259168704
Parker Navarro,4610131,Ohio,Mid-American,Season,188,303,2375,7.838283828382838,14,11,60.17557755775578,14,0.6204620462046204
Pat McQuaide,4875733,Villanova,CAA,Season,220,367,2912,7.9346049046321525,23,3,,15,0.5994550408719346
Peter Costelli,4565180,Northern Colorado,Big Sky,Season,22,41,272,6.634146341463414,1,4,,12,0.5365853658536586
Preston Stone,4432767,Northwestern,Big Ten,Season,222,370,2400,6.486486486486487,17,12,51.56918918918919,14,0.6
Quentin Hayes,5223107,The Citadel,Southern,Season,53,79,845,10.69620253164557,7,4,,13,0.6708860759493671
Quincy Crittendon,4877380,Samford,Southern,Season,175,257,1672,6.505836575875486,6,6,,13,0.6809338521400778
Quinn Boyd,5226896,Stony Brook,CAA,Season,147,223,1457,6.533632286995516,8,0,,13,0.6591928251121076
Quinn Henicle,5193346,Old Dominion,Sun Belt,Season,16,35,182,5.2,0,0,39.18571428571428,13,0.45714285714285713
RJ Johnson,5301817,Florida A&M,SWAC,Season,17,32,183,5.71875,0,0,,1,0.53125
RJ Johnson III,5151696,Florida A&M,SWAC,Season,176,265,2186,8.249056603773585,16,4,,14,0.6641509433962264
Rahsaan Matthews Jr.,5303118,Virginia State,CIAA,Season,21,42,299,7.119047619047619,2,0,,2,0.5
Ralph Rucker,4875855,Bucknell,Patriot,Season,117,170,1568,9.223529411764705,11,4,,12,0.6882352941176471
Raymond Moore III,5232049,Morgan State,MEAC,Season,76,140,871,6.2214285714285715,8,7,,13,0.5428571428571428
Reagan Andrew,5087031,Butler,Pioneer,Season,135,200,1332,6.66,9,5,,12,0.675
Reggie Graff,5088960,Utah Tech,UAC,Season,59,105,511,4.866666666666666,3,3,,13,0.5619047619047619
Reilly Garcia,5301346,Houston Christian,Southland,Season,14,25,138,5.52,0,2,,11,0.56
Richard Torres,5156245,Incarnate Word,Southland,Season,80,122,802,6.573770491803279,3,5,,13,0.6557377049180327
Rickie Collins,4870645,Syracuse,ACC,Season,97,181,1042,5.7569060773480665,6,10,29.966298342541435,11,0.5359116022099447
Ridge Docekal,4869549,Bryant,CAA,Season,39,81,426,5.2592592592592595,1,5,,13,0.48148148148148145
Rob Brazziel,5309567,Lincoln (CA),Independent DII,Season,61,103,588,5.70873786407767,0,4,,8,0.5922330097087378
Robby Ashford,4697512,Wake Forest,ACC,Season,191,322,2472,7.6770186335403725,12,8,53.10683229813665,14,0.593167701863354
Robert Coleman,5154910,Lamar,Southland,Season,67,108,585,5.416666666666667,3,2,,12,0.6203703703703703
Rocco Becht,4801299,Iowa State,Big 12,Season,204,337,2565,7.611275964391691,16,9,57.48338278931751,14,0.6053412462908012
Rodney Tisdale Jr.,5196864,Western Kentucky,Conference USA,Season,139,212,1432,6.754716981132075,9,7,52.92830188679245,14,0.6556603773584906
Roman Gagliano,5194626,Middle Tennessee,Conference USA,Season,77,134,1006,7.507462686567164,7,0,52.776119402985074,14,0.5746268656716418
Ron Peace,5230098,East Texas A&M,Southland,Season,93,170,1374,8.08235294117647,6,5,,11,0.5470588235294118
Rowan Keefe,5089335,Valparaiso,Pioneer,Season,131,208,1519,7.302884615384615,12,14,,13,0.6298076923076923
Ryan Browne,5104738,Purdue,Big Ten,Season,199,338,2153,6.3698224852071,9,10,54.93136094674556,14,0.5887573964497042
Ryan Jackson,5226243,St. Thomas (MN),Pioneer,Season,17,24,122,5.083333333333333,1,0,,13,0.7083333333333334
Ryan Staub,4917093,Colorado,Big 12,Season,30,53,426,8.037735849056604,3,2,47.45849056603774,9,0.5660377358490566
Ryan Stubblefield,4607891,South Carolina State,MEAC,Season,98,173,1282,7.410404624277457,7,3,,7,0.5664739884393064
Ryder Burton,5057381,UAB,American Athletic,Season,59,91,673,7.395604395604396,7,3,43.472527472527474,11,0.6483516483516484
Sam Jackson,4874527,Oklahoma State,Big 12,Season,30,60,308,5.133333333333334,0,2,26.991666666666667,9,0.5
Sam Leavitt,5078810,Arizona State,Big 12,Season,145,239,1628,6.811715481171548,10,3,62.08535564853557,9,0.606694560669456
Sam Vidlak,4683311,Stephen F. Austin,Southland,Season,205,304,2435,8.009868421052632,21,6,,15,0.6743421052631579
Samari Collier,4606658,Coastal Carolina,Sun Belt,Season,38,78,489,6.269230769230769,7,2,64.52307692307693,12,0.48717948717948717
Sawyer Robertson,4432759,Baylor,Big 12,Season,304,503,3681,7.318091451292246,31,12,65.88091451292246,14,0.6043737574552683
Scotty Fox Jr.,5164314,West Virginia,Big 12,Season,96,162,1158,7.148148148148148,6,4,45.01913580246914,14,0.5925925925925926
Skyler Locklear,5083042,UTEP,Conference USA,Season,116,208,1418,6.8173076923076925,13,11,41.84567307692308,14,0.5576923076923077
Sonny Mannino,5088964,Marist,Pioneer,Season,158,275,1771,6.44,11,3,,13,0.5745454545454546
Steven Angeli,4685694,Syracuse,ACC,Season,97,155,1317,8.496774193548386,10,2,65.7058064516129,4,0.6258064516129033
Stone Earle,4691272,Abilene Christian,UAC,Season,265,398,2931,7.364321608040201,18,10,,15,0.6658291457286433
TJ Finley,4431948,Georgia State,Sun Belt,Season,127,201,1244,6.189054726368159,6,7,37.38059701492537,12,0.6318407960199005
TJ Lateef,5141556,Nebraska,Big Ten,Season,74,123,904,7.349593495934959,5,1,58.40894308943089,14,0.6016260162601627
Ta'Quan Roberson,4427313,Buffalo,Mid-American,Season,206,356,2520,7.078651685393258,17,12,41.97668539325843,14,0.5786516853932584
Tad Hudson,4870793,Coastal Carolina,Sun Belt,Season,137,250,1235,4.94,6,7,35.4088,14,0.548
Tama Amisone,5296610,San José State,Mountain West,Season,26,49,205,4.183673469387755,0,3,54.17755102040817,14,0.5306122448979592
Taron Dickens,4881032,Western Carolina,Southern,Season,271,365,3508,9.610958904109589,38,2,,13,0.7424657534246575
Taylen Green,4431325,Arkansas,SEC,Season,198,326,2714,8.325153374233128,19,11,78.13067484662578,14,0.6073619631901841
Tayven Jackson,4801307,UCF,Big 12,Season,200,315,2151,6.828571428571428,10,8,53.40888888888889,14,0.6349206349206349
Te'Sean Smoot,4819240,Alabama State,SWAC,Season,57,80,959,11.9875,9,0,,14,0.7125
Tevin Carter,4801301,Prairie View A&M,SWAC,Season,52,96,512,5.333333333333333,1,1,,13,0.5416666666666666
Thomas Castellanos,4773919,Florida State,ACC,Season,180,309,2760,8.932038834951456,15,9,63.61003236245955,14,0.5825242718446602
Thomas Gotkowski,5142146,Miami (OH),Mid-American,Season,38,86,575,6.686046511627907,4,1,42.46046511627906,15,0.4418604651162791
Timmy McClain,4433969,Bethune-Cookman,SWAC,Season,74,104,763,7.336538461538462,3,2,,11,0.7115384615384616
Tommy Rittenhouse,4878284,Illinois State,MVFC,Season,319,496,3302,6.657258064516129,37,11,,15,0.6431451612903226
Tramell Jones Jr.,5295814,Florida,SEC,Season,21,35,191,5.457142857142857,2,0,33.38285714285715,11,0.6
Trey Hedden,5224084,Furman,Southern,Season,287,419,2967,7.081145584725537,17,13,,13,0.684964200477327
Trey Kukuk,5296376,Louisiana Tech,Conference USA,Season,61,97,523,5.391752577319588,2,2,48.94742268041238,14,0.6288659793814433
Trinidad Chambliss,4911529,Ole Miss,SEC,Season,294,445,3937,8.847191011235955,22,3,84.34606741573033,14,0.6606741573033708
Tristan Ti'a,5210501,Oregon State,Pac-12,Season,36,52,381,7.326923076923077,3,2,38.24038461538461,14,0.6923076923076923
Tucker Gleason,4429801,Toledo,Mid-American,Season,207,320,2515,7.859375,21,9,54.26625,14,0.646875
Tucker Kilcrease,4912119,Troy,Sun Belt,Season,128,220,1523,6.922727272727273,9,6,41.68909090909091,15,0.5818181818181818
Turner Helton,4912238,Georgia Southern,Sun Belt,Season,13,25,73,2.92,1,0,49.464,13,0.52
Ty Dieffenbach,5092275,Cal Poly,Big Sky,Season,91,160,1263,7.89375,9,9,,12,0.56875
Ty Englehart,5088096,Presbyterian,Pioneer,Season,15,34,116,3.411764705882353,2,2,,11,0.4411764705882353
Ty Pennington,5225414,Northern Arizona,Big Sky,Season,230,350,2705,7.728571428571429,16,4,,13,0.6571428571428571
Ty Simpson,4685522,Alabama,SEC,Season,305,473,3567,7.54122621564482,28,5,71.09133192389005,15,0.6448202959830867
Tyler Hughes,4838536,William & Mary,CAA,Season,204,308,2330,7.564935064935065,20,3,,13,0.6623376623376623
Tyler Riddell,4777154,Duquesne,NEC,Season,166,293,2011,6.863481228668942,25,7,,13,0.5665529010238908
Tyler Voss,4868721,San Diego,Pioneer,Season,54,89,423,4.752808988764045,3,0,,7,0.6067415730337079
Tyrese Smith,5225576,Portland State,Big Sky,Season,36,61,522,8.557377049180328,2,4,,13,0.5901639344262295
Tyriq Starks,5082005,Howard,MEAC,Season,156,277,1638,5.913357400722021,8,10,,13,0.5631768953068592
Victor Gabalis,4697625,Tarleton State,UAC,Season,175,293,2687,9.170648464163822,28,5,,15,0.5972696245733788
Vinson Berry,5231174,Norfolk State,MEAC,Season,28,53,310,5.849056603773585,4,2,,13,0.5283018867924528
Walker Eget,4694149,San José State,Mountain West,Season,232,393,3058,7.78117048346056,17,9,56.99541984732824,13,0.5903307888040712
Walker Harris,4696880,North Carolina Central,MEAC,Season,234,375,3215,8.573333333333334,24,9,,13,0.624
Walker Howard,4685391,Louisiana,Sun Belt,Season,18,37,155,4.1891891891891895,0,2,40.95945945945946,14,0.4864864864864865
Will Crowder,4431633,Troy,Sun Belt,Season,113,193,1320,6.839378238341969,11,5,48.17512953367876,15,0.5854922279792746
Will Hammond,5126468,Texas Tech,Big 12,Season,68,108,668,6.185185185185185,7,3,69.22407407407408,9,0.6296296296296297
Will O'Dell,5298896,Marist,Pioneer,Season,42,66,439,6.651515151515151,2,3,,13,0.6363636363636364
Xander Menapace,5154126,Columbia,Ivy,Season,17,29,218,7.517241379310345,1,2,,7,0.5862068965517241
Xavier Ward,4683867,San José State,Mountain West,Season,11,31,109,3.5161290322580645,0,4,11.896774193548387,14,0.3548387096774194
Zach Calzada,4426847,Kentucky,SEC,Season,28,58,238,4.103448275862069,0,2,26.403448275862072,13,0.4827586206896552
Zach Gibson,4568336,Florida Atlantic,American Athletic,Season,27,47,247,5.25531914893617,2,3,41.65744680851064,14,0.574468085106383
Zach Osborne,5085941,Colgate,Patriot,Season,65,114,1064,9.333333333333334,9,3,,13,0.5701754385964912
Zach Tanner,5095112,Robert Morris,NEC,Season,84,166,1069,6.4397590361445785,11,2,,11,0.5060240963855421
Zach Wilcke,4808719,Charlotte,American Athletic,Season,28,44,247,5.613636363636363,2,1,52.22954545454545,11,0.6363636363636364
Zane Flores,4923267,Oklahoma State,Big 12,Season,155,262,1454,5.549618320610687,3,7,43.28702290076336,14,0.5916030534351145
Zevi Eckhaus,4876066,Washington State,Pac-12,Season,192,306,2092,6.836601307189542,15,12,63.58725490196079,14,0.6274509803921569
Zion Turner,4685697,Marshall,Sun Belt,Season,40,59,409,6.932203389830509,1,1,39.889830508474574,14,0.6779661016949152
Zolten Osbourne,5164721,Charleston Southern,Big South-OVC,Season,167,305,2229,7.308196721311475,12,6,,13,0.5475409836065573
