school,id,logos,mascot,conference
Abilene Christian,2000,https://cdn.collegefootballdata.com/logos/500/2000.png,Wildcats,UAC
Adams State,2001,https://cdn.collegefootballdata.com/logos/500/2001.png,Grizzlies,Rocky Mountain
Adrian,2003,https://cdn.collegefootballdata.com/logos/500/2003.png,Bulldogs,Michigan
Air Force,2005,https://cdn.collegefootballdata.com/logos/500/2005.png,Falcons,Mountain West
Akron,2006,https://cdn.collegefootballdata.com/logos/500/2006.png,Zips,Mid-American
Alabama,333,https://cdn.collegefootballdata.com/logos/500/333.png,Crimson Tide,SEC
Alabama A&M,2010,https://cdn.collegefootballdata.com/logos/500/2010.png,Bulldogs,SWAC
Alabama State,2011,https://cdn.collegefootballdata.com/logos/500/2011.png,Hornets,SWAC
Albany State,2013,https://cdn.collegefootballdata.com/logos/500/2013.png,Golden Rams,SIAC
Albion,2790,https://cdn.collegefootballdata.com/logos/500/2790.png,Britons,Michigan
Albright,2015,https://cdn.collegefootballdata.com/logos/500/2015.png,Lions,Mid Atlantic
Alcorn State,2016,https://cdn.collegefootballdata.com/logos/500/2016.png,Braves,SWAC
Alderson-Broaddus,2017,https://cdn.collegefootballdata.com/logos/500/2017.png,Battlers,Mountain East
Alfred,365,https://cdn.collegefootballdata.com/logos/500/365.png,Saxons,Empire 8
Alfred State,3162,https://cdn.collegefootballdata.com/logos/500/3162.png,Pioneers,Empire 8
Allegheny,2018,https://cdn.collegefootballdata.com/logos/500/2018.png,Gators,Presidents'
Allen,2019,,Yellow Jackets,SIAC
Alma,2800,https://cdn.collegefootballdata.com/logos/500/2800.png,Scots,Michigan
Alvernia,111674,,Golden Wolves,Mid Atlantic
American International,2022,https://cdn.collegefootballdata.com/logos/500/2022.png,Yellow Jackets,Northeast 10
Amherst,7,https://cdn.collegefootballdata.com/logos/500/7.png,Mammoths,NESCAC
Anderson (IN),2023,https://cdn.collegefootballdata.com/logos/500/2023.png,Ravens,Heartland
Anderson (SC),129469,,Trojans,South Atlantic
Angelo State,2025,https://cdn.collegefootballdata.com/logos/500/2025.png,Rams,Lone Star
Apprentice School,3111,[],Builders,Independent DIII
App State,2026,https://cdn.collegefootballdata.com/logos/500/2026.png,Mountaineers,Sun Belt
Arizona,12,https://cdn.collegefootballdata.com/logos/500/12.png,Wildcats,Big 12
Arizona State,9,https://cdn.collegefootballdata.com/logos/500/9.png,Sun Devils,Big 12
Arkansas,8,https://cdn.collegefootballdata.com/logos/500/8.png,Razorbacks,SEC
Arkansas Monticello,2028,https://cdn.collegefootballdata.com/logos/500/2028.png,Boll Weevils,Great American
Arkansas-Pine Bluff,2029,https://cdn.collegefootballdata.com/logos/500/2029.png,Golden Lions,SWAC
Arkansas State,2032,https://cdn.collegefootballdata.com/logos/500/2032.png,Red Wolves,Sun Belt
Arkansas Tech,2033,https://cdn.collegefootballdata.com/logos/500/2033.png,Wonder Boys,Great American
Army,349,https://cdn.collegefootballdata.com/logos/500/349.png,Black Knights,American Athletic
Ashland,308,https://cdn.collegefootballdata.com/logos/500/308.png,Eagles,Great Midwest Athletic
Assumption,2038,https://cdn.collegefootballdata.com/logos/500/2038.png,Greyhounds,Northeast 10
Auburn,2,https://cdn.collegefootballdata.com/logos/500/2.png,Tigers,SEC
Augsburg,124,https://cdn.collegefootballdata.com/logos/500/124.png,Auggies,Minnesota
Augustana (IL),2042,https://cdn.collegefootballdata.com/logos/500/2042.png,Vikings,CCIW
Augustana (SD),2043,https://cdn.collegefootballdata.com/logos/500/2043.png,Vikings,Northern Sun
Aurora,2044,https://cdn.collegefootballdata.com/logos/500/2044.png,Spartans,NACC
Austin,2045,https://cdn.collegefootballdata.com/logos/500/2045.png,'Roos,Southern Collegiate Athletic
Austin Peay,2046,https://cdn.collegefootballdata.com/logos/500/2046.png,Governors,UAC
Averett,2047,https://cdn.collegefootballdata.com/logos/500/2047.png,Cougars,Old Dominion
Azusa Pacific,2049,[],Cougars,So. Cal.
Baldwin Wallace,188,https://cdn.collegefootballdata.com/logos/500/188.png,Yellow Jackets,Ohio
Ball State,2050,https://cdn.collegefootballdata.com/logos/500/2050.png,Cardinals,Mid-American
Barton,122666,,Bulldogs,Carolinas
Bates,121,https://cdn.collegefootballdata.com/logos/500/121.png,Bobcats,NESCAC
Baylor,239,https://cdn.collegefootballdata.com/logos/500/239.png,Bears,Big 12
Belhaven,2056,https://cdn.collegefootballdata.com/logos/500/2056.png,Blazers,USA South
Beloit,266,https://cdn.collegefootballdata.com/logos/500/266.png,Buccaneers,Midwest
Bemidji State,132,https://cdn.collegefootballdata.com/logos/500/132.png,Beavers,Northern Sun
Benedict,490,https://cdn.collegefootballdata.com/logos/500/490.png,Tigers,SIAC
Benedictine (IL),2283,https://cdn.collegefootballdata.com/logos/500/2283.png,Eagles,NACC
Bentley,2060,https://cdn.collegefootballdata.com/logos/500/2060.png,Falcons,Northeast 10
Berry,2757,https://cdn.collegefootballdata.com/logos/500/2757.png,Vikings,Southern Athletic
Bethany (WV),2062,https://cdn.collegefootballdata.com/logos/500/2062.png,Bison,Presidents'
Bethel (MN),2802,https://cdn.collegefootballdata.com/logos/500/2802.png,Royals,Minnesota
Bethune-Cookman,2065,https://cdn.collegefootballdata.com/logos/500/2065.png,Wildcats,SWAC
Birmingham-Southern,3,https://cdn.collegefootballdata.com/logos/500/3.png,Panthers,Southern Athletic
Black Hills State,2069,https://cdn.collegefootballdata.com/logos/500/2069.png,Yellow Jackets,Rocky Mountain
Bloomsburg,2071,https://cdn.collegefootballdata.com/logos/500/2071.png,Huskies,Pennsylvania State Athletic
Bluefield State,124180,,Big Blue,CIAA
Bluffton,2074,https://cdn.collegefootballdata.com/logos/500/2074.png,Beavers,Heartland
Boise State,68,https://cdn.collegefootballdata.com/logos/500/68.png,Broncos,Pac-12
Boston College,103,https://cdn.collegefootballdata.com/logos/500/103.png,Eagles,ACC
Bowdoin,340,https://cdn.collegefootballdata.com/logos/500/340.png,Polar Bears,NESCAC
Bowie State,2075,https://cdn.collegefootballdata.com/logos/500/2075.png,Bulldogs,CIAA
Bowling Green,189,https://cdn.collegefootballdata.com/logos/500/189.png,Falcons,Mid-American
Brevard,2913,https://cdn.collegefootballdata.com/logos/500/2913.png,Tornados,USA South
Bridgewater,2079,https://cdn.collegefootballdata.com/logos/500/2079.png,Eagles,Old Dominion
Bridgewater State,18,https://cdn.collegefootballdata.com/logos/500/18.png,Bears,MSCAC
Brockport,2781,https://cdn.collegefootballdata.com/logos/500/2781.png,Golden Eagles,Empire 8
Brown,225,https://cdn.collegefootballdata.com/logos/500/225.png,Bears,Ivy
Bryant,2803,https://cdn.collegefootballdata.com/logos/500/2803.png,Bulldogs,CAA
Bucknell,2083,https://cdn.collegefootballdata.com/logos/500/2083.png,Bison,Patriot
Buena Vista,63,https://cdn.collegefootballdata.com/logos/500/63.png,Beavers,American Rivers
Buffalo,2084,https://cdn.collegefootballdata.com/logos/500/2084.png,Bulls,Mid-American
Buffalo State,2085,https://cdn.collegefootballdata.com/logos/500/2085.png,Bengals,Liberty League
Butler,2086,https://cdn.collegefootballdata.com/logos/500/2086.png,Bulldogs,Pioneer
BYU,252,https://cdn.collegefootballdata.com/logos/500/252.png,Cougars,Big 12
California,25,https://cdn.collegefootballdata.com/logos/500/25.png,Golden Bears,ACC
California (PA),2858,https://cdn.collegefootballdata.com/logos/500/2858.png,Vulcans,Pennsylvania State Athletic
Cal Lutheran,2094,https://cdn.collegefootballdata.com/logos/500/2094.png,Kingsmen,So. Cal.
Cal Poly,13,https://cdn.collegefootballdata.com/logos/500/13.png,Mustangs,Big Sky
Calvin,129738,,Knights,Michigan
Campbell,2097,https://cdn.collegefootballdata.com/logos/500/2097.png,Fighting Camels,CAA
Capital,424,https://cdn.collegefootballdata.com/logos/500/424.png,Comets,Ohio
Carleton,2101,https://cdn.collegefootballdata.com/logos/500/2101.png,Knights,Minnesota
Carnegie Mellon,2102,https://cdn.collegefootballdata.com/logos/500/2102.png,Tartans,Presidents'
Carroll (WI),32,https://cdn.collegefootballdata.com/logos/500/32.png,Pioneers,CCIW
Carson Newman,2105,https://cdn.collegefootballdata.com/logos/500/2105.png,Eagles,South Atlantic
Carthage,2106,https://cdn.collegefootballdata.com/logos/500/2106.png,Firebirds,CCIW
Case Western Reserve,2963,https://cdn.collegefootballdata.com/logos/500/2963.png,Spartans,Presidents'
Catawba,2107,https://cdn.collegefootballdata.com/logos/500/2107.png,Indians,South Atlantic
Catholic,2108,https://cdn.collegefootballdata.com/logos/500/2108.png,Cardinals,Landmark Conference
Centenary (LA),101442,,Gentlemen,Southern Collegiate Athletic
Central Arkansas,2110,https://cdn.collegefootballdata.com/logos/500/2110.png,Bears,UAC
Central College,2964,https://cdn.collegefootballdata.com/logos/500/2964.png,Dutch,American Rivers
Central Connecticut,2115,https://cdn.collegefootballdata.com/logos/500/2115.png,Blue Devils,NEC
Central Michigan,2117,https://cdn.collegefootballdata.com/logos/500/2117.png,Chippewas,Mid-American
Central Missouri,2118,https://cdn.collegefootballdata.com/logos/500/2118.png,Mules,Mid America
Central Oklahoma,2122,https://cdn.collegefootballdata.com/logos/500/2122.png,Bronchos,Mid America
Central State,2119,https://cdn.collegefootballdata.com/logos/500/2119.png,Marauders,SIAC
Central Washington,2120,https://cdn.collegefootballdata.com/logos/500/2120.png,Wildcats,Lone Star
Centre,2121,https://cdn.collegefootballdata.com/logos/500/2121.png,Colonels,Southern Athletic
Chadron State,2123,https://cdn.collegefootballdata.com/logos/500/2123.png,Eagles,Rocky Mountain
Chapman,411,https://cdn.collegefootballdata.com/logos/500/411.png,Panthers,So. Cal.
Charleston Southern,2127,https://cdn.collegefootballdata.com/logos/500/2127.png,Buccaneers,Big South-OVC
Charleston (WV),2128,https://cdn.collegefootballdata.com/logos/500/2128.png,Golden Eagles,Mountain East
Charlotte,2429,https://cdn.collegefootballdata.com/logos/500/2429.png,49ers,American Athletic
Chattanooga,236,https://cdn.collegefootballdata.com/logos/500/236.png,Mocs,Southern
Cheyney,2129,[],Wolves,Pennsylvania State Athletic
Chicago,80,https://cdn.collegefootballdata.com/logos/500/80.png,Maroons,Midwest
Chicago State,2130,,Cougars,FCS Independents
Chowan,2804,https://cdn.collegefootballdata.com/logos/500/2804.png,Hawks,Carolinas
Christopher Newport,3112,https://cdn.collegefootballdata.com/logos/500/3112.png,Captains,New Jersey
Cincinnati,2132,https://cdn.collegefootballdata.com/logos/500/2132.png,Bearcats,Big 12
Claremont Mudd Scripps,17,https://cdn.collegefootballdata.com/logos/500/17.png,Stags/Athenas,So. Cal.
Clarion,2134,https://cdn.collegefootballdata.com/logos/500/2134.png,Golden Eagles,Pennsylvania State Athletic
Clark Atlanta,2805,https://cdn.collegefootballdata.com/logos/500/2805.png,Panthers,SIAC
Clemson,228,https://cdn.collegefootballdata.com/logos/500/228.png,Tigers,ACC
Coastal Carolina,324,https://cdn.collegefootballdata.com/logos/500/324.png,Chanticleers,Sun Belt
Coast Guard,2557,https://cdn.collegefootballdata.com/logos/500/2557.png,Bears,NEWMAC
Coe,2141,https://cdn.collegefootballdata.com/logos/500/2141.png,Kohawks,American Rivers
Colby,33,https://cdn.collegefootballdata.com/logos/500/33.png,White Mules,NESCAC
Colgate,2142,https://cdn.collegefootballdata.com/logos/500/2142.png,Raiders,Patriot
Colorado,38,https://cdn.collegefootballdata.com/logos/500/38.png,Buffaloes,Big 12
Colorado Mesa,11,https://cdn.collegefootballdata.com/logos/500/11.png,Mavericks,Rocky Mountain
Colorado School of Mines,2146,https://cdn.collegefootballdata.com/logos/500/2146.png,Orediggers,Rocky Mountain
Colorado State,36,https://cdn.collegefootballdata.com/logos/500/36.png,Rams,Pac-12
Columbia,171,https://cdn.collegefootballdata.com/logos/500/171.png,Lions,Ivy
Concord,2148,https://cdn.collegefootballdata.com/logos/500/2148.png,Mountain Lions,Mountain East
Concordia Chicago,2151,https://cdn.collegefootballdata.com/logos/500/2151.png,Cougars,NACC
Concordia (MN),2152,https://cdn.collegefootballdata.com/logos/500/2152.png,Cobbers,Minnesota
Concordia St. Paul,3066,https://cdn.collegefootballdata.com/logos/500/3066.png,Golden Bears,Northern Sun
Concordia (WI),409,https://cdn.collegefootballdata.com/logos/500/409.png,Falcons,NACC
Cornell,172,https://cdn.collegefootballdata.com/logos/500/172.png,Big Red,Ivy
Cornell (IA),2155,https://cdn.collegefootballdata.com/logos/500/2155.png,Rams,Midwest
Crown,509,https://cdn.collegefootballdata.com/logos/500/509.png,Polars,Upper Midwest
CSU Pueblo,2570,https://cdn.collegefootballdata.com/logos/500/2570.png,Thunderwolves,Rocky Mountain
Curry,40,https://cdn.collegefootballdata.com/logos/500/40.png,Colonels,Commonwealth Coast
Dartmouth,159,https://cdn.collegefootballdata.com/logos/500/159.png,Big Green,Ivy
Davenport,110254,,Panthers,GLIAC
Davidson,2166,https://cdn.collegefootballdata.com/logos/500/2166.png,Wildcats,Pioneer
Dayton,2168,https://cdn.collegefootballdata.com/logos/500/2168.png,Flyers,Pioneer
Dean,110438,,Bulldogs,MSCAC
Delaware,48,https://cdn.collegefootballdata.com/logos/500/48.png,Blue Hens,Conference USA
Delaware State,2169,https://cdn.collegefootballdata.com/logos/500/2169.png,Hornets,MEAC
Delaware Valley,2808,https://cdn.collegefootballdata.com/logos/500/2808.png,Aggies,Mid Atlantic
Delta State,2170,https://cdn.collegefootballdata.com/logos/500/2170.png,Statesmen,Gulf South
Denison,2171,https://cdn.collegefootballdata.com/logos/500/2171.png,Big Red,North Coast
DePauw,83,https://cdn.collegefootballdata.com/logos/500/83.png,Tigers,North Coast
Dickinson,2175,https://cdn.collegefootballdata.com/logos/500/2175.png,Red Devils,Centennial
Drake,2181,https://cdn.collegefootballdata.com/logos/500/2181.png,Bulldogs,Pioneer
Dubuque,49,https://cdn.collegefootballdata.com/logos/500/49.png,Spartans,American Rivers
Duke,150,https://cdn.collegefootballdata.com/logos/500/150.png,Blue Devils,ACC
Duquesne,2184,https://cdn.collegefootballdata.com/logos/500/2184.png,Dukes,NEC
East Carolina,151,https://cdn.collegefootballdata.com/logos/500/151.png,Pirates,American Athletic
East Central,2191,https://cdn.collegefootballdata.com/logos/500/2191.png,Tigers,Great American
Eastern,127954,,Eagles,Mid Atlantic
Eastern Illinois,2197,https://cdn.collegefootballdata.com/logos/500/2197.png,Panthers,Big South-OVC
Eastern Kentucky,2198,https://cdn.collegefootballdata.com/logos/500/2198.png,Colonels,UAC
Eastern Michigan,2199,https://cdn.collegefootballdata.com/logos/500/2199.png,Eagles,Mid-American
Eastern New Mexico,2201,https://cdn.collegefootballdata.com/logos/500/2201.png,Greyhounds,Lone Star
Eastern Washington,331,https://cdn.collegefootballdata.com/logos/500/331.png,Eagles,Big Sky
East Stroudsburg,2188,https://cdn.collegefootballdata.com/logos/500/2188.png,Warriors,Pennsylvania State Athletic
East Tennessee State,2193,https://cdn.collegefootballdata.com/logos/500/2193.png,Buccaneers,Southern
East Texas A&M,2837,https://cdn.collegefootballdata.com/logos/500/2837.png,Lions,Southland
East Texas Baptist,2194,https://cdn.collegefootballdata.com/logos/500/2194.png,Tigers,American Southwest
Edinboro,2205,https://cdn.collegefootballdata.com/logos/500/2205.png,Fighting Scots,Pennsylvania State Athletic
Edward Waters,2206,,Tigers,SIAC
Elizabeth City State,2207,https://cdn.collegefootballdata.com/logos/500/2207.png,Vikings,CIAA
Elmhurst,72,https://cdn.collegefootballdata.com/logos/500/72.png,Bluejays,CCIW
Elon,2210,https://cdn.collegefootballdata.com/logos/500/2210.png,Phoenix,CAA
Emory & Henry,2213,https://cdn.collegefootballdata.com/logos/500/2213.png,Wasps,South Atlantic
Emporia State,2214,https://cdn.collegefootballdata.com/logos/500/2214.png,Hornets,Mid America
Endicott,452,https://cdn.collegefootballdata.com/logos/500/452.png,Gulls,Commonwealth Coast
Erskine,101784,,Flying Fleet,Carolinas
Eureka,101,https://cdn.collegefootballdata.com/logos/500/101.png,Red Devils,NACC
Fairmont State,2986,https://cdn.collegefootballdata.com/logos/500/2986.png,Falcons,Mountain East
Fayetteville State,2220,https://cdn.collegefootballdata.com/logos/500/2220.png,Broncos,CIAA
FDU Florham,2221,https://cdn.collegefootballdata.com/logos/500/2221.png,Devils,Mid Atlantic
Ferris State,2222,https://cdn.collegefootballdata.com/logos/500/2222.png,Bulldogs,GLIAC
Ferrum,366,https://cdn.collegefootballdata.com/logos/500/366.png,Panthers,Carolinas
Findlay,2224,https://cdn.collegefootballdata.com/logos/500/2224.png,Oilers,Great Midwest Athletic
Fitchburg State,114,https://cdn.collegefootballdata.com/logos/500/114.png,Falcons,MSCAC
Florida,57,https://cdn.collegefootballdata.com/logos/500/57.png,Gators,SEC
Florida A&M,50,https://cdn.collegefootballdata.com/logos/500/50.png,Rattlers,SWAC
Florida Atlantic,2226,https://cdn.collegefootballdata.com/logos/500/2226.png,Owls,American Athletic
Florida International,2229,https://cdn.collegefootballdata.com/logos/500/2229.png,Panthers,Conference USA
Florida State,52,https://cdn.collegefootballdata.com/logos/500/52.png,Seminoles,ACC
Fordham,2230,https://cdn.collegefootballdata.com/logos/500/2230.png,Rams,Patriot
Fort Hays,2231,https://cdn.collegefootballdata.com/logos/500/2231.png,Tigers,Mid America
Fort Lewis,2237,https://cdn.collegefootballdata.com/logos/500/2237.png,Skyhawks,Rocky Mountain
Fort Valley State,2232,https://cdn.collegefootballdata.com/logos/500/2232.png,Wildcats,SIAC
Framingham State,2967,https://cdn.collegefootballdata.com/logos/500/2967.png,Rams,MSCAC
Franklin,2233,https://cdn.collegefootballdata.com/logos/500/2233.png,Grizzlies,Heartland
Franklin & Marshall,2234,https://cdn.collegefootballdata.com/logos/500/2234.png,Diplomats,Centennial
Franklin Pierce,112334,,Ravens,Northeast 10
Fresno State,278,https://cdn.collegefootballdata.com/logos/500/278.png,Bulldogs,Pac-12
Frostburg State,341,https://cdn.collegefootballdata.com/logos/500/341.png,Bobcats,Mountain East
Furman,231,https://cdn.collegefootballdata.com/logos/500/231.png,Paladins,Southern
Gallaudet,417,https://cdn.collegefootballdata.com/logos/500/417.png,Bison,Southern Collegiate Athletic
Gannon,367,https://cdn.collegefootballdata.com/logos/500/367.png,Golden Knights,Pennsylvania State Athletic
Gardner-Webb,2241,https://cdn.collegefootballdata.com/logos/500/2241.png,Runnin' Bulldogs,Big South-OVC
Geneva,2242,https://cdn.collegefootballdata.com/logos/500/2242.png,Golden Tornadoes,Presidents'
George Fox,415,https://cdn.collegefootballdata.com/logos/500/415.png,Bruins,Northwest
Georgetown,46,https://cdn.collegefootballdata.com/logos/500/46.png,Hoyas,Patriot
Georgia,61,https://cdn.collegefootballdata.com/logos/500/61.png,Bulldogs,SEC
Georgia Southern,290,https://cdn.collegefootballdata.com/logos/500/290.png,Eagles,Sun Belt
Georgia State,2247,https://cdn.collegefootballdata.com/logos/500/2247.png,Panthers,Sun Belt
Georgia Tech,59,https://cdn.collegefootballdata.com/logos/500/59.png,Yellow Jackets,ACC
Gettysburg,2248,[],Bullets,Centennial
Glenville State,2249,https://cdn.collegefootballdata.com/logos/500/2249.png,Pioneers,Mountain East
Grambling,2755,https://cdn.collegefootballdata.com/logos/500/2755.png,Tigers,SWAC
Grand Valley State,125,https://cdn.collegefootballdata.com/logos/500/125.png,Lakers,GLIAC
Greensboro,2256,https://cdn.collegefootballdata.com/logos/500/2256.png,Pride,USA South
Greenville,2257,https://cdn.collegefootballdata.com/logos/500/2257.png,Panthers,Upper Midwest
Grinnell,65,https://cdn.collegefootballdata.com/logos/500/65.png,Pioneers,Midwest
Grove City,146,https://cdn.collegefootballdata.com/logos/500/146.png,Wolverines,Presidents'
Guilford,2258,https://cdn.collegefootballdata.com/logos/500/2258.png,Quakers,Old Dominion
Gustavus Adolphus,2968,https://cdn.collegefootballdata.com/logos/500/2968.png,Golden Gusties,Minnesota
Hamilton,348,https://cdn.collegefootballdata.com/logos/500/348.png,Continentals,NESCAC
Hamline,162,https://cdn.collegefootballdata.com/logos/500/162.png,Pipers,Minnesota
Hampden Sydney,297,https://cdn.collegefootballdata.com/logos/500/297.png,Tigers,Old Dominion
Hampton,2261,https://cdn.collegefootballdata.com/logos/500/2261.png,Pirates,CAA
Hanover,2262,https://cdn.collegefootballdata.com/logos/500/2262.png,Panthers,Heartland
Harding,2264,https://cdn.collegefootballdata.com/logos/500/2264.png,Bisons,Great American
Hardin Simmons,2810,https://cdn.collegefootballdata.com/logos/500/2810.png,Cowboys,American Southwest
Hartwick,173,https://cdn.collegefootballdata.com/logos/500/173.png,Hawks,Empire 8
Harvard,108,https://cdn.collegefootballdata.com/logos/500/108.png,Crimson,Ivy
Hawai'i,62,https://cdn.collegefootballdata.com/logos/500/62.png,Rainbow Warriors,Mountain West
Heidelberg,191,https://cdn.collegefootballdata.com/logos/500/191.png,Student Princes,Ohio
Henderson State,2271,https://cdn.collegefootballdata.com/logos/500/2271.png,Reddies,Great American
Hendrix,418,https://cdn.collegefootballdata.com/logos/500/418.png,Warriors,Southern Athletic
Hilbert,125974,,Hawks,Empire 8
Hillsdale,2273,https://cdn.collegefootballdata.com/logos/500/2273.png,Chargers,Great Midwest Athletic
Hiram,2274,https://cdn.collegefootballdata.com/logos/500/2274.png,Terriers,Presidents'
Hobart,174,https://cdn.collegefootballdata.com/logos/500/174.png,Statesmen,Liberty League
Holy Cross,107,https://cdn.collegefootballdata.com/logos/500/107.png,Crusaders,Patriot
Hope,2812,https://cdn.collegefootballdata.com/logos/500/2812.png,Flying Dutchmen,Michigan
Houston,248,https://cdn.collegefootballdata.com/logos/500/248.png,Cougars,Big 12
Houston Christian,2277,https://cdn.collegefootballdata.com/logos/500/2277.png,Huskies,Southland
Howard,47,https://cdn.collegefootballdata.com/logos/500/47.png,Bison,MEAC
Howard Payne,2758,https://cdn.collegefootballdata.com/logos/500/2758.png,Yellow Jackets,American Southwest
Huntingdon,2938,https://cdn.collegefootballdata.com/logos/500/2938.png,Hawks,USA South
Husson,2280,https://cdn.collegefootballdata.com/logos/500/2280.png,Eagles,Commonwealth Coast
Idaho,70,https://cdn.collegefootballdata.com/logos/500/70.png,Vandals,Big Sky
Idaho State,304,https://cdn.collegefootballdata.com/logos/500/304.png,Bengals,Big Sky
Illinois,356,https://cdn.collegefootballdata.com/logos/500/356.png,Fighting Illini,Big Ten
Illinois College,2286,https://cdn.collegefootballdata.com/logos/500/2286.png,Blueboys,Midwest
Illinois State,2287,https://cdn.collegefootballdata.com/logos/500/2287.png,Redbirds,MVFC
Illinois Wesleyan,306,https://cdn.collegefootballdata.com/logos/500/306.png,Titans,CCIW
Incarnate Word,2916,https://cdn.collegefootballdata.com/logos/500/2916.png,Cardinals,Southland
Indiana,84,https://cdn.collegefootballdata.com/logos/500/84.png,Hoosiers,Big Ten
Indianapolis,2292,https://cdn.collegefootballdata.com/logos/500/2292.png,Greyhounds,Great Lakes
Indiana State,282,https://cdn.collegefootballdata.com/logos/500/282.png,Sycamores,MVFC
Iowa,2294,https://cdn.collegefootballdata.com/logos/500/2294.png,Hawkeyes,Big Ten
Iowa State,66,https://cdn.collegefootballdata.com/logos/500/66.png,Cyclones,Big 12
Ithaca,175,https://cdn.collegefootballdata.com/logos/500/175.png,Bombers,Liberty League
IU Pennsylvania,2291,https://cdn.collegefootballdata.com/logos/500/2291.png,Crimson Hawks,Pennsylvania State Athletic
Jackson State,2296,https://cdn.collegefootballdata.com/logos/500/2296.png,Tigers,SWAC
Jacksonville State,55,https://cdn.collegefootballdata.com/logos/500/55.png,Gamecocks,Conference USA
James Madison,256,https://cdn.collegefootballdata.com/logos/500/256.png,Dukes,Sun Belt
Jamestown,2939,[],Jimmies,Northern Sun
John Carroll,2302,https://cdn.collegefootballdata.com/logos/500/2302.png,Blue Streaks,Ohio
Johns Hopkins,118,https://cdn.collegefootballdata.com/logos/500/118.png,Blue Jays,Centennial
Johnson C. Smith,2304,https://cdn.collegefootballdata.com/logos/500/2304.png,Golden Bulls,CIAA
Juniata,246,https://cdn.collegefootballdata.com/logos/500/246.png,Eagles,Landmark Conference
Kalamazoo,126,https://cdn.collegefootballdata.com/logos/500/126.png,Hornets,Michigan
Kansas,2305,https://cdn.collegefootballdata.com/logos/500/2305.png,Jayhawks,Big 12
Kansas State,2306,https://cdn.collegefootballdata.com/logos/500/2306.png,Wildcats,Big 12
Kean,2871,https://cdn.collegefootballdata.com/logos/500/2871.png,Cougars,New Jersey
Kennesaw State,338,https://cdn.collegefootballdata.com/logos/500/338.png,Owls,Conference USA
Kent State,2309,https://cdn.collegefootballdata.com/logos/500/2309.png,Golden Flashes,Mid-American
Kentucky,96,https://cdn.collegefootballdata.com/logos/500/96.png,Wildcats,SEC
Kentucky State,2310,https://cdn.collegefootballdata.com/logos/500/2310.png,Thorobreds,SIAC
Kentucky Wesleyan,2316,https://cdn.collegefootballdata.com/logos/500/2316.png,Panthers,Great Midwest Athletic
Kenyon,352,https://cdn.collegefootballdata.com/logos/500/352.png,Owls,North Coast
Keystone,122774,,Giants,Independent DIII
King's,247,https://cdn.collegefootballdata.com/logos/500/247.png,Monarchs,Mid Atlantic
Knox,255,https://cdn.collegefootballdata.com/logos/500/255.png,Prairie Fire,Midwest
Kutztown,2315,https://cdn.collegefootballdata.com/logos/500/2315.png,Golden Bears,Pennsylvania State Athletic
Lafayette,322,https://cdn.collegefootballdata.com/logos/500/322.png,Leopards,Patriot
LaGrange,548,https://cdn.collegefootballdata.com/logos/500/548.png,Panthers,USA South
Lake Erie,437,https://cdn.collegefootballdata.com/logos/500/437.png,Storm,Great Midwest Athletic
Lake Forest,262,https://cdn.collegefootballdata.com/logos/500/262.png,Foresters,Midwest
Lakeland,6353,https://cdn.collegefootballdata.com/logos/500/6353.png,Muskies,NACC
Lamar,2320,https://cdn.collegefootballdata.com/logos/500/2320.png,Cardinals,Southland
Lane College,2323,https://cdn.collegefootballdata.com/logos/500/2323.png,Dragons,SIAC
La Verne,2318,https://cdn.collegefootballdata.com/logos/500/2318.png,Leopards,So. Cal.
Lawrence,268,https://cdn.collegefootballdata.com/logos/500/268.png,Vikings,Midwest
Lebanon Valley,388,https://cdn.collegefootballdata.com/logos/500/388.png,Flying Dutchmen,Mid Atlantic
Lehigh,2329,https://cdn.collegefootballdata.com/logos/500/2329.png,Mountain Hawks,Patriot
Lenoir Rhyne,2331,https://cdn.collegefootballdata.com/logos/500/2331.png,Bears,South Atlantic
Lewis & Clark,2333,https://cdn.collegefootballdata.com/logos/500/2333.png,River Otters,Northwest
Liberty,2335,https://cdn.collegefootballdata.com/logos/500/2335.png,Flames,Conference USA
Limestone,2336,https://cdn.collegefootballdata.com/logos/500/2336.png,Saints,South Atlantic
Lincoln (CA),124179,,Oaklanders,Independent DII
Lincoln (MO),2876,https://cdn.collegefootballdata.com/logos/500/2876.png,Blue Tigers,Great Lakes
Lincoln (PA),2339,https://cdn.collegefootballdata.com/logos/500/2339.png,Lions,CIAA
Lindenwood,2815,https://cdn.collegefootballdata.com/logos/500/2815.png,Lions,Big South-OVC
Linfield,203,https://cdn.collegefootballdata.com/logos/500/203.png,Wildcats,Northwest
Livingstone,2940,https://cdn.collegefootballdata.com/logos/500/2940.png,Blue Bears,CIAA
Lock Haven,209,https://cdn.collegefootballdata.com/logos/500/209.png,Bald Eagles,Pennsylvania State Athletic
Long Island University,2341,https://cdn.collegefootballdata.com/logos/500/2341.png,Sharks,NEC
Loras,263,https://cdn.collegefootballdata.com/logos/500/263.png,Duhawks,American Rivers
Louisiana,309,https://cdn.collegefootballdata.com/logos/500/309.png,Ragin' Cajuns,Sun Belt
Louisiana Tech,2348,https://cdn.collegefootballdata.com/logos/500/2348.png,Bulldogs,Sun Belt
Louisville,97,https://cdn.collegefootballdata.com/logos/500/97.png,Cardinals,ACC
LSU,99,https://cdn.collegefootballdata.com/logos/500/99.png,Tigers,SEC
Luther,67,https://cdn.collegefootballdata.com/logos/500/67.png,Norse,Midwest
Lycoming,2354,https://cdn.collegefootballdata.com/logos/500/2354.png,Warriors,Landmark Conference
Lyon,101161,,Scots,Southern Collegiate Athletic
Macalester,2359,https://cdn.collegefootballdata.com/logos/500/2359.png,Scots,Minnesota
Maine,311,https://cdn.collegefootballdata.com/logos/500/311.png,Black Bears,CAA
Maine Maritime,274,[],Mariners,Commonwealth Coast
Manchester,2362,https://cdn.collegefootballdata.com/logos/500/2362.png,Spartans,Heartland
Marietta,317,https://cdn.collegefootballdata.com/logos/500/317.png,Pioneers,Ohio
Marist,2368,https://cdn.collegefootballdata.com/logos/500/2368.png,Red Foxes,Pioneer
Marshall,276,https://cdn.collegefootballdata.com/logos/500/276.png,Thundering Herd,Sun Belt
Mars Hill,2369,https://cdn.collegefootballdata.com/logos/500/2369.png,Lions,South Atlantic
Martin Luther,446,https://cdn.collegefootballdata.com/logos/500/446.png,Knights,Upper Midwest
Mary Hardin Baylor,2371,https://cdn.collegefootballdata.com/logos/500/2371.png,Crusaders,American Southwest
Maryland,120,https://cdn.collegefootballdata.com/logos/500/120.png,Terrapins,Big Ten
Maryville (TN),2373,https://cdn.collegefootballdata.com/logos/500/2373.png,Scots,USA South
Massachusetts,113,https://cdn.collegefootballdata.com/logos/500/113.png,Minutemen,Mid-American
Mass Maritime,110,https://cdn.collegefootballdata.com/logos/500/110.png,Buccaneers,MSCAC
McDaniel,2700,https://cdn.collegefootballdata.com/logos/500/2700.png,Green Terror,Centennial
McKendree,2816,https://cdn.collegefootballdata.com/logos/500/2816.png,Bearcats,Great Lakes
McMurry,241,https://cdn.collegefootballdata.com/logos/500/241.png,War Hawks,American Southwest
McNeese,2377,https://cdn.collegefootballdata.com/logos/500/2377.png,Cowboys,Southland
Memphis,235,https://cdn.collegefootballdata.com/logos/500/235.png,Tigers,American Athletic
Mercer,2382,https://cdn.collegefootballdata.com/logos/500/2382.png,Bears,Southern
Merchant Marine,2383,https://cdn.collegefootballdata.com/logos/500/2383.png,Mariners,NEWMAC
Mercyhurst,2385,https://cdn.collegefootballdata.com/logos/500/2385.png,Lakers,NEC
Merrimack,2771,https://cdn.collegefootballdata.com/logos/500/2771.png,Warriors,FCS Independents
Methodist,291,https://cdn.collegefootballdata.com/logos/500/291.png,Monarchs,USA South
Miami,2390,https://cdn.collegefootballdata.com/logos/500/2390.png,Hurricanes,ACC
Miami (OH),193,https://cdn.collegefootballdata.com/logos/500/193.png,RedHawks,Mid-American
Michigan,130,https://cdn.collegefootballdata.com/logos/500/130.png,Wolverines,Big Ten
Michigan State,127,https://cdn.collegefootballdata.com/logos/500/127.png,Spartans,Big Ten
Michigan Tech,2392,https://cdn.collegefootballdata.com/logos/500/2392.png,Huskies,GLIAC
Middlebury,2394,https://cdn.collegefootballdata.com/logos/500/2394.png,Panthers,NESCAC
Middle Tennessee,2393,https://cdn.collegefootballdata.com/logos/500/2393.png,Blue Raiders,Conference USA
Midwestern State,2395,[],Mustangs,Lone Star
Miles,2396,https://cdn.collegefootballdata.com/logos/500/2396.png,Golden Bears,SIAC
Millersville,210,https://cdn.collegefootballdata.com/logos/500/210.png,Marauders,Pennsylvania State Athletic
Millikin,74,https://cdn.collegefootballdata.com/logos/500/74.png,Big Blue,CCIW
Millsaps,2398,https://cdn.collegefootballdata.com/logos/500/2398.png,Majors,Southern Athletic
Minnesota,135,https://cdn.collegefootballdata.com/logos/500/135.png,Golden Gophers,Big Ten
Minnesota Duluth,134,https://cdn.collegefootballdata.com/logos/500/134.png,Bulldogs,Northern Sun
Minnesota Morris,2399,https://cdn.collegefootballdata.com/logos/500/2399.png,Cougars,Upper Midwest
Minnesota State,2364,https://cdn.collegefootballdata.com/logos/500/2364.png,Mavericks,Northern Sun
Minnesota St Moorhead,2817,https://cdn.collegefootballdata.com/logos/500/2817.png,Dragons,Northern Sun
Minot State,568,https://cdn.collegefootballdata.com/logos/500/568.png,Beavers,Northern Sun
Misericordia,2969,https://cdn.collegefootballdata.com/logos/500/2969.png,Cougars,Mid Atlantic
Mississippi College,2401,https://cdn.collegefootballdata.com/logos/500/2401.png,Choctaws,Gulf South
Mississippi State,344,https://cdn.collegefootballdata.com/logos/500/344.png,Bulldogs,SEC
Mississippi Valley State,2400,https://cdn.collegefootballdata.com/logos/500/2400.png,Delta Devils,SWAC
Missouri,142,https://cdn.collegefootballdata.com/logos/500/142.png,Tigers,SEC
Missouri Southern State,2403,https://cdn.collegefootballdata.com/logos/500/2403.png,Lions,Mid America
Missouri S&T,2402,https://cdn.collegefootballdata.com/logos/500/2402.png,Miners,Great Lakes
Missouri State,2623,https://cdn.collegefootballdata.com/logos/500/2623.png,Bears,Conference USA
Missouri Western,137,https://cdn.collegefootballdata.com/logos/500/137.png,Griffons,Mid America
MIT,109,https://cdn.collegefootballdata.com/logos/500/109.png,Engineers,NEWMAC
Monmouth,2405,https://cdn.collegefootballdata.com/logos/500/2405.png,Hawks,CAA
Monmouth (IL),2919,https://cdn.collegefootballdata.com/logos/500/2919.png,Fighting Scots,Midwest
Montana,149,https://cdn.collegefootballdata.com/logos/500/149.png,Grizzlies,Big Sky
Montana State,147,https://cdn.collegefootballdata.com/logos/500/147.png,Bobcats,Big Sky
Montclair State,2818,https://cdn.collegefootballdata.com/logos/500/2818.png,Red Hawks,New Jersey
Moravian,323,https://cdn.collegefootballdata.com/logos/500/323.png,Greyhounds,Landmark Conference
Morehead State,2413,https://cdn.collegefootballdata.com/logos/500/2413.png,Eagles,Pioneer
Morehouse,60,https://cdn.collegefootballdata.com/logos/500/60.png,Maroon Tigers,SIAC
Morgan State,2415,https://cdn.collegefootballdata.com/logos/500/2415.png,Bears,MEAC
Mount Ida College,481,[],Mustangs,ECFC
Mount St Joseph,2419,https://cdn.collegefootballdata.com/logos/500/2419.png,Lions,Heartland
Mount Union,426,https://cdn.collegefootballdata.com/logos/500/426.png,Purple Raiders,Ohio
Muhlenberg,2422,https://cdn.collegefootballdata.com/logos/500/2422.png,Mules,Centennial
Murray State,93,https://cdn.collegefootballdata.com/logos/500/93.png,Racers,MVFC
Muskingum,332,https://cdn.collegefootballdata.com/logos/500/332.png,Fighting Muskies,Ohio
Navy,2426,https://cdn.collegefootballdata.com/logos/500/2426.png,Midshipmen,American Athletic
NC State,152,https://cdn.collegefootballdata.com/logos/500/152.png,Wolfpack,ACC
Nebraska,158,https://cdn.collegefootballdata.com/logos/500/158.png,Cornhuskers,Big Ten
Nebraska Kearney,2438,https://cdn.collegefootballdata.com/logos/500/2438.png,Lopers,Mid America
Nebraska Wesleyan,6845,https://cdn.collegefootballdata.com/logos/500/6845.png,Prairie Wolves,American Rivers
Nevada,2440,https://cdn.collegefootballdata.com/logos/500/2440.png,Wolf Pack,Mountain West
Newberry,2444,https://cdn.collegefootballdata.com/logos/500/2444.png,Wolves,South Atlantic
New England,111675,,Nor'easters,Commonwealth Coast
New Hampshire,160,https://cdn.collegefootballdata.com/logos/500/160.png,Wildcats,CAA
New Haven,2441,https://cdn.collegefootballdata.com/logos/500/2441.png,Chargers,NEC
New Mexico,167,https://cdn.collegefootballdata.com/logos/500/167.png,Lobos,Mountain West
New Mexico Highlands,2424,https://cdn.collegefootballdata.com/logos/500/2424.png,Cowboys,Rocky Mountain
New Mexico State,166,https://cdn.collegefootballdata.com/logos/500/166.png,Aggies,Conference USA
Nicholls,2447,https://cdn.collegefootballdata.com/logos/500/2447.png,Colonels,Southland
Nichols,2884,https://cdn.collegefootballdata.com/logos/500/2884.png,Bison,Commonwealth Coast
Norfolk State,2450,https://cdn.collegefootballdata.com/logos/500/2450.png,Spartans,MEAC
North Alabama,2453,https://cdn.collegefootballdata.com/logos/500/2453.png,Lions,UAC
North Carolina,153,https://cdn.collegefootballdata.com/logos/500/153.png,Tar Heels,ACC
North Carolina A&T,2448,https://cdn.collegefootballdata.com/logos/500/2448.png,Aggies,CAA
North Carolina Central,2428,https://cdn.collegefootballdata.com/logos/500/2428.png,Eagles,MEAC
North Carolina Wesleyan,286,https://cdn.collegefootballdata.com/logos/500/286.png,Battling Bishops,USA South
North Central College,3071,https://cdn.collegefootballdata.com/logos/500/3071.png,Cardinals,CCIW
North Dakota,155,https://cdn.collegefootballdata.com/logos/500/155.png,Fighting Hawks,MVFC
North Dakota State,2449,https://cdn.collegefootballdata.com/logos/500/2449.png,Bison,Mountain West
Northeastern State,196,https://cdn.collegefootballdata.com/logos/500/196.png,RiverHawks,Independent DII
Northern Arizona,2464,https://cdn.collegefootballdata.com/logos/500/2464.png,Lumberjacks,Big Sky
Northern Colorado,2458,https://cdn.collegefootballdata.com/logos/500/2458.png,Bears,Big Sky
Northern Illinois,2459,https://cdn.collegefootballdata.com/logos/500/2459.png,Huskies,Mountain West
Northern Iowa,2460,https://cdn.collegefootballdata.com/logos/500/2460.png,Panthers,MVFC
Northern Michigan,128,https://cdn.collegefootballdata.com/logos/500/128.png,Wildcats,GLIAC
Northern State,425,[],Wolves,Northern Sun
North Greenville,2822,https://cdn.collegefootballdata.com/logos/500/2822.png,Trailblazers,Carolinas
North Park,75,https://cdn.collegefootballdata.com/logos/500/75.png,Vikings,CCIW
North Texas,249,https://cdn.collegefootballdata.com/logos/500/249.png,Mean Green,American Athletic
Northwestern,77,https://cdn.collegefootballdata.com/logos/500/77.png,Wildcats,Big Ten
Northwestern (MN),583,https://cdn.collegefootballdata.com/logos/500/583.png,Eagles,Upper Midwest
Northwestern (OK),2823,https://cdn.collegefootballdata.com/logos/500/2823.png,Rangers,Great American
Northwestern State,2466,https://cdn.collegefootballdata.com/logos/500/2466.png,Demons,Southland
Northwest Missouri State,138,https://cdn.collegefootballdata.com/logos/500/138.png,Bearcats,Mid America
Northwood,2886,https://cdn.collegefootballdata.com/logos/500/2886.png,Timberwolves,Great Midwest Athletic
Norwich,2467,https://cdn.collegefootballdata.com/logos/500/2467.png,Cadets,NEWMAC
Notre Dame,87,https://cdn.collegefootballdata.com/logos/500/87.png,Fighting Irish,FBS Independents
Notre Dame College,587,https://cdn.collegefootballdata.com/logos/500/587.png,Blue Falcons,Mountain East
Oberlin,391,https://cdn.collegefootballdata.com/logos/500/391.png,Yeomen,North Coast
Occidental,2475,[],Tigers,So. Cal.
Ohio,195,https://cdn.collegefootballdata.com/logos/500/195.png,Bobcats,Mid-American
Ohio Dominican,2477,,Panthers,Great Midwest Athletic
Ohio Northern,427,https://cdn.collegefootballdata.com/logos/500/427.png,Polar Bears,Ohio
Ohio State,194,https://cdn.collegefootballdata.com/logos/500/194.png,Buckeyes,Big Ten
Ohio Wesleyan,2980,https://cdn.collegefootballdata.com/logos/500/2980.png,Battling Bishops,North Coast
Oklahoma,201,https://cdn.collegefootballdata.com/logos/500/201.png,Sooners,SEC
Oklahoma Baptist,319,https://cdn.collegefootballdata.com/logos/500/319.png,Bison,Great American
Oklahoma Panhandle,2824,[],OK PANHANDLE ST,Independent DII
Oklahoma State,197,https://cdn.collegefootballdata.com/logos/500/197.png,Cowboys,Big 12
Old Dominion,295,https://cdn.collegefootballdata.com/logos/500/295.png,Monarchs,Sun Belt
Ole Miss,145,https://cdn.collegefootballdata.com/logos/500/145.png,Rebels,SEC
Olivet,354,https://cdn.collegefootballdata.com/logos/500/354.png,Comets,Michigan
Oregon,2483,https://cdn.collegefootballdata.com/logos/500/2483.png,Ducks,Big Ten
Oregon State,204,https://cdn.collegefootballdata.com/logos/500/204.png,Beavers,Pac-12
Otterbein,359,https://cdn.collegefootballdata.com/logos/500/359.png,Cardinals,Ohio
Ouachita Baptist,2888,https://cdn.collegefootballdata.com/logos/500/2888.png,Tigers,Great American
Pace,2487,https://cdn.collegefootballdata.com/logos/500/2487.png,Setters,Northeast 10
Pacific Lutheran,2486,https://cdn.collegefootballdata.com/logos/500/2486.png,Lutes,Northwest
Pacific (OR),205,https://cdn.collegefootballdata.com/logos/500/205.png,Boxers,Northwest
Penn State,213,https://cdn.collegefootballdata.com/logos/500/213.png,Nittany Lions,Big Ten
Pennsylvania,219,https://cdn.collegefootballdata.com/logos/500/219.png,Quakers,Ivy
Pittsburgh,221,https://cdn.collegefootballdata.com/logos/500/221.png,Panthers,ACC
Pittsburg State,90,https://cdn.collegefootballdata.com/logos/500/90.png,Gorillas,Mid America
Plymouth State,2972,https://cdn.collegefootballdata.com/logos/500/2972.png,Panthers,MSCAC
Pomona Pitzer,2923,https://cdn.collegefootballdata.com/logos/500/2923.png,Sagehens,So. Cal.
Portland State,2502,https://cdn.collegefootballdata.com/logos/500/2502.png,Vikings,Big Sky
Post,126086,,Eagles,Northeast 10
Prairie View A&M,2504,https://cdn.collegefootballdata.com/logos/500/2504.png,Panthers,SWAC
Presbyterian,2506,https://cdn.collegefootballdata.com/logos/500/2506.png,Blue Hose,Pioneer
Princeton,163,https://cdn.collegefootballdata.com/logos/500/163.png,Tigers,Ivy
Puget Sound,2508,https://cdn.collegefootballdata.com/logos/500/2508.png,Loggers,Northwest
Purdue,2509,https://cdn.collegefootballdata.com/logos/500/2509.png,Boilermakers,Big Ten
Quincy,2825,https://cdn.collegefootballdata.com/logos/500/2825.png,Hawks,Great Lakes
Randolph Macon,2516,https://cdn.collegefootballdata.com/logos/500/2516.png,Yellow Jackets,Old Dominion
Redlands,29,https://cdn.collegefootballdata.com/logos/500/29.png,Bulldogs,So. Cal.
Rensselaer,2528,https://cdn.collegefootballdata.com/logos/500/2528.png,Engineers,Liberty League
Rhode Island,227,https://cdn.collegefootballdata.com/logos/500/227.png,Rams,CAA
Rhodes,2519,https://cdn.collegefootballdata.com/logos/500/2519.png,Lynx,Southern Athletic
Rice,242,https://cdn.collegefootballdata.com/logos/500/242.png,Owls,American Athletic
Richmond,257,https://cdn.collegefootballdata.com/logos/500/257.png,Spiders,Patriot
Ripon,2891,https://cdn.collegefootballdata.com/logos/500/2891.png,Red Hawks,Midwest
Robert Morris,2523,https://cdn.collegefootballdata.com/logos/500/2523.png,Colonials,NEC
Rochester (NY),184,https://cdn.collegefootballdata.com/logos/500/184.png,Yellow Jackets,Liberty League
Rockford,2524,https://cdn.collegefootballdata.com/logos/500/2524.png,Regents,NACC
Roosevelt,127991,,Lakers,GLIAC
Rose Hulman,86,https://cdn.collegefootballdata.com/logos/500/86.png,Fightin' Engineers,Heartland
Rowan,2827,https://cdn.collegefootballdata.com/logos/500/2827.png,Profs,New Jersey
Rutgers,164,https://cdn.collegefootballdata.com/logos/500/164.png,Scarlet Knights,Big Ten
Sacramento State,16,https://cdn.collegefootballdata.com/logos/500/16.png,Hornets,Mid-American
Sacred Heart,2529,https://cdn.collegefootballdata.com/logos/500/2529.png,Pioneers,CAA
Saginaw Valley State,129,https://cdn.collegefootballdata.com/logos/500/129.png,Cardinals,GLIAC
Saint Anselm,2830,https://cdn.collegefootballdata.com/logos/500/2830.png,Hawks,Northeast 10
Saint Francis,2598,https://cdn.collegefootballdata.com/logos/500/2598.png,Red Flash,Presidents'
Saint John's (MN),2600,https://cdn.collegefootballdata.com/logos/500/2600.png,Johnnies,Minnesota
Saint Vincent,2614,https://cdn.collegefootballdata.com/logos/500/2614.png,Bearcats,Presidents'
Salisbury,2532,https://cdn.collegefootballdata.com/logos/500/2532.png,Sea Gulls,New Jersey
Salve Regina,2776,https://cdn.collegefootballdata.com/logos/500/2776.png,Seahawks,NEWMAC
Samford,2535,https://cdn.collegefootballdata.com/logos/500/2535.png,Bulldogs,Southern
Sam Houston,2534,https://cdn.collegefootballdata.com/logos/500/2534.png,Bearkats,Conference USA
San Diego,301,https://cdn.collegefootballdata.com/logos/500/301.png,Toreros,Pioneer
San Diego State,21,https://cdn.collegefootballdata.com/logos/500/21.png,Aztecs,Pac-12
San José State,23,https://cdn.collegefootballdata.com/logos/500/23.png,Spartans,Mountain West
Savannah State,2542,https://cdn.collegefootballdata.com/logos/500/2542.png,Tigers,SIAC
Schreiner,1001088,,Mountaineers,American Southwest
SE Louisiana,2545,https://cdn.collegefootballdata.com/logos/500/2545.png,Lions,Southland
Seton Hill,611,https://cdn.collegefootballdata.com/logos/500/611.png,Griffins,Pennsylvania State Athletic
Sewanee,2553,https://cdn.collegefootballdata.com/logos/500/2553.png,Tigers,Southern Athletic
Shaw,2551,https://cdn.collegefootballdata.com/logos/500/2551.png,Bears,CIAA
Shenandoah,2828,https://cdn.collegefootballdata.com/logos/500/2828.png,Hornets,Old Dominion
Shepherd,2974,https://cdn.collegefootballdata.com/logos/500/2974.png,Rams,Pennsylvania State Athletic
Shippensburg,2559,https://cdn.collegefootballdata.com/logos/500/2559.png,Raiders,Pennsylvania State Athletic
Shorter,2560,https://cdn.collegefootballdata.com/logos/500/2560.png,Hawks,Carolinas
Simon Fraser,2829,https://cdn.collegefootballdata.com/logos/500/2829.png,Clansmen,Lone Star
Simpson (IA),2564,https://cdn.collegefootballdata.com/logos/500/2564.png,Storm,American Rivers
Sioux Falls,2894,https://cdn.collegefootballdata.com/logos/500/2894.png,Cougars,Northern Sun
Slippery Rock,215,https://cdn.collegefootballdata.com/logos/500/215.png,The Rock,Pennsylvania State Athletic
SMU,2567,https://cdn.collegefootballdata.com/logos/500/2567.png,Mustangs,ACC
South Alabama,6,https://cdn.collegefootballdata.com/logos/500/6.png,Jaguars,Sun Belt
South Carolina,2579,https://cdn.collegefootballdata.com/logos/500/2579.png,Gamecocks,SEC
South Carolina State,2569,https://cdn.collegefootballdata.com/logos/500/2569.png,Bulldogs,MEAC
South Dakota,233,https://cdn.collegefootballdata.com/logos/500/233.png,Coyotes,MVFC
South Dakota Mines,613,https://cdn.collegefootballdata.com/logos/500/613.png,Hardrockers,Rocky Mountain
South Dakota State,2571,https://cdn.collegefootballdata.com/logos/500/2571.png,Jackrabbits,MVFC
Southeastern Oklahoma State,199,https://cdn.collegefootballdata.com/logos/500/199.png,Savage Storm,Great American
Southeast Missouri State,2546,https://cdn.collegefootballdata.com/logos/500/2546.png,Redhawks,Big South-OVC
Southern,2582,https://cdn.collegefootballdata.com/logos/500/2582.png,Jaguars,SWAC
Southern Arkansas,2568,https://cdn.collegefootballdata.com/logos/500/2568.png,Muleriders,Great American
Southern Connecticut State,2583,https://cdn.collegefootballdata.com/logos/500/2583.png,Owls,Northeast 10
Southern Illinois,79,https://cdn.collegefootballdata.com/logos/500/79.png,Salukis,MVFC
Southern Miss,2572,https://cdn.collegefootballdata.com/logos/500/2572.png,Golden Eagles,Sun Belt
Southern Nazarene,200,https://cdn.collegefootballdata.com/logos/500/200.png,Crimson Storm,Great American
Southern Utah,253,https://cdn.collegefootballdata.com/logos/500/253.png,Thunderbirds,Big Sky
Southern Virginia,2896,https://cdn.collegefootballdata.com/logos/500/2896.png,Knights,USA South
South Florida,58,https://cdn.collegefootballdata.com/logos/500/58.png,Bulls,American Athletic
Southwest Baptist,2586,https://cdn.collegefootballdata.com/logos/500/2586.png,Bearcats,Great Lakes
Southwestern Oklahoma State,2927,https://cdn.collegefootballdata.com/logos/500/2927.png,Bulldogs,Great American
Southwestern U,2588,https://cdn.collegefootballdata.com/logos/500/2588.png,Pirates,Southern Athletic
Southwest Minnesota State,2587,https://cdn.collegefootballdata.com/logos/500/2587.png,Mustangs,Northern Sun
Springfield,81,https://cdn.collegefootballdata.com/logos/500/81.png,Pride,NEWMAC
Stanford,24,https://cdn.collegefootballdata.com/logos/500/24.png,Cardinal,ACC
St. Augustine's,395,https://cdn.collegefootballdata.com/logos/500/395.png,Falcons,CIAA
Stephen F. Austin,2617,https://cdn.collegefootballdata.com/logos/500/2617.png,Lumberjacks,Southland
Stetson,56,https://cdn.collegefootballdata.com/logos/500/56.png,Hatters,Pioneer
Stevenson,471,https://cdn.collegefootballdata.com/logos/500/471.png,Mustangs,Mid Atlantic
St. John Fisher,374,https://cdn.collegefootballdata.com/logos/500/374.png,Cardinals,Empire 8
St. Joseph's (IN),2601,,Pumas,Great Lakes
St. Lawrence,2779,https://cdn.collegefootballdata.com/logos/500/2779.png,Saints,Liberty League
St. Norbert,2832,https://cdn.collegefootballdata.com/logos/500/2832.png,Green Knights,NACC
St. Olaf,133,https://cdn.collegefootballdata.com/logos/500/133.png,Oles,Minnesota
Stonehill,284,https://cdn.collegefootballdata.com/logos/500/284.png,Skyhawks,NEC
Stony Brook,2619,https://cdn.collegefootballdata.com/logos/500/2619.png,Seawolves,CAA
St. Scholastica,375,https://cdn.collegefootballdata.com/logos/500/375.png,Saints,Minnesota
St. Thomas (MN),2900,https://cdn.collegefootballdata.com/logos/500/2900.png,Tommies,Pioneer
Sul Ross State,2834,https://cdn.collegefootballdata.com/logos/500/2834.png,Lobos,Lone Star
SUNY Cortland,2782,https://cdn.collegefootballdata.com/logos/500/2782.png,Red Dragons,Empire 8
SUNY Maritime,2951,https://cdn.collegefootballdata.com/logos/500/2951.png,Privateers,NEWMAC
SUNY Morrisville,3110,https://cdn.collegefootballdata.com/logos/500/3110.png,Mustangs,Empire 8
Susquehanna,216,https://cdn.collegefootballdata.com/logos/500/216.png,River Hawks,Landmark Conference
Syracuse,183,https://cdn.collegefootballdata.com/logos/500/183.png,Orange,ACC
Tarleton State,2627,https://cdn.collegefootballdata.com/logos/500/2627.png,Texans,UAC
TCU,2628,https://cdn.collegefootballdata.com/logos/500/2628.png,Horned Frogs,Big 12
Temple,218,https://cdn.collegefootballdata.com/logos/500/218.png,Owls,American Athletic
Tennessee,2633,https://cdn.collegefootballdata.com/logos/500/2633.png,Volunteers,SEC
Tennessee State,2634,https://cdn.collegefootballdata.com/logos/500/2634.png,Tigers,Big South-OVC
Tennessee Tech,2635,https://cdn.collegefootballdata.com/logos/500/2635.png,Golden Eagles,Southern
Texas,251,https://cdn.collegefootballdata.com/logos/500/251.png,Longhorns,SEC
Texas A&M,245,https://cdn.collegefootballdata.com/logos/500/245.png,Aggies,SEC
Texas A&M-Kingsville,2658,https://cdn.collegefootballdata.com/logos/500/2658.png,Javelinas,Lone Star
Texas Lutheran,2639,https://cdn.collegefootballdata.com/logos/500/2639.png,Bulldogs,Southern Collegiate Athletic
Texas Southern,2640,https://cdn.collegefootballdata.com/logos/500/2640.png,Tigers,SWAC
Texas State,326,https://cdn.collegefootballdata.com/logos/500/326.png,Bobcats,Pac-12
Texas Tech,2641,https://cdn.collegefootballdata.com/logos/500/2641.png,Red Raiders,Big 12
The Citadel,2643,https://cdn.collegefootballdata.com/logos/500/2643.png,Bulldogs,Southern
The College of New Jersey,2442,https://cdn.collegefootballdata.com/logos/500/2442.png,Lions,New Jersey
Thiel,2644,https://cdn.collegefootballdata.com/logos/500/2644.png,Tomcats,Presidents'
Thomas More,2646,[],Saints,Great Midwest Athletic
Tiffin,2838,https://cdn.collegefootballdata.com/logos/500/2838.png,Dragons,Great Midwest Athletic
Tiffin University,625,,Dragons,Great Midwest Athletic
Toledo,2649,https://cdn.collegefootballdata.com/logos/500/2649.png,Rockets,Mid-American
Towson,119,https://cdn.collegefootballdata.com/logos/500/119.png,Tigers,CAA
Trine,2651,https://cdn.collegefootballdata.com/logos/500/2651.png,Thunder,Michigan
Trinity (CT),2977,https://cdn.collegefootballdata.com/logos/500/2977.png,Bantams,NESCAC
Trinity (TX),386,https://cdn.collegefootballdata.com/logos/500/386.png,Tigers,Southern Athletic
Troy,2653,https://cdn.collegefootballdata.com/logos/500/2653.png,Trojans,Sun Belt
Truman State,2654,https://cdn.collegefootballdata.com/logos/500/2654.png,Bulldogs,Great Lakes
Tufts,112,https://cdn.collegefootballdata.com/logos/500/112.png,Jumbos,NESCAC
Tulane,2655,https://cdn.collegefootballdata.com/logos/500/2655.png,Green Wave,American Athletic
Tulsa,202,https://cdn.collegefootballdata.com/logos/500/202.png,Golden Hurricane,American Athletic
Tusculum,2839,https://cdn.collegefootballdata.com/logos/500/2839.png,Pioneers,South Atlantic
Tuskegee,2657,https://cdn.collegefootballdata.com/logos/500/2657.png,Golden Tigers,SIAC
UAB,5,https://cdn.collegefootballdata.com/logos/500/5.png,Blazers,American Athletic
UAlbany,399,https://cdn.collegefootballdata.com/logos/500/399.png,Great Danes,CAA
UC Davis,302,https://cdn.collegefootballdata.com/logos/500/302.png,Aggies,Big Sky
UCF,2116,https://cdn.collegefootballdata.com/logos/500/2116.png,Knights,Big 12
UCLA,26,https://cdn.collegefootballdata.com/logos/500/26.png,Bruins,Big Ten
UConn,41,https://cdn.collegefootballdata.com/logos/500/41.png,Huskies,FBS Independents
UL Monroe,2433,https://cdn.collegefootballdata.com/logos/500/2433.png,Warhawks,Sun Belt
UMass Dartmouth,379,https://cdn.collegefootballdata.com/logos/500/379.png,Corsairs,MSCAC
UNC Pembroke,2882,https://cdn.collegefootballdata.com/logos/500/2882.png,Braves,Carolinas
Union,237,https://cdn.collegefootballdata.com/logos/500/237.png,Garnet Chargers,Liberty League
University of Mary,559,https://cdn.collegefootballdata.com/logos/500/559.png,Marauders,Northern Sun
UNLV,2439,https://cdn.collegefootballdata.com/logos/500/2439.png,Rebels,Mountain West
Upper Iowa,389,https://cdn.collegefootballdata.com/logos/500/389.png,Peacocks,Great Lakes
Ursinus,2667,https://cdn.collegefootballdata.com/logos/500/2667.png,Bears,Centennial
USC,30,https://cdn.collegefootballdata.com/logos/500/30.png,Trojans,Big Ten
Utah,254,https://cdn.collegefootballdata.com/logos/500/254.png,Utes,Big 12
Utah State,328,https://cdn.collegefootballdata.com/logos/500/328.png,Aggies,Pac-12
Utah Tech,3101,https://cdn.collegefootballdata.com/logos/500/3101.png,Trailblazers,Big Sky
UTEP,2638,https://cdn.collegefootballdata.com/logos/500/2638.png,Miners,Mountain West
Utica,390,https://cdn.collegefootballdata.com/logos/500/390.png,Pioneers,Empire 8
UT Martin,2630,https://cdn.collegefootballdata.com/logos/500/2630.png,Skyhawks,Big South-OVC
UT Permian Basin,110243,,Falcons,Lone Star
UT Rio Grande Valley,292,https://cdn.collegefootballdata.com/logos/500/292.png,Vaqueros,Southland
UTSA,2636,https://cdn.collegefootballdata.com/logos/500/2636.png,Roadrunners,American Athletic
UVA Wise,2842,https://cdn.collegefootballdata.com/logos/500/2842.png,Cavaliers,South Atlantic
Valdosta State,2673,https://cdn.collegefootballdata.com/logos/500/2673.png,Blazers,Gulf South
Valparaiso,2674,https://cdn.collegefootballdata.com/logos/500/2674.png,Beacons,Pioneer
Vanderbilt,238,https://cdn.collegefootballdata.com/logos/500/238.png,Commodores,SEC
Vermont State Castleton,293,https://cdn.collegefootballdata.com/logos/500/293.png,Spartans,New Jersey
Villanova,222,https://cdn.collegefootballdata.com/logos/500/222.png,Wildcats,Patriot
Virginia,258,https://cdn.collegefootballdata.com/logos/500/258.png,Cavaliers,ACC
Virginia State,330,https://cdn.collegefootballdata.com/logos/500/330.png,Trojans,CIAA
Virginia Tech,259,https://cdn.collegefootballdata.com/logos/500/259.png,Hokies,ACC
Virginia Union,2676,https://cdn.collegefootballdata.com/logos/500/2676.png,Panthers,CIAA
VMI,2678,https://cdn.collegefootballdata.com/logos/500/2678.png,Keydets,Southern
Wabash,89,https://cdn.collegefootballdata.com/logos/500/89.png,Little Giants,North Coast
Wagner,2681,https://cdn.collegefootballdata.com/logos/500/2681.png,Seahawks,NEC
Wake Forest,154,https://cdn.collegefootballdata.com/logos/500/154.png,Demon Deacons,ACC
Walsh,2682,[],Cavaliers,Great Midwest Athletic
Wartburg,2685,https://cdn.collegefootballdata.com/logos/500/2685.png,Knights,American Rivers
Washburn,2687,https://cdn.collegefootballdata.com/logos/500/2687.png,Ichabods,Mid America
Washington,264,https://cdn.collegefootballdata.com/logos/500/264.png,Huskies,Big Ten
Washington and Lee,2688,https://cdn.collegefootballdata.com/logos/500/2688.png,Generals,Old Dominion
Washington & Jefferson,2686,https://cdn.collegefootballdata.com/logos/500/2686.png,Presidents,Presidents'
Washington State,265,https://cdn.collegefootballdata.com/logos/500/265.png,Cougars,Pac-12
Washington St. Louis,143,https://cdn.collegefootballdata.com/logos/500/143.png,Bears,North Coast
Waynesburg,2845,https://cdn.collegefootballdata.com/logos/500/2845.png,Yellow Jackets,Presidents'
Wayne State (MI),131,https://cdn.collegefootballdata.com/logos/500/131.png,Warriors,GLIAC
Wayne State (NE),2844,https://cdn.collegefootballdata.com/logos/500/2844.png,Wildcats,Northern Sun
Weber State,2692,https://cdn.collegefootballdata.com/logos/500/2692.png,Wildcats,Big Sky
Wesleyan (CT),336,https://cdn.collegefootballdata.com/logos/500/336.png,Cardinals,NESCAC
West Alabama,2695,https://cdn.collegefootballdata.com/logos/500/2695.png,Tigers,Gulf South
West Chester,223,https://cdn.collegefootballdata.com/logos/500/223.png,Golden Rams,Pennsylvania State Athletic
Western Carolina,2717,https://cdn.collegefootballdata.com/logos/500/2717.png,Catamounts,Southern
Western Colorado,2714,https://cdn.collegefootballdata.com/logos/500/2714.png,Mountaineers,Rocky Mountain
Western Connecticut State,2843,https://cdn.collegefootballdata.com/logos/500/2843.png,Wolves,Landmark Conference
Western Illinois,2710,https://cdn.collegefootballdata.com/logos/500/2710.png,Leathernecks,Big South-OVC
Western Kentucky,98,https://cdn.collegefootballdata.com/logos/500/98.png,Hilltoppers,Conference USA
Western Michigan,2711,https://cdn.collegefootballdata.com/logos/500/2711.png,Broncos,Mid-American
Western New England,2702,https://cdn.collegefootballdata.com/logos/500/2702.png,Golden Bears,Commonwealth Coast
Western New Mexico,2703,https://cdn.collegefootballdata.com/logos/500/2703.png,Mustangs,Lone Star
Western Oregon,2848,https://cdn.collegefootballdata.com/logos/500/2848.png,Wolves,Lone Star
Westfield State,2909,https://cdn.collegefootballdata.com/logos/500/2909.png,Owls,MSCAC
West Florida,110242,,Argonauts,UAC
West Georgia,2698,https://cdn.collegefootballdata.com/logos/500/2698.png,Wolves,UAC
West Liberty,2699,https://cdn.collegefootballdata.com/logos/500/2699.png,Hilltoppers,Mountain East
Westminster (MO),433,https://cdn.collegefootballdata.com/logos/500/433.png,Blue Jays,Upper Midwest
Westminster (PA),2849,https://cdn.collegefootballdata.com/logos/500/2849.png,Titans,Presidents'
West Texas,2704,https://cdn.collegefootballdata.com/logos/500/2704.png,Buffaloes,Lone Star
West Virginia,277,https://cdn.collegefootballdata.com/logos/500/277.png,Mountaineers,Big 12
West Virginia State,2707,https://cdn.collegefootballdata.com/logos/500/2707.png,Yellow Jackets,Mountain East
West Virginia Wesleyan,455,https://cdn.collegefootballdata.com/logos/500/455.png,Bobcats,Mountain East
Wheaton (IL),396,https://cdn.collegefootballdata.com/logos/500/396.png,Thunder,CCIW
Wheeling,112335,,Cardinals,Mountain East
Whittier,2850,https://cdn.collegefootballdata.com/logos/500/2850.png,Poets,So. Cal.
Whitworth,2721,https://cdn.collegefootballdata.com/logos/500/2721.png,Pirates,Northwest
Widener,2725,https://cdn.collegefootballdata.com/logos/500/2725.png,Pride,Mid Atlantic
Wilkes,398,https://cdn.collegefootballdata.com/logos/500/398.png,Colonels,Landmark Conference
Willamette,2930,https://cdn.collegefootballdata.com/logos/500/2930.png,Bearcats,Northwest
William Jewell,2911,https://cdn.collegefootballdata.com/logos/500/2911.png,Cardinals,Great Lakes
William & Mary,2729,https://cdn.collegefootballdata.com/logos/500/2729.png,Tribe,Patriot
William Paterson,2970,https://cdn.collegefootballdata.com/logos/500/2970.png,Pioneers,New Jersey
Williams,2731,https://cdn.collegefootballdata.com/logos/500/2731.png,Ephs,NESCAC
Wilmington (OH),2733,https://cdn.collegefootballdata.com/logos/500/2733.png,Fightin' Quakers,Ohio
Wingate,351,https://cdn.collegefootballdata.com/logos/500/351.png,Bulldogs,South Atlantic
Winona State,2851,https://cdn.collegefootballdata.com/logos/500/2851.png,Warriors,Northern Sun
Winston-Salem State,2736,https://cdn.collegefootballdata.com/logos/500/2736.png,Rams,CIAA
Wisconsin,275,https://cdn.collegefootballdata.com/logos/500/275.png,Badgers,Big Ten
Wisconsin Eau Claire,2738,https://cdn.collegefootballdata.com/logos/500/2738.png,Blugolds,Wisconsin
Wisconsin La Crosse,2740,https://cdn.collegefootballdata.com/logos/500/2740.png,Eagles,Wisconsin
Wisconsin Lutheran,2741,https://cdn.collegefootballdata.com/logos/500/2741.png,Warriors,NACC
Wisconsin Oshkosh,271,https://cdn.collegefootballdata.com/logos/500/271.png,Titans,Wisconsin
Wisconsin Platteville,272,https://cdn.collegefootballdata.com/logos/500/272.png,Pioneers,Wisconsin
Wisconsin River Falls,2723,https://cdn.collegefootballdata.com/logos/500/2723.png,Falcons,Wisconsin
Wisconsin Stevens Point,2743,https://cdn.collegefootballdata.com/logos/500/2743.png,Pointers,Wisconsin
Wisconsin Stout,2744,https://cdn.collegefootballdata.com/logos/500/2744.png,Blue Devils,Wisconsin
Wisconsin Whitewater,2745,https://cdn.collegefootballdata.com/logos/500/2745.png,Warhawks,Wisconsin
Wittenberg,2746,https://cdn.collegefootballdata.com/logos/500/2746.png,Tigers,North Coast
Wofford,2747,https://cdn.collegefootballdata.com/logos/500/2747.png,Terriers,Southern
Wooster,2748,https://cdn.collegefootballdata.com/logos/500/2748.png,Fighting Scots,North Coast
Worcester State,402,https://cdn.collegefootballdata.com/logos/500/402.png,Lancers,MSCAC
WPI,2749,https://cdn.collegefootballdata.com/logos/500/2749.png,Engineers,NEWMAC
Wyoming,2751,https://cdn.collegefootballdata.com/logos/500/2751.png,Cowboys,Mountain West
Yale,43,https://cdn.collegefootballdata.com/logos/500/43.png,Bulldogs,Ivy
Youngstown State,2754,https://cdn.collegefootballdata.com/logos/500/2754.png,Penguins,MVFC
Finlandia University,109418,,Lions,Upper Midwest
