,player_name,id,player_id,att,yds,avg,td,int,qbr
20,Aaron Philo,59,5132812,18.5,141.25,7.9,0.25,0.5,71.6
21,Aidan Armenta,2433,5122054,10.5,50.5,3.95,0.0,0.5,27.5
22,Aidan Chiles,127,5075805,35.0,241.0,6.9,0.0,3.0,53.0
24,Aidan Warner,57,5155039,12.5,57.0,8.325,0.0,0.75,60.825
25,Alan Bowman,197,4362159,48.0,326.0,6.8,1.0,1.0,64.2
27,Alonza Barnett,256,4911929,34.0,388.0,11.4,5.0,0.0,95.5
28,Anthony Colandrea,258,5044387,29.09090909090909,193.1818181818182,6.6,1.1818181818181819,1.0,44.45454545454545
29,Antonio Williams,228,5081432,1.0,31.0,31.0,0.5,0.0,100.0
30,Arch Manning,251,4870906,15.0,156.33333333333334,10.033333333333333,1.5,0.3333333333333333,63.416666666666664
31,Ashton Daniels,24,4838679,24.636363636363637,154.54545454545453,6.245454545454546,0.9090909090909091,1.0909090909090908,53.49090909090909
32,Athan Kaliakmanis,164,4432722,25.0,269.0,10.8,0.0,0.0,77.6
33,Austin Mack,333,5079508,3.0,39.0,13.0,1.0,0.0,99.6
34,Austin Simmons,145,5141684,4.125,39.5,14.0375,0.25,0.0,63.5625
36,Ben Finley,2006,4431091,27.0,110.0,4.1,1.0,1.0,38.6
37,Ben Wooldridge,309,4373895,29.0,257.0,8.9,3.0,0.0,87.5
38,Billy Edwards,120,4592532,43.0,263.0,6.1,2.0,0.0,58.3
40,Bishop Davenport,6,4869553,8.0,50.0,6.3,0.0,0.0,18.6
41,Blake Horvath,2426,5081504,12.0,92.0,7.7,0.0,0.0,90.6
42,Blake Shapen,344,4565315,27.0,243.5,9.225,2.0,0.25,50.825
43,Brady Cook,142,4429435,26.923076923076923,214.53846153846155,8.038461538461538,0.9230769230769231,0.15384615384615385,69.77692307692308
44,Braedyn Locke,275,4702829,26.0,125.0,4.8,1.0,0.0,52.2
45,Brandon Nunez,166,5220782,4.0,12.0,3.0,0.0,0.0,42.4
46,Brendan Sorsby,2132,4899046,38.0,298.0,7.8,3.0,0.0,73.7
47,Brendan Sullivan,2294,4683058,18.0,131.0,7.3,1.0,1.0,43.4
49,Brian Buschini,158,4570906,1.0,8.0,8.0,0.0,0.0,100.0
50,Brock Glenn,52,4920158,16.285714285714285,85.28571428571429,5.528571428571429,0.5714285714285714,0.7142857142857143,32.74285714285714
51,Brock Vandagriff,96,4432782,19.818181818181817,144.8181818181818,7.181818181818182,0.9090909090909091,0.7272727272727273,55.92727272727273
53,Byrum Brown,58,4880272,32.5,178.5,5.7,0.0,0.0,57.35
54,CJ Bailey,152,5079301,27.454545454545453,219.27272727272728,8.39090909090909,1.5454545454545454,0.9090909090909091,58.154545454545456
55,CJ Harris,25,4686788,15.5,92.0,6.15,0.0,0.5,31.35
57,Cade Klubnik,228,4685413,34.5625,258.4375,7.84375,2.1875,0.5625,76.8625
59,Caden Veltkamp,98,4869991,24.0,121.5,3.5500000000000003,1.0,1.0,35.1
60,Caleb Hood,153,4595341,1.0,6.333333333333333,6.333333333333333,0.3333333333333333,0.0,28.733333333333334
61,Caleb Junko,221,4880229,1.0,3.0,3.0,0.0,0.0,1.5
62,Cameron Skattebo,9,4696981,1.0,42.0,42.0,1.0,0.0,100.0
63,Cameron Ward,2390,4688380,34.92857142857143,335.57142857142856,9.778571428571428,3.0,0.5714285714285714,85.84285714285714
64,Carson Beck,61,4430841,36.5,286.0,7.857142857142857,2.5,0.8571428571428571,78.92142857142858
65,Chandler Rogers,25,4570554,5.0,23.4,3.02,0.0,0.0,39.38
67,Christian Veilleux,2247,4432612,37.5,239.5,6.4,2.0,0.5,76.05000000000001
68,Christopher Vizzina,228,4899369,6.8,38.0,5.279999999999999,0.0,0.0,46.019999999999996
69,Collin Schlee,259,4428439,9.333333333333334,69.0,5.633333333333333,0.5,0.16666666666666666,26.78333333333333
70,Colton Joseph,295,5125715,2.0,12.0,6.0,0.0,0.0,3.1
71,Conner Harrell,153,4801306,9.25,70.5,6.125,0.5,0.25,28.2
72,Conner Weigman,245,4685574,19.0,136.5,7.3999999999999995,0.5,0.8333333333333334,46.88333333333333
73,Connor Bazelak,189,4426444,36.0,250.0,6.9,1.0,1.0,73.9
75,Cutter Boley,96,5141378,13.6,77.2,4.92,0.4,1.2,30.3
76,D.J. Lagway,57,5079555,15.714285714285714,148.5,9.164285714285715,1.0,0.7857142857142857,56.721428571428575
77,D.J. Uiagalelei,52,4429020,31.2,213.0,6.859999999999999,0.8,1.2,43.125
78,Darian Mensah,2655,5121169,32.0,166.0,5.2,1.0,1.0,24.9
79,Darius Taylor,135,4920901,1.0,10.0,10.0,1.0,0.0,100.0
80,David Lynch,221,5154302,9.0,37.0,3.733333333333333,0.0,1.0,10.733333333333334
81,Davis Beville,2579,4428887,3.5,23.0,9.25,0.5,0.0,78.65
82,Davis Warren,130,4878681,22.5,138.5,6.15,1.0,1.0,68.2
83,Demond Williams Jr.,264,5079653,32.0,374.0,11.7,4.0,1.0,85.2
84,Deshawn Purdie,2429,5138131,19.0,134.0,7.1,2.0,0.0,38.0
85,Devin Brown,194,4695709,1.0,6.0,6.0,0.0,0.0,90.4
86,Devin Kargman,2309,4685693,21.5,119.5,5.2,1.0,0.5,52.45
87,Dexter Williams II,290,4565355,4.0,36.0,9.0,0.0,0.0,89.7
88,Diego Pavia,238,5084180,22.333333333333332,176.2,8.093333333333334,1.6666666666666667,0.26666666666666666,71.59333333333333
89,Donovan Smith,248,4690977,28.0,260.0,9.3,1.0,1.0,83.5
90,Drake Lindsey,135,5144959,1.0,15.0,15.0,0.0,0.0,99.8
91,Drew Allar,213,4714771,22.0,127.0,5.8,0.0,0.0,56.3
92,Drew Pyne,142,4429088,13.666666666666666,65.16666666666667,4.666666666666667,0.5,0.5,31.25
93,Dylan Lonergan,333,4870900,6.0,23.0,3.8,0.0,0.0,65.2
94,Dylan Raiola,158,5079572,30.0,224.0,7.5,1.0,1.0,75.0
95,EJ Caminong,25,5110101,19.0,57.0,3.0,0.0,0.0,16.3
98,Eli Holstein,221,4870819,29.0,222.5,7.9,1.7,0.7,46.910000000000004
99,Eli Stowers,238,4431574,1.0,8.5,8.5,0.5,0.0,51.2
100,Elijah Arroyo,2390,4678006,1.0,7.0,7.0,1.0,0.0,100.0
101,Elijah Brown,24,5079318,16.0,91.33333333333333,7.133333333333333,0.6666666666666666,1.0,41.03333333333334
102,Emory Williams,2390,5075800,13.0,93.5,7.65,0.5,0.5,51.8
103,Ethan Garbers,26,4429068,36.0,281.0,7.8,2.0,1.0,47.4
104,Ethan Grunkemeyer,213,5144078,2.0,9.0,4.5,0.0,1.0,7.3
105,Ethan Hampton,2459,4618083,29.0,159.0,5.5,1.0,2.0,19.8
106,Ethan Vasko,324,4832918,21.0,222.0,10.6,1.0,1.0,45.1
107,Evan Bullock,2348,5076949,43.0,190.0,4.4,2.0,0.0,23.6
108,Fernando Mendoza,25,4837248,35.166666666666664,269.75,7.866666666666667,1.5,0.5,66.10833333333333
109,Forrest Brock,218,5151231,25.0,128.0,5.1,0.0,2.0,7.0
110,Garrett Greene,277,4429847,30.0,210.0,7.0,2.0,2.0,80.7
111,Garrett Nussmeier,99,4567747,40.30769230769231,310.6923076923077,7.800000000000001,2.230769230769231,0.9230769230769231,79.3153846153846
112,Gaston Moore,2633,4697122,5.4,40.2,6.82,0.4,0.4,31.2
114,Gavin Wimsatt,96,4893657,8.0,68.66666666666667,9.183333333333334,0.8333333333333334,0.8333333333333334,50.28333333333333
115,General Booty,2433,5081925,10.0,53.5,33.6,0.5,0.5,53.25
116,Giovanni Lopez,6,4920227,22.0,171.0,7.8,1.0,0.0,60.1
117,Graham Mertz,57,4426335,19.0,147.0,7.983333333333333,1.0,0.5,54.5
118,Grant Wilson,295,4695867,38.0,197.0,5.2,1.0,2.0,49.9
119,Grayson James,103,4567707,27.666666666666668,200.33333333333334,7.433333333333334,1.0,0.3333333333333333,72.71666666666667
120,Grayson McCall,152,4427936,20.4,124.4,6.0,0.6,0.6,25.6
121,Gunner Stockton,61,4685578,16.0,123.0,8.700000000000001,0.3333333333333333,0.0,61.1
122,Hank Bachmeier,154,4426499,30.46153846153846,217.84615384615384,6.9692307692307685,1.2307692307692308,0.7692307692307693,53.93846153846154
123,Hank Brown,2,5089314,14.333333333333334,134.33333333333334,11.366666666666667,2.0,1.0,61.63333333333333
124,Harrison Bailey,97,4429145,11.0,75.66666666666667,8.799999999999999,1.0,0.0,79.33333333333333
125,Haynes King,59,4428993,26.0,201.6153846153846,7.361538461538462,1.4615384615384615,0.23076923076923078,68.14615384615385
126,Henry Belin IV,150,4685252,29.666666666666668,159.66666666666666,5.933333333333334,1.3333333333333333,0.6666666666666666,66.3
127,Holden Geriner,2,4714300,2.0,33.0,16.5,0.0,0.0,99.2
128,JC French,290,4685345,28.0,109.0,3.9,0.0,1.0,26.9
130,JP Pickles,2638,5193282,15.0,72.0,4.8,0.0,0.0,40.0
132,Jack Turner,2348,5092781,36.0,281.0,7.8,1.0,1.0,40.1
133,Jackson Arnold,201,4870607,24.6,142.1,5.76,1.2,0.3,48.56
134,Jacob Zeno,5,4426417,32.0,235.0,7.3,3.0,1.0,73.9
135,Jacobe Robinson,103,4949488,3.0,23.0,7.7,0.0,0.0,2.7
136,Jacolby Criswell,153,4429463,26.666666666666668,204.91666666666666,7.283333333333334,1.25,0.5,50.24166666666667
137,Jake Merklinger,2633,5079531,4.5,24.0,5.6,0.0,0.0,22.05
138,Jake Retzlaff,252,5150611,28.0,202.0,7.2,1.0,2.0,29.6
139,Jalen Milroe,333,4432734,24.53846153846154,218.76923076923077,9.907692307692308,1.2307692307692308,0.8461538461538461,73.23076923076923
142,Jaxson Dart,145,4689114,31.133333333333333,337.3333333333333,10.933333333333334,2.3333333333333335,0.4666666666666667,84.94666666666667
143,Jayden Maiava,30,4685454,39.0,295.0,7.6,4.0,3.0,73.8
144,Jaylin Lane,259,4602667,1.0,6.0,6.0,1.0,0.0,100.0
145,Joey Aguilar,2026,5151948,41.0,214.0,5.2,1.0,0.0,45.7
146,Josh Hoover,2628,4685401,42.5,374.5,8.8,2.5,1.0,75.7
147,Julian Dugger,221,5155864,13.0,72.0,5.5,2.0,1.0,74.6
149,Justin Lamson,24,4684502,6.714285714285714,42.857142857142854,7.757142857142857,0.5714285714285714,0.2857142857142857,59.17142857142857
151,KJ Jackson,8,5079516,4.0,59.0,14.8,0.0,0.0,91.4
152,KJ Jefferson,2116,4567149,22.0,165.0,7.5,0.0,1.0,16.8
153,Kadin Semonza,2050,5091890,27.5,150.5,5.449999999999999,0.5,0.5,34.650000000000006
156,Kanyon Floyd,9,5147726,1.0,32.0,32.0,0.0,0.0,100.0
157,Katin Houser,151,4795295,29.0,147.0,5.1,0.0,2.0,55.7
159,Ken Seals,2628,4431375,3.0,19.0,6.3,1.0,0.0,99.9
160,Kevin Concepcion,152,4870653,1.0,28.0,28.0,0.0,0.0,100.0
161,Kevin Jennings,2567,5084084,25.384615384615383,226.23076923076923,9.26923076923077,1.5384615384615385,0.7692307692307693,68.83076923076922
163,Kyle McCord,183,4433971,45.53846153846154,367.61538461538464,8.392307692307693,2.6153846153846154,0.9230769230769231,73.21538461538461
164,Kyron Drones,259,4678010,25.7,188.4,7.359999999999999,1.2,0.7,55.470000000000006
165,Lanorris Sellers,2579,4875127,24.692307692307693,207.0,8.46923076923077,1.3846153846153846,0.6153846153846154,68.42307692307692
166,Lex Thomas,152,4875128,4.0,32.5,7.4,0.5,0.5,49.5
167,Luke Altmyer,356,4597679,22.0,174.0,7.9,1.0,1.0,87.7
168,Luke Elzinga,201,4427146,1.0,22.0,22.0,0.0,0.0,66.66666666666667
169,Luke Kromenhoek,52,5079542,16.0,91.71428571428571,5.328571428571428,0.42857142857142855,0.2857142857142857,33.15714285714286
170,Maalik Murphy,150,4685497,35.083333333333336,244.33333333333334,6.991666666666667,2.1666666666666665,1.0,52.925000000000004
171,Malachi Fields,258,4682648,1.0,17.0,17.0,0.0,0.0,67.56666666666666
172,Malachi Singleton,8,4870999,7.0,89.5,9.275,0.25,0.0,31.15
173,Marcel Reed,245,4870971,24.0,186.4,10.32,1.5,0.6,69.41
176,Matthew Golden,251,4701936,2.0,30.0,15.0,0.0,0.0,79.8
177,Max Brosmer,135,4573398,25.0,188.5,7.6,0.5,0.5,61.800000000000004
178,Max Brown,2429,4875125,12.0,175.0,14.6,0.0,0.0,80.8
179,Max Johnson,153,4685740,19.0,71.0,3.7,0.0,1.0,37.0
180,Micah Ford,24,5143191,1.0,10.5,10.5,1.0,0.0,100.0
181,Michael Hawkins Jr.,201,5079465,17.142857142857142,111.85714285714286,6.928571428571429,0.42857142857142855,0.2857142857142857,44.34285714285715
182,Michael Johnson Jr.,183,4570048,3.0,31.0,10.3,0.0,0.0,2.2
183,Michael Kern,154,4567031,8.0,52.333333333333336,6.466666666666666,0.16666666666666666,0.6666666666666666,11.9
184,Michael Merdinger,153,5144313,12.0,86.0,7.2,0.0,1.0,3.0
185,Michael Van Buren Jr.,344,5079620,28.444444444444443,209.55555555555554,7.355555555555556,1.2222222222222223,0.7777777777777778,60.42222222222222
186,Mike Wright,77,4433932,36.0,158.0,4.4,0.0,1.0,20.7
188,Miles O'Neill,245,5145396,6.0,51.0,8.5,1.0,0.0,97.8
189,Miller Moss,30,4431580,36.0,378.0,10.5,1.0,0.0,79.2
190,Nate Johnson,238,4868300,1.5,6.0,3.0,0.0,0.0,53.15
191,Nate Yarnell,221,4683182,20.875,132.0,6.225,1.25,0.625,50.1125
192,Navy Shuler,2633,4565892,3.0,10.0,3.3,0.0,0.0,16.1
193,Nicholas Barr-Mira,344,4569416,1.0,11.0,11.0,0.0,0.0,100.0
194,Nick Poulos,195,5228762,19.0,110.0,5.8,0.0,1.0,18.7
195,Nick Vattiato,2393,4682518,33.0,168.0,5.05,0.5,1.0,38.95
196,Nico Iamaleava,2633,4870799,25.5,201.92857142857142,8.378571428571428,1.5,0.5,70.37857142857142
197,Noah Kim,324,4690158,12.0,80.0,6.7,1.0,0.0,71.2
198,OJ Arnold,290,4838269,1.0,12.0,12.0,1.0,0.0,99.5
199,Owen McCown,2636,4775136,29.0,132.0,4.6,0.0,0.0,59.3
200,Parker Navarro,195,4610131,30.0,181.0,6.0,0.0,1.0,17.2
201,Payton Thorne,2,4430590,28.666666666666668,239.83333333333334,8.5,1.8333333333333333,1.0833333333333333,62.291666666666664
204,Preston Stone,2567,4432767,8.5,70.16666666666667,7.833333333333333,0.8333333333333334,0.16666666666666666,53.15
205,Quinn Ewers,251,4889929,30.214285714285715,236.85714285714286,8.157142857142857,2.2142857142857144,0.7857142857142857,75.09285714285714
206,Quinn Henicle,295,5193346,12.0,38.0,3.2,0.0,1.0,10.1
209,Rickie Collins,99,4870645,1.6666666666666667,11.666666666666666,7.0,0.0,0.0,48.199999999999996
210,Robby Ashford,2579,4697512,5.333333333333333,54.0,7.316666666666666,0.3333333333333333,0.0,58.833333333333336
211,Rocco Becht,66,4801299,36.0,270.0,7.5,3.0,0.0,77.2
213,Sam Leavitt,9,5078810,33.0,145.5,4.15,0.0,0.5,72.65
214,Santino Marucci,166,4570743,19.0,80.0,4.2,0.0,0.0,12.4
215,Sawyer Robertson,239,4432759,51.0,445.0,8.7,2.0,1.0,72.1
216,Sean Atkins,58,4571563,1.0,12.0,12.0,1.0,0.0,100.0
217,Seth Henigan,235,4606194,38.0,272.0,7.2,2.0,1.0,71.1
219,Stone Earle,276,4691272,36.0,131.0,3.6,1.0,1.0,13.8
220,Suderian Harrison,258,5114331,1.0,27.0,27.0,0.0,0.0,100.0
221,TJ Finley,98,4431948,31.0,92.0,3.0,0.0,2.0,23.1
223,Tate Rodemaker,2572,4433886,19.0,126.0,6.6,0.0,2.0,23.7
224,Taylen Green,8,4431325,29.307692307692307,242.53846153846155,8.63076923076923,1.1538461538461537,0.6923076923076923,70.08461538461539
226,Taylor Tatum,201,5079719,1.0,8.0,8.0,0.5,0.0,51.4
227,Thomas Castellanos,103,4773919,21.0,179.44444444444446,8.988888888888889,2.3333333333333335,0.7777777777777778,43.6125
228,Tony Muskett,258,4775264,10.857142857142858,77.85714285714286,7.7,0.42857142857142855,0.42857142857142855,75.94285714285715
231,Trey Goodman,2638,4879298,2.0,27.0,13.5,0.0,1.0,96.3
232,Trey Owens,251,5123665,4.0,19.0,4.8,0.0,0.0,39.0
233,Tucker Gleason,2649,4429801,39.0,310.5,8.45,2.5,0.5,80.69999999999999
234,Ty Simpson,333,4685522,6.25,41.75,5.1,0.0,0.0,57.824999999999996
235,Ty Thompson,2655,4432774,15.0,66.0,5.65,1.0,1.5,55.3
236,Tyler Huff,55,4574356,27.0,160.0,5.9,1.0,1.0,81.8
237,Tyler Shough,97,4360689,31.307692307692307,255.6153846153846,8.438461538461539,1.7692307692307692,0.46153846153846156,74.44615384615385
238,Tyler Van Dyke,275,4685186,5.0,16.0,3.2,0.0,0.0,93.0
241,Walker White,2,5079764,5.0,18.0,3.6,0.0,0.0,0.5
242,Will Hammond,2641,5126468,34.0,280.0,8.2,1.0,2.0,50.1
243,Will Howard,194,4429955,31.0,300.0,9.75,1.5,1.0,94.35
244,William Watson III,259,4920153,19.333333333333332,160.33333333333334,8.233333333333333,0.3333333333333333,0.6666666666666666,54.5
247,Zach Pyron,59,4746127,13.0,81.8,5.720000000000001,0.4,0.6,52.42
