season,team,conference,totalPPA,totalPassingPPA,totalReceivingPPA,totalRushingPPA,percentPPA,percentPassingPPA,percentReceivingPPA,percentRushingPPA,usage,passingUsage,receivingUsage,rushingUsage
2024,Air Force,Mountain West,105.5,5.3,55.4,44.8,0.339,0.106,0.683,0.248,0.217,0.206,0.515,0.187
2024,Akron,Mid-American,174.5,64.9,90.4,19.1,0.718,0.91,0.681,0.49,0.759,0.994,0.666,0.525
2024,Alabama,SEC,306.6,140.9,70.9,94.8,0.604,1.009,0.303,0.705,0.547,0.946,0.268,0.404
2024,Appalachian State,Sun Belt,513.4,206.7,241.8,64.9,0.875,0.966,0.82,0.828,0.792,0.971,0.768,0.64
2024,Arizona,Pac-12,295.2,152.2,139.9,3.1,0.616,0.909,0.576,0.045,0.542,0.98,0.453,0.169
2024,Arizona State,Pac-12,146.7,35.2,40.8,70.7,0.614,0.905,0.337,0.897,0.595,0.585,0.426,0.796
2024,Arkansas,SEC,182.3,2.6,179.3,0.5,0.516,0.027,0.944,0.007,0.307,0.003,0.893,0.205
2024,Arkansas State,Sun Belt,341.7,113.3,174.7,53.7,0.85,1.038,0.739,0.95,0.849,0.769,0.823,0.938
2024,Army,FBS Independents,148.2,44.1,44.6,59.4,0.693,1.035,0.561,0.649,0.743,0.723,0.646,0.772
2024,Auburn,SEC,226.1,55.2,80.8,90.1,0.689,1.047,0.494,0.805,0.839,0.921,0.607,0.89
2024,Ball State,Mid-American,112.3,16.1,49.5,46.7,0.564,0.548,0.583,0.554,0.563,0.668,0.703,0.403
2024,Baylor,Big 12,205.8,31.8,134.4,39.7,0.552,0.308,0.655,0.621,0.596,0.283,0.736,0.855
2024,Boise State,Mountain West,264.8,78.2,104.2,82.4,0.491,0.525,0.421,0.578,0.485,0.377,0.379,0.611
2024,Boston College,ACC,352.1,84.0,126.9,141.1,0.878,1.024,0.738,0.959,0.84,0.915,0.725,0.834
2024,Bowling Green,Mid-American,249.6,101.3,74.7,73.6,0.662,0.969,0.43,0.749,0.721,0.972,0.319,0.782
2024,Buffalo,Mid-American,33.1,5.6,8.9,18.6,0.148,0.089,0.075,0.441,0.181,0.062,0.119,0.325
2024,BYU,Big 12,122.4,-9.0,103.3,28.0,0.588,-0.251,0.773,0.731,0.561,0.367,0.756,0.613
2024,California,Pac-12,219.9,75.0,88.0,56.9,0.601,0.84,0.505,0.554,0.661,0.718,0.477,0.716
2024,Central Michigan,Mid-American,180.6,17.6,127.1,35.8,0.517,0.169,0.816,0.401,0.519,0.025,0.801,0.702
2024,Charlotte,American Athletic,140.1,10.4,108.9,20.8,0.631,0.578,0.721,0.391,0.545,0.607,0.692,0.424
2024,Cincinnati,Big 12,128.0,2.1,78.5,47.5,0.315,0.025,0.399,0.385,0.33,0.095,0.45,0.452
2024,Clemson,ACC,276.5,76.3,121.0,79.2,0.768,0.842,0.749,0.732,0.775,0.961,0.738,0.617
2024,Coastal Carolina,Sun Belt,135.3,31.9,75.8,27.7,0.282,0.18,0.299,0.551,0.393,0.296,0.376,0.501
2024,Colorado,Pac-12,290.1,138.8,134.5,16.9,0.667,0.994,0.502,0.61,0.621,0.992,0.414,0.232
2024,Colorado State,Mountain West,319.9,172.8,151.7,-4.6,0.627,0.918,0.47,3.833,0.733,0.945,0.452,0.69
2024,Connecticut,FBS Independents,88.8,2.0,59.3,27.5,0.295,0.022,0.325,1.011,0.397,0.109,0.358,0.705
2024,Duke,ACC,168.3,52.3,100.0,16.1,0.492,0.533,0.567,0.237,0.496,0.525,0.608,0.399
2024,East Carolina,American Athletic,61.8,-1.7,68.9,-5.4,0.355,-0.08,0.497,-0.37,0.327,0.005,0.511,0.556
2024,Eastern Michigan,Mid-American,35.4,0.0,40.0,-4.6,0.198,0.0,0.385,-0.1,0.112,0.0,0.364,0.037
2024,Florida,SEC,322.6,134.9,144.1,43.6,0.715,0.907,0.636,0.574,0.718,0.909,0.638,0.571
2024,Florida Atlantic,American Athletic,7.8,3.7,8.6,-4.5,0.026,0.037,0.056,-0.089,0.083,0.036,0.132,0.091
2024,Florida International,Conference USA,188.6,70.2,92.3,26.0,0.61,0.924,0.455,0.85,0.804,0.894,0.492,0.934
2024,Florida State,ACC,98.4,-7.4,72.7,33.1,0.216,-0.047,0.317,0.483,0.262,0.127,0.353,0.328
2024,Fresno State,Mountain West,330.4,130.6,165.0,34.8,0.683,0.884,0.564,0.795,0.762,0.803,0.563,0.916
2024,Georgia,SEC,440.1,233.6,149.5,57.0,0.604,0.966,0.457,0.356,0.579,0.959,0.482,0.279
2024,Georgia Southern,Sun Belt,226.7,7.9,146.0,72.8,0.419,0.052,0.476,0.875,0.375,0.036,0.474,0.851
2024,Georgia State,Sun Belt,125.5,6.6,104.2,14.7,0.299,0.057,0.485,0.165,0.136,0.005,0.465,0.063
2024,Georgia Tech,ACC,330.5,118.0,134.8,77.7,0.804,1.0,0.718,0.739,0.832,1.0,0.722,0.761
2024,Hawai'i,Mountain West,401.9,126.2,268.7,7.1,0.897,0.964,0.916,0.296,0.883,0.996,0.871,0.676
2024,Houston,Big 12,231.9,105.4,88.4,38.1,0.635,0.977,0.39,1.274,0.828,0.995,0.452,0.942
2024,Illinois,Big Ten,195.4,78.9,72.9,43.5,0.451,0.547,0.305,0.867,0.554,0.674,0.328,0.614
2024,Indiana,Big Ten,126.1,37.0,96.0,-6.9,0.426,0.432,0.603,-0.137,0.285,0.34,0.526,0.058
2024,Iowa,Big Ten,63.5,5.3,66.1,-7.9,0.538,-1.233,0.525,2.079,0.617,0.272,0.567,0.927
2024,Iowa State,Big 12,391.3,158.9,218.0,14.4,0.904,0.945,0.865,1.134,0.762,0.995,0.832,0.463
2024,Jacksonville State,Conference USA,146.4,20.8,82.9,42.7,0.424,0.414,0.448,0.388,0.405,0.343,0.416,0.438
2024,James Madison,Sun Belt,20.2,-3.4,27.5,-3.9,0.037,-0.016,0.086,-0.169,0.056,0.032,0.094,0.052
2024,Kansas,Big 12,381.9,65.5,210.7,105.6,0.642,0.314,0.84,0.78,0.69,0.367,0.846,0.82
2024,Kansas State,Big 12,207.7,20.0,119.7,68.0,0.388,0.147,0.446,0.518,0.396,0.155,0.435,0.583
2024,Kent State,Mid-American,128.1,29.9,82.6,15.6,0.712,0.558,0.68,3.391,0.502,0.52,0.512,0.481
2024,Kentucky,SEC,138.8,9.0,118.5,11.3,0.361,0.078,0.572,0.183,0.186,0.008,0.57,0.105
2024,Liberty,Conference USA,486.1,179.5,110.3,196.2,0.74,1.029,0.423,0.886,0.821,0.966,0.403,0.881
2024,Louisiana,Sun Belt,204.2,51.8,118.5,34.0,0.493,0.437,0.592,0.357,0.577,0.584,0.661,0.51
2024,Louisiana Monroe,Sun Belt,39.0,-7.0,9.9,36.1,0.163,-0.417,0.057,0.723,0.239,0.089,0.066,0.468
2024,Louisiana Tech,Conference USA,101.0,41.3,52.0,7.8,0.259,0.375,0.219,0.184,0.27,0.344,0.256,0.191
2024,Louisville,ACC,75.4,9.5,59.4,6.5,0.164,0.074,0.251,0.069,0.169,0.023,0.403,0.152
2024,LSU,SEC,148.1,30.4,83.4,34.3,0.202,0.121,0.261,0.209,0.302,0.199,0.406,0.317
2024,Marshall,Sun Belt,88.1,19.2,68.4,0.5,0.261,0.206,0.411,0.006,0.26,0.283,0.294,0.207
2024,Maryland,Big Ten,191.2,-2.4,160.3,33.4,0.389,-0.015,0.598,0.508,0.413,0.086,0.612,0.676
2024,Memphis,American Athletic,500.8,205.2,247.0,48.6,0.792,0.938,0.731,0.644,0.735,0.988,0.681,0.471
2024,Miami,ACC,237.4,31.0,172.7,33.7,0.463,0.176,0.682,0.402,0.413,0.175,0.657,0.46
2024,Miami (OH),Mid-American,202.4,87.9,78.9,35.6,0.588,0.816,0.466,0.528,0.494,0.693,0.478,0.366
2024,Michigan,Big Ten,145.6,15.7,108.6,21.3,0.26,0.083,0.408,0.204,0.321,0.077,0.471,0.411
2024,Michigan State,Big Ten,78.8,1.6,87.5,-10.2,0.305,0.021,0.475,3.188,0.314,0.005,0.422,0.589
2024,Middle Tennessee,Conference USA,228.7,106.5,77.5,44.7,0.558,0.945,0.315,0.87,0.795,0.98,0.398,0.912
2024,Minnesota,Big Ten,144.9,3.7,96.9,44.3,0.541,0.078,0.624,0.678,0.386,0.003,0.603,0.566
2024,Mississippi State,SEC,50.4,-4.6,33.7,21.4,0.185,-0.076,0.204,0.461,0.223,0.077,0.246,0.354
2024,Missouri,SEC,466.9,171.5,253.1,42.3,0.876,1.0,0.935,0.465,0.659,1.0,0.888,0.228
2024,Navy,American Athletic,91.2,-22.1,71.3,42.0,0.56,-7.129,0.764,0.631,0.603,0.284,0.745,0.711
2024,NC State,ACC,106.6,3.6,93.1,9.8,0.346,0.042,0.555,0.18,0.212,0.011,0.451,0.236
2024,Nebraska,Big Ten,152.1,29.4,81.4,41.3,0.608,0.543,0.692,0.526,0.589,0.632,0.575,0.568
2024,Nevada,Mountain West,120.5,50.9,9.0,60.5,0.496,0.898,0.063,1.369,0.677,0.912,0.185,0.758
2024,New Mexico,Mountain West,363.1,144.5,178.8,39.8,0.796,0.978,0.824,0.438,0.758,0.997,0.782,0.54
2024,New Mexico State,Conference USA,75.4,0.0,40.3,35.0,0.134,0.0,0.148,0.251,0.099,0.0,0.202,0.129
2024,North Carolina,ACC,243.1,-1.5,181.8,62.9,0.457,-0.01,0.713,0.518,0.454,0.088,0.718,0.629
2024,Northern Illinois,Mid-American,205.7,20.4,104.3,81.0,0.589,0.218,0.698,0.761,0.575,0.093,0.784,0.833
2024,North Texas,American Athletic,110.5,8.9,102.4,-0.8,0.192,0.06,0.339,-0.006,0.1,0.006,0.337,0.028
2024,Northwestern,Big Ten,144.2,4.8,133.6,5.7,0.419,0.057,0.608,0.141,0.42,0.024,0.702,0.657
2024,Notre Dame,FBS Independents,214.4,48.5,150.0,15.9,0.37,0.247,0.526,0.162,0.346,0.139,0.514,0.42
2024,Ohio,Mid-American,68.4,10.4,51.2,6.8,0.165,0.073,0.235,0.122,0.274,0.066,0.256,0.461
2024,Ohio State,Big Ten,120.7,4.9,79.2,36.6,0.224,0.024,0.288,0.626,0.318,0.138,0.382,0.45
2024,Oklahoma,Big 12,279.4,49.2,188.9,41.2,0.401,0.183,0.596,0.369,0.37,0.176,0.519,0.432
2024,Oklahoma State,Big 12,399.6,149.5,179.8,70.3,0.821,0.973,0.704,0.898,0.8,0.933,0.655,0.78
2024,Old Dominion,Sun Belt,191.3,54.4,97.2,39.7,0.556,0.791,0.459,0.631,0.567,0.868,0.477,0.313
2024,Ole Miss,SEC,444.0,167.1,209.0,67.9,0.813,0.889,0.749,0.866,0.641,0.924,0.648,0.392
2024,Oregon,Pac-12,298.2,23.6,213.8,60.8,0.355,0.077,0.568,0.385,0.323,0.037,0.613,0.374
2024,Oregon State,Pac-12,36.7,0.5,32.7,3.5,0.069,0.003,0.122,0.032,0.08,0.081,0.178,0.017
2024,Penn State,Big Ten,321.4,110.0,120.6,90.8,0.747,0.962,0.565,0.888,0.857,0.992,0.51,0.934
2024,Pittsburgh,ACC,171.0,39.4,113.5,18.1,0.538,0.451,0.551,0.727,0.418,0.17,0.625,0.564
2024,Purdue,Big Ten,183.9,70.3,70.2,43.4,0.517,0.909,0.33,0.662,0.688,0.998,0.307,0.613
2024,Rice,American Athletic,218.5,11.7,143.9,62.8,0.472,0.075,0.6,0.921,0.512,0.352,0.647,0.58
2024,Rutgers,Big Ten,124.4,4.5,76.3,43.6,0.42,0.079,0.491,0.521,0.421,0.01,0.491,0.686
2024,Sam Houston State,Conference USA,120.4,-0.4,135.4,-14.6,0.421,-0.004,0.742,-29.2,0.48,0.065,0.826,0.682
2024,San Diego State,Mountain West,90.7,0.0,59.7,31.0,0.391,0.0,0.511,0.53,0.408,0.0,0.505,0.654
2024,San José State,Mountain West,104.6,-0.7,109.3,-4.0,0.238,-0.006,0.477,-0.043,0.118,0.003,0.407,0.044
2024,SMU,American Athletic,593.8,219.1,292.1,82.6,0.925,0.989,0.908,0.839,0.915,0.982,0.901,0.865
2024,South Alabama,Sun Belt,207.3,25.5,122.8,58.9,0.37,0.153,0.491,0.414,0.343,0.139,0.545,0.385
2024,South Carolina,SEC,79.8,15.4,61.2,3.2,0.19,0.099,0.258,0.121,0.138,0.027,0.256,0.16
2024,Southern Mississippi,Sun Belt,70.8,8.5,40.8,21.4,0.233,0.161,0.235,0.276,0.283,0.123,0.363,0.385
2024,South Florida,American Athletic,406.7,121.1,204.7,80.9,0.862,1.0,0.787,0.89,0.905,1.0,0.812,0.878
2024,Stanford,Pac-12,232.7,49.4,146.3,37.1,0.856,1.008,0.777,1.088,0.845,0.974,0.755,0.746
2024,Syracuse,ACC,88.8,15.7,64.8,8.3,0.338,0.216,0.436,0.2,0.499,0.298,0.532,0.634
2024,TCU,Big 12,292.4,115.6,168.2,8.6,0.543,0.585,0.612,0.131,0.522,0.594,0.638,0.306
2024,Temple,American Athletic,94.7,-1.8,101.3,-4.8,0.232,-0.016,0.383,-0.14,0.175,0.036,0.447,0.101
2024,Tennessee,SEC,153.8,9.9,100.6,43.2,0.327,0.069,0.507,0.336,0.357,0.153,0.578,0.367
2024,Texas,Big 12,256.7,141.7,62.4,52.6,0.473,0.817,0.237,0.493,0.561,0.882,0.211,0.516
2024,Texas A&M,SEC,286.4,97.7,131.7,57.0,0.574,0.572,0.495,0.922,0.631,0.558,0.471,0.841
2024,Texas State,Sun Belt,231.5,1.5,176.4,53.6,0.39,0.008,0.681,0.369,0.362,0.002,0.678,0.466
2024,Texas Tech,Big 12,230.0,60.0,66.9,103.0,0.568,0.765,0.31,0.928,0.742,0.76,0.528,0.886
2024,Toledo,Mid-American,249.8,31.3,206.5,12.0,0.451,0.167,0.845,0.098,0.421,0.164,0.844,0.357
2024,Troy,Sun Belt,127.2,11.6,110.6,4.9,0.252,0.077,0.397,0.064,0.169,0.036,0.287,0.228
2024,Tulane,American Athletic,126.5,16.1,61.0,49.4,0.309,0.122,0.302,0.661,0.481,0.229,0.421,0.727
2024,Tulsa,American Athletic,252.4,103.5,106.3,42.6,0.701,0.891,0.572,0.731,0.677,0.753,0.527,0.703
2024,UAB,American Athletic,338.3,148.2,122.0,68.1,0.652,0.934,0.499,0.588,0.709,0.989,0.512,0.565
2024,UCF,Big 12,246.9,-0.2,151.5,95.5,0.402,-0.001,0.567,0.578,0.446,0.033,0.604,0.676
2024,UCLA,Pac-12,280.2,52.1,163.5,64.5,0.597,0.51,0.646,0.569,0.472,0.368,0.626,0.484
2024,UMass,FBS Independents,102.8,36.8,41.5,24.5,0.346,0.505,0.296,0.291,0.393,0.713,0.272,0.176
2024,UNLV,Mountain West,234.9,13.0,196.7,25.2,0.425,0.071,0.762,0.225,0.305,0.008,0.755,0.254
2024,USC,Pac-12,152.5,41.5,91.1,19.9,0.223,0.19,0.264,0.163,0.196,0.146,0.349,0.105
2024,Utah,Pac-12,92.7,12.6,77.6,2.5,0.317,0.244,0.467,0.034,0.276,0.032,0.464,0.362
2024,Utah State,Mountain West,189.5,2.2,166.0,21.4,0.475,0.02,0.716,0.381,0.312,0.008,0.595,0.456
2024,UTEP,Conference USA,93.2,65.2,30.9,-3.0,0.249,0.57,0.139,-0.08,0.3,0.596,0.125,0.138
2024,UT San Antonio,American Athletic,167.0,14.2,98.0,54.8,0.348,0.092,0.411,0.626,0.531,0.233,0.512,0.828
2024,Vanderbilt,SEC,49.9,0.0,57.8,-7.8,0.17,0.0,0.299,-0.236,0.238,0.0,0.349,0.455
2024,Virginia,ACC,240.8,109.2,101.5,30.0,0.629,0.918,0.5,0.49,0.716,0.986,0.511,0.595
2024,Virginia Tech,ACC,330.8,63.7,175.9,91.2,0.833,0.692,0.839,0.956,0.869,0.816,0.825,0.933
2024,Wake Forest,ACC,89.5,12.4,62.1,15.0,0.32,0.185,0.34,0.487,0.364,0.242,0.29,0.505
2024,Washington,Pac-12,18.2,2.5,14.1,1.6,0.025,0.009,0.039,0.018,0.035,0.002,0.069,0.042
2024,Washington State,Pac-12,139.3,15.5,105.1,18.7,0.274,0.095,0.369,0.312,0.217,0.028,0.382,0.341
2024,Western Kentucky,Conference USA,196.9,30.8,154.8,11.3,0.377,0.153,0.533,0.372,0.345,0.134,0.499,0.485
2024,Western Michigan,Mid-American,208.7,47.3,104.4,57.0,0.764,0.654,0.788,0.838,0.726,0.633,0.709,0.818
2024,West Virginia,Big 12,387.6,96.9,136.0,154.7,0.889,0.971,0.728,1.037,0.899,0.997,0.759,0.895
2024,Wisconsin,Big Ten,186.4,7.6,148.1,30.7,0.505,0.104,0.741,0.318,0.446,0.331,0.663,0.408
2024,Wyoming,Mountain West,81.8,8.4,47.8,25.5,0.266,0.107,0.3,0.366,0.448,0.14,0.404,0.69
