player_id,player_name,team,conference,total_comp,total_att,total_yds,total_td,total_int,avg_qbr,min_qbr,max_qbr,games_with_qbr,total_games,weighted_avg_qbr,season_completion_pct,season_yards_per_attempt,season_td_rate,season_int_rate
4428993,Haynes King,Georgia Tech,ACC,95,134,939,7,0,68.2,8.6,90.8,6,6,83.1955223880597,0.7089552238805971,7.007462686567164,0.05223880597014925,0.0
4567707,Grayson James,Boston College,ACC,61,93,733,5,1,84.5,70.4,99.7,4,4,80.34838709677419,0.6559139784946236,7.881720430107527,0.053763440860215055,0.010752688172043012
4689114,Jaxson Dart,Ole Miss,SEC,136,217,2060,12,4,80.58571428571427,52.2,98.2,7,7,79.52811059907833,0.6267281105990783,9.493087557603687,0.055299539170506916,0.018433179723502304
4688380,Cameron Ward,Miami,ACC,180,274,2341,18,3,77.6,50.7,94.2,7,7,77.54744525547446,0.656934306569343,8.543795620437956,0.06569343065693431,0.010948905109489052
4430841,Carson Beck,Georgia,SEC,228,346,2607,23,9,77.62222222222223,55.9,98.0,9,9,77.46156069364162,0.6589595375722543,7.534682080924855,0.06647398843930635,0.02601156069364162
4875127,Lanorris Sellers,South Carolina,SEC,156,233,2045,15,6,76.4,54.0,92.5,9,9,75.35622317596567,0.6695278969957081,8.776824034334764,0.06437768240343347,0.02575107296137339
4685413,Cade Klubnik,Clemson,ACC,209,328,2337,17,4,78.4,45.2,95.2,9,9,75.32469512195122,0.6371951219512195,7.125,0.051829268292682924,0.012195121951219513
5084084,Kevin Jennings,SMU,ACC,137,201,2013,13,6,73.60000000000001,11.4,95.8,7,7,75.0457711442786,0.681592039800995,10.014925373134329,0.06467661691542288,0.029850746268656716
4775264,Tony Muskett,Virginia,ACC,43,71,535,3,2,86.3,53.9,99.8,5,5,74.0338028169014,0.6056338028169014,7.535211267605634,0.04225352112676056,0.028169014084507043
4567747,Garrett Nussmeier,LSU,SEC,174,292,2083,11,7,74.62857142857142,56.5,90.9,7,7,73.37020547945207,0.5958904109589042,7.133561643835616,0.03767123287671233,0.023972602739726026
4360689,Tyler Shough,Louisville,ACC,177,290,2209,12,5,71.75555555555555,61.4,88.6,9,9,72.57689655172413,0.6103448275862069,7.617241379310345,0.041379310344827586,0.017241379310344827
4433971,Kyle McCord,Syracuse,ACC,253,381,2867,15,7,74.175,22.1,92.2,8,8,71.88451443569554,0.6640419947506562,7.524934383202099,0.03937007874015748,0.01837270341207349
4870971,Marcel Reed,Texas A&M,SEC,78,119,987,6,4,75.78,59.2,99.8,5,5,71.11344537815125,0.6554621848739496,8.294117647058824,0.05042016806722689,0.03361344537815126
4431325,Taylen Green,Arkansas,SEC,131,198,1576,8,4,67.92857142857143,40.9,90.4,7,7,71.05656565656567,0.6616161616161617,7.959595959595959,0.04040404040404041,0.020202020202020204
4432734,Jalen Milroe,Alabama,SEC,127,202,1688,5,9,73.48750000000001,15.4,99.3,8,8,70.57277227722771,0.6287128712871287,8.356435643564357,0.024752475247524754,0.04455445544554455
5084180,Diego Pavia,Vanderbilt,SEC,110,192,1412,11,4,69.9375,44.2,95.9,8,8,70.20156250000001,0.5729166666666666,7.354166666666667,0.057291666666666664,0.020833333333333332
4429435,Brady Cook,Missouri,SEC,91,155,1302,5,1,65.9857142857143,12.9,94.1,7,7,67.01290322580645,0.5870967741935483,8.4,0.03225806451612903,0.0064516129032258064
4870799,Nico Iamaleava,Tennessee,SEC,138,215,1620,12,3,67.475,17.5,90.8,8,8,66.82837209302325,0.641860465116279,7.534883720930233,0.05581395348837209,0.013953488372093023
4430590,Payton Thorne,Auburn,SEC,138,215,1675,11,3,66.71428571428571,43.1,86.1,7,7,66.76139534883721,0.641860465116279,7.790697674418604,0.05116279069767442,0.013953488372093023
5079620,Michael Van Buren Jr.,Mississippi State,SEC,121,220,1642,11,7,62.614285714285714,27.6,88.2,7,7,64.25454545454546,0.55,7.463636363636364,0.05,0.031818181818181815
4889929,Quinn Ewers,Texas,SEC,148,227,1616,16,5,66.78571428571429,23.9,90.0,7,7,63.84052863436123,0.6519823788546255,7.118942731277533,0.07048458149779736,0.022026431718061675
4685497,Maalik Murphy,Duke,ACC,147,244,1707,14,8,61.3,24.4,78.4,7,7,63.44754098360655,0.6024590163934426,6.995901639344262,0.05737704918032787,0.03278688524590164
4837248,Fernando Mendoza,California,ACC,182,263,2112,11,4,64.52857142857142,38.5,89.2,7,7,63.11558935361217,0.6920152091254753,8.03041825095057,0.04182509505703422,0.015209125475285171
5079301,CJ Bailey,NC State,ACC,135,211,1714,12,7,63.97142857142857,41.4,98.4,7,7,60.725118483412324,0.6398104265402843,8.123222748815166,0.05687203791469194,0.03317535545023697
5132812,Aaron Philo,Georgia Tech,ACC,35,69,516,1,2,65.83333333333333,46.2,92.8,3,3,58.836231884057966,0.5072463768115942,7.478260869565218,0.014492753623188406,0.028985507246376812
4838679,Ashton Daniels,Stanford,ACC,102,156,1067,5,6,63.314285714285724,45.2,97.1,7,7,57.73397435897436,0.6538461538461539,6.839743589743589,0.03205128205128205,0.038461538461538464
4426499,Hank Bachmeier,Wake Forest,ACC,128,213,1434,11,9,53.5625,15.3,84.9,8,8,57.5075117370892,0.6009389671361502,6.732394366197183,0.051643192488262914,0.04225352112676056
4685574,Conner Weigman,Texas A&M,SEC,41,70,594,1,3,44.25,3.2,93.7,4,4,56.994285714285716,0.5857142857142857,8.485714285714286,0.014285714285714285,0.04285714285714286
4429463,Jacolby Criswell,North Carolina,ACC,121,208,1563,9,3,56.214285714285715,4.3,93.4,7,7,55.48461538461539,0.5817307692307693,7.514423076923077,0.04326923076923077,0.014423076923076924
4746127,Zach Pyron,Georgia Tech,ACC,31,59,352,1,3,34.300000000000004,5.1,73.9,3,3,54.08983050847458,0.5254237288135594,5.966101694915254,0.01694915254237288,0.05084745762711865
4432782,Brock Vandagriff,Kentucky,SEC,61,111,800,6,6,53.78333333333333,18.1,81.5,6,6,54.04414414414414,0.5495495495495496,7.207207207207207,0.05405405405405406,0.05405405405405406
5079555,D.J. Lagway,Florida,SEC,73,128,1126,9,5,56.45,37.2,75.1,8,8,52.885156249999994,0.5703125,8.796875,0.0703125,0.0390625
4683182,Nate Yarnell,Pittsburgh,ACC,86,148,921,8,5,47.51666666666667,10.4,98.7,6,6,51.929054054054056,0.581081081081081,6.222972972972973,0.05405405405405406,0.033783783783783786
4678010,Kyron Drones,Virginia Tech,ACC,53,84,608,4,2,54.199999999999996,21.1,87.8,4,4,50.73690476190476,0.6309523809523809,7.238095238095238,0.047619047619047616,0.023809523809523808
4870607,Jackson Arnold,Oklahoma,SEC,93,144,883,5,0,54.1,19.4,82.4,6,6,47.62916666666667,0.6458333333333334,6.131944444444445,0.034722222222222224,0.0
4870819,Eli Holstein,Pittsburgh,ACC,92,161,1042,5,5,37.46666666666666,10.3,68.6,6,6,46.13416149068323,0.5714285714285714,6.472049689440993,0.031055900621118012,0.031055900621118012
4920158,Brock Glenn,Florida State,ACC,51,110,597,4,5,37.800000000000004,4.5,78.7,6,6,43.0009090909091,0.4636363636363636,5.427272727272728,0.03636363636363636,0.045454545454545456
5044387,Anthony Colandrea,Virginia,ACC,114,197,1093,6,7,36.714285714285715,12.7,63.2,7,7,37.9751269035533,0.5786802030456852,5.548223350253807,0.030456852791878174,0.03553299492385787
5079542,Luke Kromenhoek,Florida State,ACC,59,112,642,3,2,33.15714285714286,9.6,73.7,7,7,36.841071428571425,0.5267857142857143,5.732142857142857,0.026785714285714284,0.017857142857142856
5141378,Cutter Boley,Kentucky,SEC,32,68,386,2,6,30.3,0.1,82.7,5,5,35.15,0.47058823529411764,5.676470588235294,0.029411764705882353,0.08823529411764706
4429088,Drew Pyne,Missouri,SEC,33,65,274,3,3,22.45,3.6,67.1,4,4,32.74153846153846,0.5076923076923077,4.2153846153846155,0.046153846153846156,0.046153846153846156
4773919,Thomas Castellanos,Boston College,ACC,54,91,637,8,3,19.375,0.9,32.1,4,4,24.05824175824176,0.5934065934065934,7.0,0.08791208791208792,0.03296703296703297
