gameId,offense,defense,final_offense_score,final_defense_score,total_yards,total_plays,penalties,turnovers,explosives,third_down_attempts,third_down_success,fourth_down_attempts,fourth_down_success,total_ppa,avg_ppa,win
401752665,Alabama,Florida State,17,31,468,92,7,2,6,22,6,14,5,7.2161834917682315,0.10022477071900321,0
401752665,Florida State,Alabama,31,17,452,84,4,0,6,16,7,9,3,18.27356756878325,0.2900566280759246,1
401752666,Alabama A&M,Arkansas,7,52,295,85,6,1,4,16,1,10,1,2.7821739576795474,0.050584981048719044,0
401752666,Arkansas,Alabama A&M,52,7,647,105,5,1,10,16,8,5,1,30.539662179567163,0.4071954957275622,1
401752667,Auburn,Baylor,38,24,475,93,4,1,8,12,6,8,2,20.217113930775568,0.28881591329679385,1
401752667,Baylor,Auburn,24,38,659,94,10,0,10,18,7,11,5,21.518743744608447,0.3030808978113866,0
401752668,Florida,Long Island University,55,0,770,97,3,2,12,14,7,7,5,26.501984124837197,0.35813492060590807,1
401752668,Long Island University,Florida,0,55,166,64,5,1,5,16,1,12,3,-19.853616385326244,-0.46171200896107545,0
401752669,Georgia,Marshall,45,7,616,98,2,1,9,17,7,12,5,28.909148798026553,0.38038353681613885,1
401752669,Marshall,Georgia,7,45,207,75,5,0,2,17,3,13,1,0.031618853325632745,0.0006199775161888774,0
401752670,Kentucky,Toledo,24,16,462,89,5,2,4,18,10,9,1,6.334194383531429,0.09897178724267858,1
401752670,Toledo,Kentucky,16,24,338,88,4,3,6,17,6,13,1,2.753377642659917,0.040490847686175245,0
401752671,Clemson,LSU,10,17,394,74,2,1,6,15,3,13,5,-0.6482488257517396,-0.011176703892271373,0
401752671,LSU,Clemson,17,10,528,94,7,2,6,14,5,9,3,4.343706969253419,0.06205295670362027,1
401752672,Georgia State,Ole Miss,7,63,403,79,5,1,5,17,2,14,6,-2.6192309196431776,-0.04515915378695134,0
401752672,Ole Miss,Georgia State,63,7,866,106,7,3,16,14,8,7,4,40.816941643362775,0.5039128597946022,1
401752673,Mississippi State,Southern Miss,34,17,597,115,14,2,6,19,11,10,2,23.53622862617565,0.313816381682342,1
401752673,Southern Miss,Mississippi State,17,34,351,103,7,1,4,21,10,12,2,3.421188007155302,0.047516500099379196,0
401752674,Central Arkansas,Missouri,6,61,372,81,4,1,3,15,3,10,3,-9.388605712512897,-0.15391156905758846,0
401752674,Missouri,Central Arkansas,61,6,765,94,4,1,12,15,9,4,3,37.589602390498705,0.5527882704485103,1
401752675,Illinois State,Oklahoma,3,35,270,64,3,0,4,13,1,11,5,-10.446894477167485,-0.227106401677554,0
401752675,Oklahoma,Illinois State,35,3,498,85,5,2,7,10,5,6,2,33.07455387886121,0.4793413605632059,1
401752676,Syracuse,Tennessee,26,45,458,106,5,3,9,18,5,10,3,12.91863661864999,0.15379329307916653,0
401752676,Tennessee,Syracuse,45,26,515,88,5,1,7,15,7,6,1,29.559640243983242,0.43470059182328297,1
401752677,Ohio State,Texas,14,7,229,77,5,0,1,14,4,11,1,1.9289361058476602,0.03572103899717889,1
401752677,Texas,Ohio State,7,14,317,81,4,2,3,16,5,12,1,-8.043202023008677,-0.1200477913881892,0
401752678,Texas A&M,UTSA,42,25,397,89,6,0,10,13,3,13,3,20.4387401369984,0.3464193243559051,1
401752678,UTSA,Texas A&M,25,42,653,90,4,1,10,17,5,14,9,14.8755755779995,0.2220235160895448,0
401752679,Charleston Southern,Vanderbilt,3,45,199,67,4,2,2,17,4,11,3,-4.947304761919925,-0.10755010351999837,0
401752679,Vanderbilt,Charleston Southern,45,0,556,88,10,3,6,13,8,4,1,33.192383318419985,0.5625827681088134,1
401752680,South Carolina,Virginia Tech,24,11,393,76,3,1,8,15,4,10,2,9.13577681701197,0.1631388717323566,1
401752680,Virginia Tech,South Carolina,11,24,554,99,7,3,10,24,7,16,7,-1.0430886631555563,-0.014487342543827171,0
401752793,Buffalo,Minnesota,10,23,297,61,3,0,3,12,1,12,5,1.3294484874101593,0.030917406683957194,0
401752793,Minnesota,Buffalo,23,10,707,106,3,2,9,20,13,8,3,17.41908574390333,0.22332161210132476,1
401752794,Ohio,Rutgers,31,37,612,104,7,0,10,18,7,8,2,20.326644554016752,0.24198386373829467,0
401752794,Rutgers,Ohio,37,31,552,98,3,0,6,16,4,10,8,26.232833464100704,0.3279104183012588,1
401752795,Illinois,Western Illinois,52,3,508,82,6,0,5,12,4,5,4,31.92781249692258,0.54114936435462,1
401752795,Western Illinois,Illinois,3,52,291,76,8,1,4,15,4,13,3,-9.147156484340197,-0.17590685546808071,0
401752796,Cincinnati,Nebraska,17,20,356,73,5,1,3,16,3,8,3,10.608700490937416,0.19288546347158939,0
401752796,Nebraska,Cincinnati,20,17,429,99,3,2,4,20,10,10,3,11.642621258281876,0.1512028734841802,1
401752797,Florida Atlantic,Maryland,7,41,504,108,10,8,8,23,8,13,3,-20.754869167753217,-0.22807548535992547,0
401752797,Maryland,Florida Atlantic,41,7,675,111,9,0,13,22,6,15,3,2.917683657001893,0.03789199554547913,1
401752798,Missouri State,USC,13,73,438,79,5,2,7,17,4,11,4,-2.957275730988567,-0.05476436538867717,0
401752798,USC,Missouri State,73,13,734,78,4,2,9,8,6,1,1,47.92471747272298,0.8262882322883273,1
401752799,Iowa,UAlbany,34,7,483,86,2,1,4,18,10,7,4,17.290594729828666,0.2542734519092451,1
401752799,UAlbany,Iowa,7,34,252,64,4,0,4,13,2,10,4,-0.9012383212239848,-0.01917528343029755,0
401752800,UCLA,Utah,13,43,312,62,1,1,3,11,2,9,4,3.3344090190860904,0.06538056900168805,0
401752800,Utah,UCLA,43,13,467,92,1,1,2,17,14,2,1,35.88661016464053,0.437641587373665,1
401752801,Ball State,Purdue,0,31,324,68,4,0,5,14,4,11,3,-1.6556121608204608,-0.03246298354549923,0
401752801,Purdue,Ball State,31,0,525,77,3,1,7,12,4,8,4,23.022477433016718,0.39693926608649516,1
401752802,Michigan State,Western Michigan,25,6,508,86,3,2,8,15,6,7,2,0.5707390960397594,0.008153415657710848,1
401752802,Western Michigan,Michigan State,6,25,369,69,1,2,9,14,4,11,4,-11.546375695158137,-0.20256799465189712,0
401752803,Northwestern,Tulane,3,23,342,78,5,5,4,14,6,8,1,-8.160423146480982,-0.12953052613461877,0
401752803,Tulane,Northwestern,23,3,613,99,2,0,8,17,7,11,4,11.836681855751552,0.1599551602128588,1
401752804,Montana State,Oregon,13,59,432,77,8,2,8,13,3,11,4,4.637385611206433,0.08135764230186725,0
401752804,Oregon,Montana State,59,13,599,80,2,0,10,11,7,3,3,40.51188053843128,0.6329981334129887,1
401752805,Colorado State,Washington,21,38,401,77,4,1,8,14,3,11,4,10.538246052381094,0.17563743420635156,0
401752805,Washington,Colorado State,38,21,627,95,4,1,12,16,8,4,2,23.147873407528497,0.30863831210037995,1
401752806,Indiana,Old Dominion,27,14,639,115,3,1,9,19,12,8,3,9.027581498380618,0.1014334999818047,1
401752806,Old Dominion,Indiana,14,27,472,68,6,1,4,12,5,9,2,13.02321358128753,0.3028654321229658,0
401752807,Nevada,Penn State,11,46,363,71,6,3,5,13,4,10,2,-3.06276853874972,-0.061255370774994405,0
401752807,Penn State,Nevada,46,11,630,91,3,1,10,14,6,8,6,25.142107111856514,0.35411418467403544,1
401752808,Michigan,New Mexico,34,17,565,82,3,0,8,14,6,8,2,23.850637523669846,0.38468770199467495,1
401752808,New Mexico,Michigan,17,34,371,101,7,3,5,17,6,10,3,-3.9253710953462964,-0.05164961967560916,0
401752936,California,Oregon State,34,15,478,87,4,2,10,17,2,17,6,9.904072401829922,0.15974310325532132,1
401752936,Oregon State,California,15,34,641,78,3,3,13,12,4,11,8,5.5504615563145645,0.09099117305433713,0
401752947,Idaho,Washington State,10,13,351,84,3,2,3,18,6,9,3,1.1128126886848904,0.017663693471188735,0
401752947,Washington State,Idaho,13,10,315,79,5,2,5,12,3,10,3,3.2371633369113817,0.05885751521657057,1
401754373,East Carolina,NC State,17,24,474,98,8,0,7,19,7,13,2,12.082557760372403,0.16327780757260005,0
401754373,NC State,East Carolina,24,17,604,95,8,1,12,19,9,8,4,12.283336081307993,0.1780193634972173,1
401754374,Kennesaw State,Wake Forest,9,10,402,97,6,1,7,25,9,11,3,5.49509014741856,0.07425797496511569,0
401754374,Wake Forest,Kennesaw State,10,9,330,109,9,0,4,20,6,14,2,3.851080404913517,0.05275452609470571,1
401754375,Colorado,Georgia Tech,20,27,414,81,4,0,6,14,5,10,4,8.946916299260153,0.15164264914000258,0
401754375,Georgia Tech,Colorado,27,20,511,92,8,3,8,15,7,6,4,23.784997217803948,0.34977937085005806,1
401754516,Hawai'i,Stanford,23,20,508,80,3,0,8,11,4,8,2,2.707852753480169,0.041659273130464136,1
401754516,Stanford,Hawai'i,20,23,457,91,1,1,5,19,9,10,6,5.819182226247038,0.07656818718746101,0
401754517,Duke,Elon,45,17,681,79,3,1,12,12,6,3,2,29.604237017953327,0.501766729117853,1
401754517,Elon,Duke,17,45,451,88,8,0,8,18,8,11,4,12.08989934812748,0.19819507128077835,0
401754518,Boston College,Fordham,66,10,683,94,0,0,10,18,12,6,2,34.94562640689033,0.44802085137038883,1
401754518,Fordham,Boston College,10,66,350,85,1,1,6,16,4,13,5,-12.81365240992824,-0.19124854343176478,0
401754519,Eastern Kentucky,Louisville,17,51,396,79,8,1,6,18,5,12,4,-4.9375143610893275,-0.09316064832244014,0
401754519,Louisville,Eastern Kentucky,51,17,694,83,5,3,11,10,7,2,1,22.740398672397454,0.34455149503632504,1
401754520,Duquesne,Pittsburgh,9,61,416,90,11,0,7,20,2,16,4,-2.7527454449696585,-0.050049917181266515,0
401754520,Pittsburgh,Duquesne,61,9,530,88,3,1,8,15,6,9,4,25.52536138052838,0.39883377157075595,1
401754521,East Texas A&M,SMU,13,42,662,107,8,3,13,28,6,15,9,-12.944500366337474,-0.16595513290176248,0
401754521,SMU,East Texas A&M,42,10,498,87,8,3,4,13,4,6,1,13.229786482886325,0.20999661083946547,1
401754522,Miami,Notre Dame,27,24,436,91,4,1,4,18,6,12,4,11.152408495915564,0.16400600729287595,1
401754522,Notre Dame,Miami,24,27,396,77,3,3,6,11,4,7,2,10.495390218279947,0.18095500376344736,0
401754523,North Carolina,TCU,14,48,284,58,1,3,4,11,3,7,1,-0.8813031977643817,-0.01798577954621187,0
401754523,TCU,North Carolina,48,14,601,81,4,1,9,13,7,4,2,28.364092299272638,0.39394572637878666,1
401754616,Coastal Carolina,Virginia,7,48,409,92,8,3,4,15,1,13,3,-5.621052386447642,-0.08647772902227141,0
401754616,Virginia,Coastal Carolina,48,7,612,107,4,1,9,19,9,10,5,28.596346525888904,0.36661982725498593,1
401756846,Iowa State,Kansas State,24,21,527,93,1,3,8,18,4,12,7,8.797910070506633,0.12051931603433744,1
401756846,Kansas State,Iowa State,21,24,439,75,4,1,8,18,6,10,1,6.522898666352094,0.11443681870793147,0
401756847,Fresno State,Kansas,7,31,279,69,3,3,3,16,7,6,1,3.64738983359726,0.06288603161374587,0
401756847,Kansas,Fresno State,31,7,519,76,1,1,5,10,2,7,3,21.85552514729653,0.34149258042650826,1
401756848,Jacksonville State,UCF,10,17,487,93,10,1,8,20,4,14,6,4.683901030906784,0.06888089751333507,0
401756848,UCF,Jacksonville State,17,10,540,93,6,5,11,18,7,11,4,15.65227386953026,0.22045456154267973,1
401756849,Arizona,Hawai'i,40,6,437,79,10,1,7,12,4,8,4,14.438562497061227,0.2776646634050236,1
401756849,Hawai'i,Arizona,6,40,443,95,6,5,6,18,4,8,4,-3.043709292424987,-0.04058279056566649,0
401756850,Arizona State,Northern Arizona,38,19,652,89,9,2,10,11,3,11,4,31.99699852993637,0.5160806214505866,1
401756850,Northern Arizona,Arizona State,19,38,528,101,5,1,11,20,2,18,7,-0.5770950614424819,-0.008128099456936365,0
401756851,BYU,Portland State,69,0,690,91,3,0,10,10,6,4,3,43.86460796047476,0.6646152721284054,1
401756851,Portland State,BYU,0,69,221,73,5,3,4,15,1,13,6,-13.17509026529603,-0.29943386966581886,0
401756852,Houston,Stephen F. Austin,27,0,458,96,5,1,8,20,8,11,3,-0.38964410274489314,-0.005195254703265242,1
401756852,Stephen F. Austin,Houston,0,27,145,73,2,3,2,18,3,11,1,-16.101983108989568,-0.26396693621294376,0
401756853,Iowa State,South Dakota,55,7,672,95,4,1,7,12,10,2,1,37.14245635509653,0.5627644902287353,1
401756853,South Dakota,Iowa State,7,55,341,72,4,3,5,13,5,7,2,1.3732787997385165,0.02746557599477033,0
401756854,Kansas,Wagner,46,7,743,100,6,2,11,11,4,7,5,28.41753369038934,0.36905887909596546,1
401756854,Wagner,Kansas,7,46,245,70,5,0,3,18,2,16,4,-5.366592806645004,-0.11418282567329796,0
401756855,Kansas State,North Dakota,38,35,585,94,1,2,7,14,6,9,4,22.587148494466003,0.30941299307487674,1
401756855,North Dakota,Kansas State,35,38,452,99,5,3,14,18,5,10,2,11.060523581187889,0.15151402166010808,0
401756876,Oklahoma State,UT Martin,27,7,456,89,1,0,5,20,11,8,3,14.39017166919357,0.1918689555892476,1
401756876,UT Martin,Oklahoma State,7,27,295,72,4,1,3,15,6,9,1,2.523137837950154,0.04505603282053846,0
401756877,Arkansas-Pine Bluff,Texas Tech,7,67,323,79,6,1,5,17,5,11,2,-5.692646363952409,-0.09814907524055878,0
401756877,Texas Tech,Arkansas-Pine Bluff,67,7,747,80,4,0,10,8,7,1,1,45.570377599213565,0.7723792813426028,1
401756878,Robert Morris,West Virginia,3,45,311,81,4,2,5,17,4,14,4,-17.28844622898196,-0.2980766591203786,0
401756878,West Virginia,Robert Morris,45,3,615,102,8,4,9,13,6,10,2,31.18757954228716,0.41036288871430476,1
401757167,Central Connecticut,UConn,13,59,466,93,8,0,9,21,6,13,3,-2.625801319422613,-0.04167938602258116,0
401757167,UConn,Central Connecticut,59,13,732,91,3,0,13,18,12,5,2,43.60685072020285,0.6141809960591951,1
401757218,Sam Houston,Western Kentucky,24,41,593,88,6,1,10,18,2,14,3,2.61383777075452,0.0421586737218471,0
401757218,Western Kentucky,Sam Houston,41,24,691,107,3,0,9,23,12,9,3,11.316085449726321,0.13313041705560377,1
401757219,Delaware,Delaware State,35,17,525,89,6,3,3,13,8,6,3,24.511798937435056,0.35524346286137765,1
401757219,Delaware State,Delaware,17,35,503,87,12,2,9,15,6,9,3,7.385773764611972,0.11912538330019311,0
401757220,Liberty,Maine,28,7,493,99,2,0,6,19,11,10,2,9.631122511037415,0.1301503042032083,1
401757220,Maine,Liberty,7,28,374,80,5,2,6,11,2,11,2,7.188721642586742,0.11784789578011053,0
401757221,Louisiana Tech,SE Louisiana,24,0,304,71,3,1,4,12,3,8,1,1.462429379362305,0.02759300715777934,1
401757221,SE Louisiana,Louisiana Tech,0,24,453,93,9,2,6,20,10,9,1,-16.171060804531,-0.2245980667295972,0
401757222,Austin Peay,Middle Tennessee,34,14,469,100,5,2,8,19,8,10,3,13.456563589340833,0.18184545391001125,1
401757222,Middle Tennessee,Austin Peay,14,34,313,80,5,0,2,13,1,13,2,-8.905858966352586,-0.15094676214156924,0
401757223,Bryant,New Mexico State,3,19,367,91,5,1,5,20,6,15,1,-7.723074074092536,-0.1152697622998886,0
401757223,New Mexico State,Bryant,19,3,411,89,9,1,8,18,6,10,4,1.3283197175866386,0.021775733075190797,1
401757224,Sam Houston,UNLV,21,42,333,91,1,3,6,15,3,10,4,2.694338363187688,0.03592451150916917,0
401757224,UNLV,Sam Houston,42,21,513,68,1,3,9,9,4,4,2,20.183363003933263,0.35409408778830287,1
401757225,UTEP,Utah State,16,28,315,93,2,1,3,18,5,12,4,3.9704183732230898,0.05293891164297453,0
401757225,Utah State,UTEP,28,16,555,83,2,0,8,12,2,12,3,6.148017212398515,0.0960627689437268,1
401757226,North Alabama,Western Kentucky,6,55,385,96,7,1,7,19,6,15,2,-7.711167126301896,-0.10709954342085966,0
401757226,Western Kentucky,North Alabama,55,6,708,101,12,0,13,14,5,9,4,37.83603803241253,0.5405148290344647,1
401760357,San Diego State,Stony Brook,42,0,630,126,7,0,10,25,10,15,6,22.308022954241586,0.22763288728817946,1
401760357,Stony Brook,San Diego State,0,42,254,86,5,0,1,21,6,14,9,-14.469864368086323,-0.2260916307513488,0
401760358,Central Michigan,San José State,16,14,571,95,5,1,9,16,2,12,5,8.009211636131504,0.12514393181455474,1
401760358,San José State,Central Michigan,14,16,285,96,5,3,7,17,8,8,2,6.265278763038123,0.09213645239761946,0
401760359,Air Force,Bucknell,49,13,490,83,3,0,5,10,6,3,2,27.169161407169405,0.4604942611384645,1
401760359,Bucknell,Air Force,13,49,347,86,6,2,2,13,4,8,3,3.3771575774773903,0.05628595962462317,0
401760361,Fresno State,Georgia Southern,42,14,699,90,1,3,12,11,6,4,3,25.96457021514128,0.3606190307658511,1
401760361,Georgia Southern,Fresno State,14,42,296,65,3,1,2,11,4,7,1,9.389326270902925,0.19561096397714428,0
401760371,Idaho State,UNLV,31,38,600,99,5,5,11,16,6,7,3,13.511028880230064,0.16084558190750076,0
401760371,UNLV,Idaho State,38,31,694,91,2,1,9,12,3,9,4,20.110437334232408,0.27931162964211675,1
401761588,St. Francis (PA),UL Monroe,0,29,146,68,3,1,0,15,2,10,2,-5.514414454033027,-0.11732796710708568,0
401761588,UL Monroe,St. Francis (PA),29,0,542,94,7,3,7,15,5,8,4,20.63194280412903,0.3079394448377467,1
401761589,App State,Charlotte,34,19,613,104,1,1,6,18,9,7,3,18.8372031318613,0.20930225702068112,1
401761589,Charlotte,App State,19,34,227,74,3,3,4,15,4,10,4,5.258259383191138,0.08912304039307013,0
401761590,James Madison,Weber State,45,10,670,89,2,2,7,15,8,7,3,19.762477861123894,0.2783447586073788,1
401761590,Weber State,James Madison,10,45,449,75,4,4,4,14,4,12,2,-7.8612515659224425,-0.14037949224861504,0
401761591,Arkansas State,Southeast Missouri State,42,24,550,86,4,3,7,13,6,8,3,23.899414229603785,0.33193630874449703,1
401761591,Southeast Missouri State,Arkansas State,24,42,472,84,1,1,6,14,6,8,4,13.674836147334052,0.19260332601878946,0
401761592,Louisiana,Rice,12,14,303,77,8,2,6,17,7,10,2,2.5050826156368964,0.04319107957994649,0
401761592,Rice,Louisiana,14,12,299,82,3,0,1,14,5,9,1,-0.08934086002695882,-0.0014409816133380455,1
401761593,Morgan State,South Alabama,21,38,366,87,9,3,5,17,6,8,4,11.147617563136098,0.16393555239906027,0
401761593,South Alabama,Morgan State,38,21,417,78,7,2,5,8,2,8,2,19.343747259447333,0.3454240582044167,1
401761594,Eastern Michigan,Texas State,27,52,539,99,10,0,9,18,6,13,5,23.28424501802179,0.35821915412341215,0
401761594,Texas State,Eastern Michigan,52,27,676,87,5,1,10,10,7,4,2,43.972967153508726,0.6662570780834656,1
401761595,Nicholls,Troy,20,38,412,80,10,1,7,13,4,7,2,2.6949779127688136,0.05389955825537627,0
401761595,Troy,Nicholls,38,20,467,97,2,0,7,20,9,6,3,22.880571935333876,0.33647899904902756,1
401762430,Alabama State,UAB,42,52,643,87,8,1,12,19,14,2,2,35.00350646808977,0.5469297885639026,0
401762430,UAB,Alabama State,52,42,639,77,4,0,10,11,5,3,2,31.960832949578233,0.5510488439582454,1
401762432,Army,Tarleton State,27,27,567,105,6,5,10,21,8,10,2,6.485101292114552,0.085330280159402,0
401762432,Tarleton State,Army,30,27,493,90,7,2,9,17,6,12,5,13.50378431459443,0.22137351335400704,1
401762433,Chattanooga,Memphis,10,45,415,77,2,3,6,14,2,12,5,-6.671627320806028,-0.1191362021572505,0
401762433,Memphis,Chattanooga,45,10,499,78,3,1,7,9,5,4,2,26.485012674770335,0.4414168779128389,1
401762434,Navy,VMI,52,7,620,88,4,0,8,13,10,5,1,36.775225838337505,0.5329742875121377,1
401762434,VMI,Navy,7,52,340,67,4,1,5,17,4,10,4,0.541921037497973,0.01083842074995946,0
401762435,Lamar,North Texas,0,51,162,80,11,2,2,16,3,12,1,-10.875246740214795,-0.20519333472103388,0
401762435,North Texas,Lamar,51,0,561,94,6,1,8,12,7,6,2,21.00076365370378,0.2876816938863531,1
401762456,Massachusetts,Temple,10,42,458,84,7,2,6,14,4,11,2,-4.059752521486072,-0.06655332002436183,0
401762456,Temple,Massachusetts,42,10,552,86,3,0,7,14,9,3,0,30.862168811803095,0.474802597104663,1
401762457,Abilene Christian,Tulsa,7,35,297,78,4,3,4,21,5,11,2,-7.220820561751207,-0.12034700936252012,0
401762457,Tulsa,Abilene Christian,35,7,669,106,8,0,10,22,8,13,7,29.185857398159506,0.369441232888095,1
401762522,Boise State,South Florida,7,34,418,105,7,4,4,22,6,12,2,-2.8310817149303906,-0.032919554824771984,0
401762522,South Florida,Boise State,34,7,542,77,6,1,10,19,8,12,4,16.91983468226966,0.3192421638164087,1
401762789,Akron,Wyoming,0,10,255,81,2,1,1,16,3,14,4,-15.308675444811616,-0.22512758007075906,0
401762789,Wyoming,Akron,10,0,513,94,5,0,10,20,9,12,3,6.505322645334387,0.08448470967966737,1
401762790,Bowling Green,Lafayette,26,7,529,83,3,0,8,15,6,9,4,-1.593111581690282,-0.02611658330639807,1
401762790,Lafayette,Bowling Green,7,26,339,71,3,0,3,14,4,12,1,-4.601902712052992,-0.0807351352991753,0
401762791,Miami (OH),Wisconsin,0,17,127,58,5,2,1,13,1,10,0,-7.490487514475876,-0.19206378242245836,0
401762791,Wisconsin,Miami (OH),17,0,392,97,5,1,4,18,9,11,4,9.89616817509275,0.13194890900123668,1
401762792,Kent State,Merrimack,21,17,387,74,6,0,4,14,5,10,1,7.002446555554772,0.1250436884920495,1
401762792,Merrimack,Kent State,17,21,651,93,5,0,14,15,3,14,5,4.762202014091668,0.07326464637064103,0
401762793,Holy Cross,Northern Illinois,17,19,486,75,2,1,6,15,4,10,3,-9.160021222017768,-0.16963002262995866,0
401762793,Northern Illinois,Holy Cross,19,17,592,105,6,3,10,21,5,15,5,3.353348138374014,0.046574279699639086,1
401766898,Bethune-Cookman,Florida International,9,42,572,89,3,2,11,17,5,10,4,-1.637901291301049,-0.02408678369560366,0
401766898,Florida International,Bethune-Cookman,42,9,599,94,8,0,7,16,9,5,3,29.038767111317142,0.40899671987770625,1
401767059,Eastern Washington,Incarnate Word,21,31,411,77,0,2,7,15,5,9,3,4.259929874700003,0.06553738268769235,0
401767059,Incarnate Word,Eastern Washington,31,21,614,106,2,3,7,18,9,10,3,14.408278448831041,0.16373043691853456,1
401767070,Cal Poly,San Diego,41,17,590,94,5,0,10,15,7,8,2,31.45517765273033,0.44935968075329047,1
401767070,San Diego,Cal Poly,17,41,489,83,3,0,6,15,5,11,4,8.47598638956409,0.1345394665010173,0
401767080,Idaho State,Southern Utah,24,46,550,86,4,1,9,17,5,10,2,0.307494991417657,0.004659015021479652,0
401767080,Southern Utah,Idaho State,46,24,670,99,3,0,11,17,8,6,2,28.546275746754834,0.38576048306425453,1
401767119,Chadron St,Northern Colorado,3,17,493,76,1,1,5,12,3,8,4,2.0095339167585906,0.03139896744935298,0
401767119,Northern Colorado,Chadron St,17,3,213,69,3,0,4,12,6,7,2,6.253621265916925,0.12026194742147932,1
401767126,Portland State,Tarleton State,0,42,464,100,5,2,6,20,5,10,2,-13.770331952502044,-0.1939483373591837,0
401767126,Tarleton State,Portland State,42,0,773,89,2,4,12,14,6,8,3,24.905490259658293,0.3717237352187805,1
401767130,Sacramento State,South Dakota State,3,20,231,66,5,3,5,16,2,12,2,-13.879558391920398,-0.2832562937126612,0
401767130,South Dakota State,Sacramento State,20,3,633,113,8,1,10,19,5,14,7,3.5269041517522774,0.04464435635129465,1
401767140,Campbell,Rhode Island,20,31,452,94,9,2,6,18,3,15,5,0.8921670911556472,0.013315926733666376,0
401767140,Rhode Island,Campbell,31,20,570,88,9,1,10,14,5,8,5,11.365642246582471,0.18331681042874953,1
401767156,UC Davis,Utah Tech,31,24,473,91,0,2,6,15,6,8,2,5.605324357968769,0.07279642023336064,1
401767156,Utah Tech,UC Davis,24,31,469,87,1,4,8,16,8,8,3,0.7152870125316247,0.00953716016708833,0
401767171,Dayton,Eastern Illinois,14,24,404,63,1,1,6,15,4,10,3,1.5054277393415667,0.030108554786831335,0
401767171,Eastern Illinois,Dayton,24,14,597,96,2,3,10,18,10,6,3,9.705159701405398,0.11835560611469997,1
401767179,Hampton,Jackson State,14,28,552,81,3,1,9,15,6,9,3,9.475359167631655,0.13536227382330937,0
401767179,Jackson State,Hampton,28,14,489,81,6,0,7,16,6,9,3,9.384638331857598,0.15136513438479998,1
401767201,Gardner-Webb,Western Carolina,52,48,874,110,3,2,18,17,4,12,5,24.904247497945327,0.27671386108828144,1
401767201,Western Carolina,Gardner-Webb,48,52,638,97,3,4,10,17,7,10,4,24.396506945945195,0.31277573007622045,0
401767209,Lindenwood,St. Thomas (MN),19,35,567,78,2,1,8,12,5,8,4,15.53083804612203,0.23180355292719448,0
401767209,St. Thomas (MN),Lindenwood,35,20,557,77,2,0,6,12,8,4,1,27.044128703345237,0.4225645109897693,1
401767223,North Carolina A&T,Tennessee State,21,24,388,83,6,4,4,16,6,10,2,11.903722688412548,0.1831341952063469,0
401767223,Tennessee State,North Carolina A&T,24,21,373,69,3,3,5,12,2,9,1,-0.9743817389412506,-0.01948763477882501,1
401767230,Cumberland (TN),Tennessee Tech,0,65,314,75,6,1,5,16,1,15,6,-20.161133104346657,-0.38039873781786143,0
401767230,Tennessee Tech,Cumberland (TN),65,0,715,78,4,2,10,8,5,3,1,35.63011589248787,0.6039002693642013,1
401767256,Colgate,Monmouth,42,42,638,96,4,1,11,16,9,7,3,23.660044976306267,0.29949424020640847,0
401767256,Monmouth,Colgate,42,42,667,86,1,4,11,14,9,3,1,30.274639001598324,0.41472108221367565,0
401767265,New Hampshire,North Carolina Central,32,17,361,83,5,0,8,15,6,9,2,6.533579980447383,0.10370761873726005,1
401767265,North Carolina Central,New Hampshire,17,32,348,77,2,1,7,15,4,11,4,-7.391065002490894,-0.11921072584662733,0
401767298,Samford,West Georgia,3,34,487,98,6,2,5,16,5,14,2,-17.11737573069989,-0.24108979902394212,0
401767298,West Georgia,Samford,34,3,714,100,7,2,12,19,7,11,8,9.616162465092716,0.13936467340714082,1
401767327,Norfolk State,Towson,7,27,264,82,3,0,4,14,4,10,1,0.7760009958869953,0.011411779351279343,0
401767327,Towson,Norfolk State,27,7,452,83,2,1,7,18,9,8,4,8.87233387835638,0.13242289370681165,1
401767339,Furman,William & Mary,23,21,350,96,5,2,7,17,8,9,5,2.3997396036534004,0.03749593130708438,1
401767339,William & Mary,Furman,21,23,602,91,7,1,11,13,5,8,0,10.6855131352256,0.16190171417008484,0
401767350,Florida A&M,Howard,9,7,450,99,7,0,7,23,6,12,5,-3.881080241136685,-0.06160444827201088,1
401767350,Howard,Florida A&M,10,9,311,82,3,2,3,19,7,10,2,3.479859621767369,0.05898067155537914,1
401767369,Alcorn State,Northwestern State,10,20,379,107,20,3,6,23,6,14,4,-7.5236845814240105,-0.1044956191864446,0
401767369,Northwestern State,Alcorn State,20,10,429,77,3,2,7,13,4,11,3,-6.885097942222172,-0.11870858521072711,1
401767410,North Carolina Central,Southern,31,14,533,82,5,2,7,11,5,6,3,21.46362348403404,0.34069243625450857,1
401767410,Southern,North Carolina Central,14,31,413,66,6,1,6,13,4,10,2,11.941822595170155,0.24878797073271156,0
401767415,South Carolina State,Wofford,16,19,607,108,3,0,12,23,12,11,5,-2.0153433952289195,-0.021670359088483006,0
401767415,Wofford,South Carolina State,19,16,263,71,2,0,4,16,5,11,4,-5.986873331584336,-0.11295987418083653,1
401767425,Mississippi Valley State,Southern,29,34,443,88,7,2,11,14,2,12,4,3.2339652942127355,0.04975331221865747,0
401767425,Southern,Mississippi Valley State,34,29,540,99,3,1,8,18,6,10,6,0.36916564504151794,0.0046145705630189745,1
401767431,Prairie View A&M,Texas Southern,22,21,616,89,5,2,10,18,6,11,6,9.620248845539425,0.1300033627775598,1
401767431,Texas Southern,Prairie View A&M,21,16,315,65,3,0,6,10,6,5,0,9.789650273769375,0.19195392693665442,1
401767446,Indiana State,McKendree,41,24,605,109,6,2,10,13,3,10,5,15.910636658090839,0.2014004640264663,1
401767446,McKendree,Indiana State,24,41,571,106,5,3,11,20,8,9,4,4.019542164235715,0.05088028055994576,0
401767454,East Tennessee State,Murray State,45,17,705,103,3,2,8,13,6,9,5,32.07150425909377,0.38640366577221413,1
401767454,Murray State,East Tennessee State,17,45,342,85,8,3,5,14,3,12,4,2.2621327646315237,0.03590686927986546,0
401767468,Houston Christian,Little Rock,69,0,515,98,1,3,5,11,8,3,0,25.492662635772078,0.31088612970453755,1
401767468,Little Rock,Houston Christian,0,69,94,74,6,4,1,17,0,19,1,-16.378462268290022,-0.3033048568201856,0
401767476,Incarnate Word,Nicholls,6,20,272,87,5,3,6,18,3,14,5,-23.781587129717497,-0.34972922249584554,0
401767476,Nicholls,Incarnate Word,20,6,545,87,3,0,10,20,5,12,6,-1.0280703621816027,-0.015576823669418224,1
401767490,Louisiana College,McNeese,9,54,265,82,5,3,7,17,3,12,3,-4.262698794396722,-0.0698803081048643,0
401767490,McNeese,Louisiana College,54,9,849,101,6,1,14,9,5,4,1,37.487072382747975,0.4745199035790883,1
401767509,North Dakota State,The Citadel,38,0,565,87,5,2,11,12,7,6,2,33.18925147924449,0.48100364462673173,1
401767509,The Citadel,North Dakota State,0,38,171,58,0,1,1,12,2,9,1,-9.514296417838839,-0.2024318386774221,0
401767526,Sul Ross State,UT Rio Grande Valley,0,68,110,61,5,1,1,14,2,10,1,-14.839350997631252,-0.3297633555029167,0
401767526,UT Rio Grande Valley,Sul Ross State,82,0,863,81,2,0,14,9,7,2,2,44.4277279347133,0.683503506687897,1
401767536,Butler,Northern Iowa,14,38,450,89,1,3,6,22,13,6,2,10.420181946989784,0.14274221845191484,0
401767536,Northern Iowa,Butler,38,14,556,76,2,1,8,10,6,3,2,29.233110376678276,0.4954764470623437,1
401767547,Southern Illinois,Thomas More College,49,3,528,83,3,2,8,11,5,7,1,17.208928970447253,0.26888951516323834,1
401767547,Thomas More College,Southern Illinois,3,49,414,79,6,5,8,14,6,8,4,-15.963663809781897,-0.26606106349636494,0
401767549,Mercyhurst,Youngstown State,15,24,515,82,3,4,9,14,7,11,4,10.84287540962201,0.15271655506509874,0
401767549,Youngstown State,Mercyhurst,24,15,396,87,6,0,5,15,4,8,3,9.634567842690862,0.1579437351260797,1
401767572,Mercer,Presbyterian,10,15,332,80,4,2,4,14,5,7,2,3.942873535584201,0.06571455892640335,0
401767572,Presbyterian,Mercer,15,10,609,97,5,2,13,18,7,13,8,9.561612229848821,0.13659446042641174,1
401767602,Davidson,Georgetown,14,52,453,81,2,2,7,17,6,9,4,2.3418292235448055,0.032983510190771906,0
401767602,Georgetown,Davidson,52,14,636,79,2,0,7,13,9,4,2,38.54599556034499,0.6118411993705554,1
401767620,Drake,Upper Iowa University,41,7,722,93,4,1,15,21,11,6,4,23.799696714750837,0.3499955399228064,1
401767620,Upper Iowa University,Drake,7,41,274,64,6,2,2,12,4,9,2,-5.456498517895157,-0.1136770524561491,0
401767634,Allen,Morehead State,31,38,732,95,6,0,10,12,5,7,3,19.77023247531683,0.2784539785255892,0
401767634,Morehead State,Allen,38,31,478,74,3,0,9,9,3,6,1,21.852013634678762,0.42847085558193654,1
401767651,Stetson,Webber International,21,31,622,89,3,4,10,16,7,8,4,-10.420597845416998,-0.1353324395508701,0
401767651,Webber International,Stetson,31,21,356,74,1,2,3,14,5,7,2,2.84333637591815,0.048192141964714406,1
401767655,Valparaiso,Virginia University Of Lynchburg,67,10,634,83,8,1,11,10,5,6,2,14.189004887770974,0.26771707335416933,1
401767655,Virginia University Of Lynchburg,Valparaiso,10,67,358,88,12,3,9,18,3,14,2,-20.793338625067353,-0.37130961830477416,0
401767657,Sacred Heart,Stonehill,12,7,348,80,4,1,4,14,7,9,3,0.16569791781178544,0.00263012567955215,1
401767657,Stonehill,Sacred Heart,7,12,330,85,5,1,3,14,1,13,5,1.6569129747164881,0.026300205947880764,0
401767732,Lehigh,Richmond,21,14,476,83,5,2,5,16,7,8,4,7.818706197678333,0.12028778765658973,1
401767732,Richmond,Lehigh,14,21,211,67,3,1,3,14,4,9,3,-2.582600694932417,-0.050639229312400336,0
401779329,Marist,New Haven,38,14,569,92,10,2,11,18,5,13,7,1.9369745921816803,0.031241525680349682,1
401779329,New Haven,Marist,14,38,529,91,3,1,7,17,7,8,2,1.9485745136728045,0.026332088022605466,0
401788977,Grambling,Langston University,85,7,491,95,3,1,6,14,6,7,1,27.694676624589555,0.3550599567255071,1
401788977,Langston University,Grambling,7,72,163,69,4,3,4,18,3,10,3,-14.086494280272044,-0.26086100519022304,0
