,player_id,player_name,team,conference,opponent,comp,att,yds,avg,td,int,qbr,week,completion_pct,yards_per_attempt,td_rate,int_rate
0,4685578,Gunner Stockton,Georgia,SEC,Notre Dame,20,32,234,7.3,1,0,47.5,1,0.625,7.3125,0.03125,0.0
1,5079516,KJ Jackson,Arkansas,SEC,Arkansas-Pine Bluff,4,4,59,14.8,0,0,91.4,1,1.0,14.75,0.0,0.0
2,4431325,Taylen Green,Arkansas,SEC,Arkansas-Pine Bluff,16,23,229,10.0,2,0,91.5,1,0.6956521739130435,9.956521739130435,0.0869565217391304,0.0
3,4870999,Malachi Singleton,Arkansas,SEC,Arkansas-Pine Bluff,8,10,120,12.0,0,0,30.8,1,0.8,12.0,0.0,0.0
4,4429088,Drew Pyne,Missouri,SEC,Murray State,10,11,82,7.5,0,0,66.2,1,0.9090909090909092,7.454545454545454,0.0,0.0
5,4429435,Brady Cook,Missouri,SEC,Murray State,19,30,218,7.3,1,0,53.3,1,0.6333333333333333,7.266666666666667,0.0333333333333333,0.0
6,5079465,Michael Hawkins Jr.,Oklahoma,SEC,Temple,2,4,17,4.3,0,0,9.9,1,0.5,4.25,0.0,0.0
7,4870607,Jackson Arnold,Oklahoma,SEC,Temple,17,25,141,5.6,4,0,44.3,1,0.68,5.64,0.16,0.0
8,5151231,Forrest Brock,Temple,American Athletic,Oklahoma,12,25,128,5.1,0,2,7.0,1,0.48,5.12,0.0,0.08
9,5084180,Diego Pavia,Vanderbilt,SEC,Virginia Tech,12,16,190,11.9,2,0,82.6,1,0.75,11.875,0.125,0.0
10,4428439,Collin Schlee,Virginia Tech,ACC,Vanderbilt,0,1,0,0.0,0,0,0.0,1,0.0,0.0,0.0,0.0
11,4678010,Kyron Drones,Virginia Tech,ACC,Vanderbilt,22,33,322,9.8,2,1,58.1,1,0.6666666666666666,9.757575757575758,0.0606060606060606,0.0303030303030303
12,4430841,Carson Beck,Georgia,SEC,Clemson,23,33,278,8.4,2,0,91.7,1,0.696969696969697,8.424242424242424,0.0606060606060606,0.0
13,4685413,Cade Klubnik,Clemson,ACC,Georgia,18,29,142,4.9,0,1,40.8,1,0.6206896551724138,4.896551724137931,0.0,0.0344827586206896
14,4870799,Nico Iamaleava,Tennessee,SEC,Chattanooga,22,28,314,11.2,3,0,81.6,1,0.7857142857142857,11.214285714285714,0.1071428571428571,0.0
15,4697122,Gaston Moore,Tennessee,SEC,Chattanooga,7,12,69,5.8,0,1,8.9,1,0.5833333333333334,5.75,0.0,0.0833333333333333
16,5079531,Jake Merklinger,Tennessee,SEC,Chattanooga,4,4,31,7.8,0,0,34.5,1,1.0,7.75,0.0,0.0
17,4431353,Xavier Restrepo,Miami,ACC,Florida,0,1,0,0.0,0,0,1.1,1,0.0,0.0,0.0,0.0
18,4688380,Cameron Ward,Miami,ACC,Florida,26,35,385,11.0,3,1,95.7,1,0.7428571428571429,11.0,0.0857142857142857,0.0285714285714285
19,4426335,Graham Mertz,Florida,SEC,Miami,11,20,91,4.6,0,1,19.1,1,0.55,4.55,0.0,0.05
20,5079555,D.J. Lagway,Florida,SEC,Miami,3,6,31,5.2,0,1,57.4,1,0.5,5.166666666666667,0.0,0.1666666666666666
21,4870906,Arch Manning,Texas,SEC,Colorado State,5,6,95,15.8,1,0,91.6,1,0.8333333333333334,15.833333333333334,0.1666666666666666,0.0
22,4889929,Quinn Ewers,Texas,SEC,Colorado State,20,27,260,9.6,3,1,71.9,1,0.7407407407407407,9.62962962962963,0.1111111111111111,0.037037037037037
23,4695867,Grant Wilson,Old Dominion,Sun Belt,South Carolina,22,38,197,5.2,1,2,49.9,1,0.5789473684210527,5.184210526315789,0.0263157894736842,0.0526315789473684
24,4875127,Lanorris Sellers,South Carolina,SEC,Old Dominion,10,23,114,5.0,0,0,17.7,1,0.4347826086956521,4.956521739130435,0.0,0.0
25,4870889,Chris Parson,Mississippi State,SEC,Eastern Kentucky,0,2,0,0.0,0,0,1.1,1,0.0,0.0,0.0,0.0
26,4565315,Blake Shapen,Mississippi State,SEC,Eastern Kentucky,15,20,247,12.4,3,0,90.4,1,0.75,12.35,0.15,0.0
27,4432734,Jalen Milroe,Alabama,SEC,Western Kentucky,7,9,200,22.2,3,0,98.7,1,0.7777777777777778,22.22222222222222,0.3333333333333333,0.0
28,4685522,Ty Simpson,Alabama,SEC,Western Kentucky,5,9,66,7.3,0,0,97.6,1,0.5555555555555556,7.333333333333333,0.0,0.0
29,4431948,TJ Finley,Western Kentucky,Conference USA,Alabama,18,31,92,3.0,0,2,23.1,1,0.5806451612903226,2.967741935483871,0.0,0.064516129032258
30,4869991,Caden Veltkamp,Western Kentucky,Conference USA,Alabama,4,9,11,1.2,0,0,11.1,1,0.4444444444444444,1.2222222222222223,0.0,0.0
31,4685391,Walker Howard,Ole Miss,SEC,Furman,0,2,0,0.0,0,0,0.0,1,0.0,0.0,0.0,0.0
32,5141684,Austin Simmons,Ole Miss,SEC,Furman,7,16,111,6.9,1,0,17.7,1,0.4375,6.9375,0.0625,0.0
33,4689114,Jaxson Dart,Ole Miss,SEC,Furman,22,27,418,15.5,5,0,97.3,1,0.8148148148148148,15.48148148148148,0.1851851851851851,0.0
34,4714300,Holden Geriner,Auburn,SEC,Alabama A&M,2,2,33,16.5,0,0,99.2,1,1.0,16.5,0.0,0.0
35,5089314,Hank Brown,Auburn,SEC,Alabama A&M,3,5,96,19.2,2,0,98.9,1,0.6,19.2,0.4,0.0
36,4430590,Payton Thorne,Auburn,SEC,Alabama A&M,13,21,322,15.3,4,0,95.1,1,0.6190476190476191,15.333333333333334,0.1904761904761904,0.0
37,4685574,Conner Weigman,Texas A&M,SEC,Notre Dame,12,30,100,3.3,0,2,31.8,1,0.4,3.333333333333333,0.0,0.0666666666666666
38,4432782,Brock Vandagriff,Kentucky,SEC,Southern Miss,12,18,169,9.4,3,1,82.6,1,0.6666666666666666,9.38888888888889,0.1666666666666666,0.0555555555555555
39,4433886,Tate Rodemaker,Southern Miss,Sun Belt,Kentucky,13,19,126,6.6,0,2,23.7,1,0.6842105263157895,6.631578947368421,0.0,0.1052631578947368
40,4431580,Miller Moss,USC,Big Ten,LSU,27,36,378,10.5,1,0,79.2,1,0.75,10.5,0.0277777777777777,0.0
41,4567747,Garrett Nussmeier,LSU,SEC,USC,29,38,304,8.0,2,1,88.1,1,0.7631578947368421,8.0,0.0526315789473684,0.0263157894736842
42,4432774,Ty Thompson,Tulane,American Athletic,Florida,11,29,125,4.3,1,3,10.6,1,0.3793103448275862,4.310344827586207,0.0344827586206896,0.1034482758620689
43,4431618,Mario Williams,Tulane,American Athletic,Florida,0,1,0,0.0,0,0,2.6,1,0.0,0.0,0.0,0.0
44,5079555,D.J. Lagway,Florida,SEC,Tulane,22,35,305,8.7,1,2,49.4,1,0.6285714285714286,8.714285714285714,0.0285714285714285,0.0571428571428571
45,4889929,Quinn Ewers,Texas,SEC,Clemson,17,24,202,8.4,1,1,87.5,1,0.7083333333333334,8.416666666666666,0.0416666666666666,0.0416666666666666
46,4685413,Cade Klubnik,Clemson,ACC,Texas,26,43,336,7.8,3,1,81.8,1,0.6046511627906976,7.813953488372093,0.0697674418604651,0.0232558139534883
47,4429955,Will Howard,Ohio State,Big Ten,Tennessee,24,29,311,10.7,2,1,98.7,1,0.8275862068965517,10.724137931034482,0.0689655172413793,0.0344827586206896
48,5079712,Julian Sayin,Ohio State,Big Ten,Tennessee,0,1,0,0.0,0,0,0.9,1,0.0,0.0,0.0,0.0
49,4695709,Devin Brown,Ohio State,Big Ten,Tennessee,1,1,6,6.0,0,0,90.4,1,1.0,6.0,0.0,0.0
50,4870799,Nico Iamaleava,Tennessee,SEC,Ohio State,14,31,104,3.4,0,0,62.8,1,0.4516129032258064,3.3548387096774195,0.0,0.0
51,5081504,Blake Horvath,Navy,American Athletic,Oklahoma,7,12,92,7.7,0,0,90.6,1,0.5833333333333334,7.666666666666667,0.0,0.0
52,5081508,Eli Heidenreich,Navy,American Athletic,Oklahoma,0,1,0,0.0,0,0,3.6,1,0.0,0.0,0.0,0.0
53,4427146,Luke Elzinga,Oklahoma,SEC,Navy,1,1,28,28.0,0,0,100.0,1,1.0,28.0,0.0,0.0
54,5079465,Michael Hawkins Jr.,Oklahoma,SEC,Navy,28,43,247,5.7,2,0,70.0,1,0.6511627906976745,5.744186046511628,0.0465116279069767,0.0
55,5084180,Diego Pavia,Vanderbilt,SEC,Georgia Tech,13,21,160,7.6,3,0,83.8,1,0.6190476190476191,7.619047619047619,0.1428571428571428,0.0
56,4428993,Haynes King,Georgia Tech,ACC,Vanderbilt,25,33,204,6.2,3,1,36.9,1,0.7575757575757576,6.181818181818182,0.0909090909090909,0.0303030303030303
57,4431325,Taylen Green,Arkansas,SEC,Texas Tech,11,21,341,16.2,2,0,95.9,1,0.5238095238095238,16.238095238095237,0.0952380952380952,0.0
58,5126468,Will Hammond,Texas Tech,Big 12,Arkansas,20,34,280,8.2,1,2,50.1,1,0.5882352941176471,8.235294117647058,0.0294117647058823,0.0588235294117647
59,4870971,Marcel Reed,Texas A&M,SEC,USC,26,42,292,7.0,3,2,75.5,1,0.6190476190476191,6.9523809523809526,0.0714285714285714,0.0476190476190476
60,4685454,Jayden Maiava,USC,Big Ten,Texas A&M,22,39,295,7.6,4,3,73.8,1,0.5641025641025641,7.564102564102564,0.1025641025641025,0.0769230769230769
61,4429435,Brady Cook,Missouri,SEC,Iowa,18,32,287,9.0,2,0,86.5,1,0.5625,8.96875,0.0625,0.0
62,5076106,Marquis Johnson,Missouri,SEC,Iowa,0,1,0,0.0,0,0,2.2,1,0.0,0.0,0.0,0.0
63,4683058,Brendan Sullivan,Iowa,Big Ten,Missouri,14,18,131,7.3,1,1,43.4,1,0.7777777777777778,7.277777777777778,0.0555555555555555,0.0555555555555555
64,4685495,Alex Orji,Michigan,Big Ten,Alabama,2,3,2,0.7,0,1,3.6,1,0.6666666666666666,0.6666666666666666,0.0,0.3333333333333333
65,4878681,Davis Warren,Michigan,Big Ten,Alabama,9,12,73,6.1,1,0,88.8,1,0.75,6.083333333333333,0.0833333333333333,0.0
66,-5154, Team,Alabama,SEC,Michigan,0,1,0,0.0,0,0,,1,0.0,0.0,0.0,0.0
67,4432734,Jalen Milroe,Alabama,SEC,Michigan,16,32,192,6.0,1,1,26.5,1,0.5,6.0,0.03125,0.03125
68,4597679,Luke Altmyer,Illinois,Big Ten,South Carolina,13,22,174,7.9,1,1,87.7,1,0.5909090909090909,7.909090909090909,0.0454545454545454,0.0454545454545454
69,4875127,Lanorris Sellers,South Carolina,SEC,Illinois,24,34,260,7.6,1,0,63.6,1,0.7058823529411765,7.647058823529412,0.0294117647058823,0.0
70,4570033,Kai Kroeger,South Carolina,SEC,Illinois,0,1,0,0.0,0,0,0.0,1,0.0,0.0,0.0,0.0
71,4567747,Garrett Nussmeier,LSU,SEC,Baylor,24,34,304,8.9,3,1,88.2,1,0.7058823529411765,8.941176470588236,0.088235294117647,0.0294117647058823
72,4432759,Sawyer Robertson,Baylor,Big 12,LSU,30,51,445,8.7,2,1,72.1,1,0.5882352941176471,8.72549019607843,0.0392156862745098,0.0196078431372549
73,5147726,Kanyon Floyd,Arizona State,Big 12,Texas,1,1,32,32.0,0,0,100.0,1,1.0,32.0,0.0,0.0
74,4696981,Cameron Skattebo,Arizona State,Big 12,Texas,1,1,42,42.0,1,0,100.0,1,1.0,42.0,1.0,0.0
75,5078810,Sam Leavitt,Arizona State,Big 12,Texas,24,46,222,4.8,0,1,70.7,1,0.5217391304347826,4.826086956521739,0.0,0.0217391304347826
76,4889929,Quinn Ewers,Texas,SEC,Arizona State,20,30,322,10.7,3,1,91.9,1,0.6666666666666666,10.733333333333333,0.1,0.0333333333333333
77,4570688,Caden Davis,Ole Miss,SEC,Duke,0,1,0,0.0,0,1,0.0,1,0.0,0.0,0.0,1.0
78,5141684,Austin Simmons,Ole Miss,SEC,Duke,1,1,34,34.0,0,0,100.0,1,1.0,34.0,0.0,0.0
79,4689114,Jaxson Dart,Ole Miss,SEC,Duke,27,35,404,11.5,4,0,95.2,1,0.7714285714285715,11.542857142857144,0.1142857142857142,0.0
80,4708487,Jaquez Moore,Duke,ACC,Ole Miss,0,1,0,0.0,0,0,7.7,1,0.0,0.0,0.0,0.0
81,4685252,Henry Belin IV,Duke,ACC,Ole Miss,25,44,236,5.4,2,1,51.8,1,0.5681818181818182,5.363636363636363,0.0454545454545454,0.0227272727272727
82,4889929,Quinn Ewers,Texas,SEC,Ohio State,23,39,283,7.3,2,1,69.6,1,0.5897435897435898,7.256410256410256,0.0512820512820512,0.0256410256410256
83,4429955,Will Howard,Ohio State,Big Ten,Texas,24,33,289,8.8,1,1,90.0,1,0.7272727272727273,8.757575757575758,0.0303030303030303,0.0303030303030303
84,4428993,Haynes King,Georgia Tech,ACC,Florida State,11,16,146,9.1,0,0,70.4,1,0.6875,9.125,0.0,0.0
85,4429020,D.J. Uiagalelei,Florida State,ACC,Georgia Tech,19,27,193,7.1,0,0,77.7,1,0.7037037037037037,7.148148148148148,0.0,0.0
86,4432767,Preston Stone,SMU,ACC,Nevada,17,30,254,8.5,1,1,60.5,1,0.5666666666666667,8.466666666666667,0.0333333333333333,0.0333333333333333
87,5084084,Kevin Jennings,SMU,ACC,Nevada,4,5,54,10.8,0,0,74.5,1,0.8,10.8,0.0,0.0
88,4426499,Hank Bachmeier,Wake Forest,ACC,North Carolina A&T,18,28,263,9.4,3,0,64.0,1,0.6428571428571429,9.392857142857142,0.1071428571428571,0.0
89,4567031,Michael Kern,Wake Forest,ACC,North Carolina A&T,5,8,57,7.1,0,0,19.0,1,0.625,7.125,0.0,0.0
90,4427936,Grayson McCall,NC State,ACC,Western Carolina,26,40,318,8.0,3,1,48.8,1,0.65,7.95,0.075,0.025
91,4573398,Max Brosmer,Minnesota,Big Ten,North Carolina,13,21,166,7.9,0,0,47.7,1,0.6190476190476191,7.904761904761905,0.0,0.0
92,-6685, Team,Minnesota,Big Ten,North Carolina,0,1,0,0.0,0,0,,1,0.0,0.0,0.0,0.0
93,4685740,Max Johnson,North Carolina,ACC,Minnesota,12,19,71,3.7,0,1,37.0,1,0.631578947368421,3.736842105263158,0.0,0.0526315789473684
94,4801306,Conner Harrell,North Carolina,ACC,Minnesota,2,4,34,8.5,0,0,0.1,1,0.5,8.5,0.0,0.0
95,4685497,Maalik Murphy,Duke,ACC,Elon,26,40,291,7.3,2,1,34.2,1,0.65,7.275,0.05,0.025
96,4838679,Ashton Daniels,Stanford,ACC,TCU,17,35,163,4.7,1,1,12.5,1,0.4857142857142857,4.6571428571428575,0.0285714285714285,0.0285714285714285
97,4684502,Justin Lamson,Stanford,ACC,TCU,1,1,2,2.0,1,0,100.0,1,1.0,2.0,1.0,0.0
98,4685401,Josh Hoover,TCU,Big 12,Stanford,28,42,353,8.4,2,0,65.4,1,0.6666666666666666,8.404761904761905,0.0476190476190476,0.0
99,4870636,Pierce Clarkson,Louisville,ACC,Austin Peay,3,4,11,2.8,0,0,0.6,1,0.75,2.75,0.0,0.0
100,4429145,Harrison Bailey,Louisville,ACC,Austin Peay,6,6,35,5.8,0,0,46.2,1,1.0,5.833333333333333,0.0,0.0
101,4360689,Tyler Shough,Louisville,ACC,Austin Peay,18,24,232,9.7,4,0,83.3,1,0.75,9.666666666666666,0.1666666666666666,0.0
102,5084180,Diego Pavia,Vanderbilt,SEC,Virginia Tech,12,16,190,11.9,2,0,82.6,1,0.75,11.875,0.125,0.0
103,4428439,Collin Schlee,Virginia Tech,ACC,Vanderbilt,0,1,0,0.0,0,0,0.0,1,0.0,0.0,0.0,0.0
104,4678010,Kyron Drones,Virginia Tech,ACC,Vanderbilt,22,33,322,9.8,2,1,58.1,1,0.6666666666666666,9.757575757575758,0.0606060606060606,0.0303030303030303
105,4870819,Eli Holstein,Pittsburgh,ACC,Kent State,30,40,333,8.3,3,1,54.6,1,0.75,8.325,0.075,0.025
106,4683182,Nate Yarnell,Pittsburgh,ACC,Kent State,4,8,33,4.1,1,0,50.2,1,0.5,4.125,0.125,0.0
107,4685693,Devin Kargman,Kent State,Mid-American,Pittsburgh,14,28,181,6.5,2,1,54.3,1,0.5,6.464285714285714,0.0714285714285714,0.0357142857142857
108,4430841,Carson Beck,Georgia,SEC,Clemson,23,33,278,8.4,2,0,91.7,1,0.696969696969697,8.424242424242424,0.0606060606060606,0.0
109,4685413,Cade Klubnik,Clemson,ACC,Georgia,18,29,142,4.9,0,1,40.8,1,0.6206896551724138,4.896551724137931,0.0,0.0344827586206896
110,4433971,Kyle McCord,Syracuse,ACC,Ohio,27,39,354,9.1,4,1,82.1,1,0.6923076923076923,9.076923076923077,0.1025641025641025,0.0256410256410256
111,-7579, Team,Syracuse,ACC,Ohio,0,1,0,0.0,0,0,,1,0.0,0.0,0.0,0.0
112,4610131,Parker Navarro,Ohio,Mid-American,Syracuse,18,30,181,6.0,0,1,17.2,1,0.6,6.033333333333333,0.0,0.0333333333333333
113,4431353,Xavier Restrepo,Miami,ACC,Florida,0,1,0,0.0,0,0,1.1,1,0.0,0.0,0.0,0.0
114,4688380,Cameron Ward,Miami,ACC,Florida,26,35,385,11.0,3,1,95.7,1,0.7428571428571429,11.0,0.0857142857142857,0.0285714285714285
115,4426335,Graham Mertz,Florida,SEC,Miami,11,20,91,4.6,0,1,19.1,1,0.55,4.55,0.0,0.05
116,5079555,D.J. Lagway,Florida,SEC,Miami,3,6,31,5.2,0,1,57.4,1,0.5,5.166666666666667,0.0,0.1666666666666666
117,4837248,Fernando Mendoza,California,ACC,UC Davis,15,22,158,7.2,1,0,59.3,1,0.6818181818181818,7.181818181818182,0.0454545454545454,0.0
118,4570554,Chandler Rogers,California,ACC,UC Davis,3,6,21,3.5,0,0,3.0,1,0.5,3.5,0.0,0.0
119,5044387,Anthony Colandrea,Virginia,ACC,Richmond,17,23,297,12.9,2,0,77.8,1,0.7391304347826086,12.91304347826087,0.0869565217391304,0.0
120,4775264,Tony Muskett,Virginia,ACC,Richmond,0,3,0,0.0,0,1,0.1,1,0.0,0.0,0.0,0.3333333333333333
121,4432612,Christian Veilleux,Georgia State,Sun Belt,Georgia Tech,19,34,210,6.2,1,0,67.7,1,0.5588235294117647,6.176470588235294,0.0294117647058823,0.0
122,4746127,Zach Pyron,Georgia Tech,ACC,Georgia State,1,1,-1,-1.0,0,0,91.5,1,1.0,-1.0,0.0,0.0
123,4428993,Haynes King,Georgia Tech,ACC,Georgia State,24,29,275,9.5,2,1,82.6,1,0.8275862068965517,9.482758620689657,0.0689655172413793,0.0344827586206896
124,4432767,Preston Stone,SMU,ACC,Houston Christian,6,9,78,8.7,2,0,58.8,1,0.6666666666666666,8.666666666666666,0.2222222222222222,0.0
125,5084084,Kevin Jennings,SMU,ACC,Houston Christian,10,14,148,10.6,1,0,95.8,1,0.7142857142857143,10.571428571428571,0.0714285714285714,0.0
126,4773919,Thomas Castellanos,Boston College,ACC,Florida State,10,16,106,6.6,2,0,,1,0.625,6.625,0.125,0.0
127,4429020,D.J. Uiagalelei,Florida State,ACC,Boston College,21,42,272,6.5,1,1,,1,0.5,6.476190476190476,0.0238095238095238,0.0238095238095238
128,5110101,EJ Caminong,California,ACC,UNLV,6,19,57,3.0,0,0,16.3,1,0.3157894736842105,3.0,0.0,0.0
129,4686788,CJ Harris,California,ACC,UNLV,13,20,109,5.5,0,0,40.2,1,0.65,5.45,0.0,0.0
130,5075392,Keldric Luster,SMU,ACC,Penn State,0,1,0,0.0,0,0,2.7,1,0.0,0.0,0.0,0.0
131,5084084,Kevin Jennings,SMU,ACC,Penn State,20,36,195,5.4,1,3,13.3,1,0.5555555555555556,5.416666666666667,0.0277777777777777,0.0833333333333333
132,5144078,Ethan Grunkemeyer,Penn State,Big Ten,SMU,1,2,9,4.5,0,1,7.3,1,0.5,4.5,0.0,0.5
133,4431459,Tyler Warren,Penn State,Big Ten,SMU,0,1,0,0.0,0,0,6.5,1,0.0,0.0,0.0,0.0
134,4714771,Drew Allar,Penn State,Big Ten,SMU,13,22,127,5.8,0,0,56.3,1,0.5909090909090909,5.7727272727272725,0.0,0.0
135,4889929,Quinn Ewers,Texas,SEC,Clemson,17,24,202,8.4,1,1,87.5,1,0.7083333333333334,8.416666666666666,0.0416666666666666,0.0416666666666666
136,4685413,Cade Klubnik,Clemson,ACC,Texas,26,43,336,7.8,3,1,81.8,1,0.6046511627906976,7.813953488372093,0.0697674418604651,0.0232558139534883
137,4429801,Tucker Gleason,Toledo,Mid-American,Pittsburgh,26,50,336,6.7,2,1,66.6,1,0.52,6.72,0.04,0.02
138,5154302,David Lynch,Pittsburgh,ACC,Toledo,10,18,65,3.6,0,2,4.2,1,0.5555555555555556,3.611111111111111,0.0,0.1111111111111111
139,5155864,Julian Dugger,Pittsburgh,ACC,Toledo,7,13,72,5.5,2,1,74.6,1,0.5384615384615384,5.538461538461538,0.1538461538461538,0.0769230769230769
140,4708049,Gavin Bartholomew,Pittsburgh,ACC,Toledo,0,1,0,0.0,0,0,0.3,1,0.0,0.0,0.0,0.0
141,5084180,Diego Pavia,Vanderbilt,SEC,Georgia Tech,13,21,160,7.6,3,0,83.8,1,0.6190476190476191,7.619047619047619,0.1428571428571428,0.0
142,4428993,Haynes King,Georgia Tech,ACC,Vanderbilt,25,33,204,6.2,3,1,36.9,1,0.7575757575757576,6.181818181818182,0.0909090909090909,0.0303030303030303
143,4433971,Kyle McCord,Syracuse,ACC,Washington State,24,34,453,13.3,5,0,94.3,1,0.7058823529411765,13.323529411764708,0.1470588235294117,0.0
144,5144313,Michael Merdinger,North Carolina,ACC,UConn,9,12,86,7.2,0,1,3.0,1,0.75,7.166666666666667,0.0,0.0833333333333333
145,4429463,Jacolby Criswell,North Carolina,ACC,UConn,1,1,7,7.0,0,0,54.2,1,1.0,7.0,0.0,0.0
146,4595341,Caleb Hood,North Carolina,ACC,UConn,1,1,17,17.0,1,0,63.0,1,1.0,17.0,1.0,0.0
147,4570906,Brian Buschini,Nebraska,Big Ten,Boston College,1,1,8,8.0,0,0,100.0,1,1.0,8.0,0.0,0.0
148,5079572,Dylan Raiola,Nebraska,Big Ten,Boston College,22,30,224,7.5,1,1,75.0,1,0.7333333333333333,7.466666666666667,0.0333333333333333,0.0333333333333333
149,4567707,Grayson James,Boston College,ACC,Nebraska,26,41,301,7.3,0,0,45.3,1,0.6341463414634146,7.341463414634147,0.0,0.0
150,4801299,Rocco Becht,Iowa State,Big 12,Miami,22,36,270,7.5,3,0,77.2,1,0.6111111111111112,7.5,0.0833333333333333,0.0
151,5075800,Emory Williams,Miami,ACC,Iowa State,5,14,26,1.9,0,1,16.6,1,0.3571428571428571,1.8571428571428568,0.0,0.0714285714285714
152,4688380,Cameron Ward,Miami,ACC,Iowa State,12,19,190,10.0,3,0,97.6,1,0.631578947368421,10.0,0.1578947368421052,0.0
153,5079301,CJ Bailey,NC State,ACC,East Carolina,19,26,230,8.8,3,1,45.4,1,0.7307692307692307,8.846153846153847,0.1153846153846153,0.0384615384615384
154,4795295,Katin Houser,East Carolina,American Athletic,NC State,18,29,147,5.1,0,2,55.7,1,0.6206896551724138,5.068965517241379,0.0,0.0689655172413793
155,5079653,Demond Williams Jr.,Washington,Big Ten,Louisville,26,32,374,11.7,4,1,85.2,1,0.8125,11.6875,0.125,0.03125
156,4429145,Harrison Bailey,Louisville,ACC,Washington,16,25,164,6.6,3,0,92.1,1,0.64,6.56,0.12,0.0
157,4570688,Caden Davis,Ole Miss,SEC,Duke,0,1,0,0.0,0,1,0.0,1,0.0,0.0,0.0,1.0
158,5141684,Austin Simmons,Ole Miss,SEC,Duke,1,1,34,34.0,0,0,100.0,1,1.0,34.0,0.0,0.0
159,4689114,Jaxson Dart,Ole Miss,SEC,Duke,27,35,404,11.5,4,0,95.2,1,0.7714285714285715,11.542857142857144,0.1142857142857142,0.0
160,4708487,Jaquez Moore,Duke,ACC,Ole Miss,0,1,0,0.0,0,0,7.7,1,0.0,0.0,0.0,0.0
161,4685252,Henry Belin IV,Duke,ACC,Ole Miss,25,44,236,5.4,2,1,51.8,1,0.5681818181818182,5.363636363636363,0.0454545454545454,0.0227272727272727
162,4920153,William Watson III,Virginia Tech,ACC,Minnesota,8,12,81,6.8,0,1,15.4,1,0.6666666666666666,6.75,0.0,0.0833333333333333
163,4428439,Collin Schlee,Virginia Tech,ACC,Minnesota,2,6,68,11.3,0,0,64.5,1,0.3333333333333333,11.333333333333334,0.0,0.0
164,4573398,Max Brosmer,Minnesota,Big Ten,Virginia Tech,18,29,211,7.3,1,1,75.9,1,0.6206896551724138,7.275862068965517,0.0344827586206896,0.0344827586206896
165,4920901,Darius Taylor,Minnesota,Big Ten,Virginia Tech,1,1,10,10.0,1,0,100.0,1,1.0,10.0,1.0,0.0
166,5144959,Drake Lindsey,Minnesota,Big Ten,Virginia Tech,1,1,15,15.0,0,0,99.8,1,1.0,15.0,0.0,0.0
167,4430590,Payton Thorne,Auburn,SEC,California,14,27,165,6.1,1,4,28.9,2,0.5185185185185185,6.111111111111111,0.037037037037037,0.1481481481481481
168,4837248,Fernando Mendoza,California,ACC,Auburn,25,36,233,6.5,2,0,84.8,2,0.6944444444444444,6.472222222222222,0.0555555555555555,0.0
169,4697512,Robby Ashford,South Carolina,SEC,Kentucky,1,1,7,7.0,0,0,22.8,2,1.0,7.0,0.0,0.0
170,4875127,Lanorris Sellers,South Carolina,SEC,Kentucky,11,15,159,10.6,2,1,54.5,2,0.7333333333333333,10.6,0.1333333333333333,0.0666666666666666
171,4432782,Brock Vandagriff,Kentucky,SEC,South Carolina,3,10,30,3.0,0,1,1.2,2,0.3,3.0,0.0,0.1
172,4893657,Gavin Wimsatt,Kentucky,SEC,South Carolina,3,7,14,2.0,0,1,49.5,2,0.4285714285714285,2.0,0.0,0.1428571428571428
173,4427936,Grayson McCall,NC State,ACC,Tennessee,15,22,104,4.7,0,1,22.7,2,0.6818181818181818,4.727272727272728,0.0,0.0454545454545454
174,4870799,Nico Iamaleava,Tennessee,SEC,NC State,16,23,211,9.2,2,2,76.9,2,0.6956521739130435,9.173913043478262,0.0869565217391304,0.0869565217391304
175,4431574,Eli Stowers,Vanderbilt,SEC,Alcorn State,1,1,17,17.0,1,0,100.0,2,1.0,17.0,1.0,0.0
176,5084180,Diego Pavia,Vanderbilt,SEC,Alcorn State,10,13,83,6.4,0,0,53.0,2,0.7692307692307693,6.384615384615385,0.0,0.0
177,4362159,Alan Bowman,Oklahoma State,Big 12,Arkansas,27,48,326,6.8,1,1,64.2,2,0.5625,6.791666666666667,0.0208333333333333,0.0208333333333333
178,4431325,Taylen Green,Arkansas,SEC,Oklahoma State,26,45,416,9.2,1,1,58.1,2,0.5777777777777777,9.244444444444444,0.0222222222222222,0.0222222222222222
179,-5237, Team,Arkansas,SEC,Oklahoma State,0,1,0,0.0,0,0,,2,0.0,0.0,0.0,0.0
180,4878681,Davis Warren,Michigan,Big Ten,Texas,22,33,204,6.2,1,2,47.6,2,0.6666666666666666,6.181818181818182,0.0303030303030303,0.0606060606060606
181,4889929,Quinn Ewers,Texas,SEC,Michigan,24,36,246,6.8,3,0,89.6,2,0.6666666666666666,6.833333333333333,0.0833333333333333,0.0
182,4870607,Jackson Arnold,Oklahoma,SEC,Houston,19,32,174,5.4,2,1,37.5,2,0.59375,5.4375,0.0625,0.03125
183,4690977,Donovan Smith,Houston,Big 12,Oklahoma,24,28,260,9.3,1,1,83.5,2,0.8571428571428571,9.285714285714286,0.0357142857142857,0.0357142857142857
184,5141684,Austin Simmons,Ole Miss,SEC,Middle Tennessee,2,4,20,5.0,0,0,7.2,2,0.5,5.0,0.0,0.0
185,4689114,Jaxson Dart,Ole Miss,SEC,Middle Tennessee,25,27,377,14.0,1,0,84.2,2,0.925925925925926,13.962962962962964,0.037037037037037,0.0
186,4682518,Nick Vattiato,Middle Tennessee,Conference USA,Ole Miss,21,33,209,6.3,0,1,47.9,2,0.6363636363636364,6.333333333333333,0.0,0.0303030303030303
187,5194626,Roman Gagliano,Middle Tennessee,Conference USA,Ole Miss,4,7,41,5.9,0,0,28.6,2,0.5714285714285714,5.857142857142857,0.0,0.0
188,4430841,Carson Beck,Georgia,SEC,Tennessee Tech,18,25,242,9.7,5,0,83.0,2,0.72,9.68,0.2,0.0
189,4685578,Gunner Stockton,Georgia,SEC,Tennessee Tech,10,12,90,7.5,0,0,38.0,2,0.8333333333333334,7.5,0.0,0.0
190,4877296,CJ Ogbonna,Buffalo,Mid-American,Missouri,6,20,55,2.8,0,1,7.0,2,0.3,2.75,0.0,0.05
191,4429088,Drew Pyne,Missouri,SEC,Buffalo,6,6,35,5.8,0,0,31.5,2,1.0,5.833333333333333,0.0,0.0
192,4429435,Brady Cook,Missouri,SEC,Buffalo,28,36,228,6.3,0,1,80.8,2,0.7777777777777778,6.333333333333333,0.0,0.0277777777777777
193,4432734,Jalen Milroe,Alabama,SEC,South Florida,16,26,194,7.5,2,0,50.5,2,0.6153846153846154,7.461538461538462,0.0769230769230769,0.0
194,4880272,Byrum Brown,South Florida,American Athletic,Alabama,15,35,103,2.9,0,0,52.2,2,0.4285714285714285,2.942857142857143,0.0,0.0
195,4806463,Bryce Archie,South Florida,American Athletic,Alabama,1,1,0,0.0,0,0,34.0,2,1.0,0.0,0.0,0.0
196,5078810,Sam Leavitt,Arizona State,Big 12,Mississippi State,10,20,69,3.5,0,0,74.6,2,0.5,3.45,0.0,0.0
197,4565315,Blake Shapen,Mississippi State,SEC,Arizona State,18,28,268,9.6,2,0,71.6,2,0.6428571428571429,9.571428571428571,0.0714285714285714,0.0
198,4567747,Garrett Nussmeier,LSU,SEC,Nicholls,27,37,302,8.2,6,0,82.4,2,0.7297297297297297,8.162162162162161,0.1621621621621621,0.0
199,4870645,Rickie Collins,LSU,SEC,Nicholls,1,1,12,12.0,0,0,46.3,2,1.0,12.0,0.0,0.0
200,4685574,Conner Weigman,Texas A&M,SEC,McNeese,11,14,125,8.9,2,0,72.5,2,0.7857142857142857,8.928571428571429,0.1428571428571428,0.0
201,4870971,Marcel Reed,Texas A&M,SEC,McNeese,5,11,71,6.5,0,0,17.6,2,0.4545454545454545,6.454545454545454,0.0,0.0
202,5079555,D.J. Lagway,Florida,SEC,Samford,18,25,456,18.2,3,0,85.1,2,0.72,18.24,0.12,0.0
203,-5989, Team,Florida,SEC,Samford,0,1,0,0.0,0,0,,2,0.0,0.0,0.0,0.0
204,5155039,Aidan Warner,Florida,SEC,Samford,1,2,10,5.0,0,0,99.6,2,0.5,5.0,0.0,0.0
205,4430590,Payton Thorne,Auburn,SEC,California,14,27,165,6.1,1,4,28.9,2,0.5185185185185185,6.111111111111111,0.037037037037037,0.1481481481481481
206,4837248,Fernando Mendoza,California,ACC,Auburn,25,36,233,6.5,2,0,84.8,2,0.6944444444444444,6.472222222222222,0.0555555555555555,0.0
207,4838679,Ashton Daniels,Stanford,ACC,Cal Poly,19,23,221,9.6,2,0,61.5,2,0.8260869565217391,9.608695652173912,0.0869565217391304,0.0
208,5079318,Elijah Brown,Stanford,ACC,Cal Poly,7,7,97,13.9,1,0,97.4,2,1.0,13.857142857142858,0.1428571428571428,0.0
209,4426499,Hank Bachmeier,Wake Forest,ACC,Virginia,27,42,403,9.6,1,0,48.1,2,0.6428571428571429,9.595238095238097,0.0238095238095238,0.0
210,4567044,Taylor Morin,Wake Forest,ACC,Virginia,0,1,0,0.0,0,0,2.5,2,0.0,0.0,0.0,0.0
211,5044387,Anthony Colandrea,Virginia,ACC,Wake Forest,33,43,357,8.3,3,2,71.6,2,0.7674418604651163,8.30232558139535,0.0697674418604651,0.0465116279069767
212,5150611,Jake Retzlaff,BYU,Big 12,SMU,15,28,202,7.2,1,2,29.6,2,0.5357142857142857,7.214285714285714,0.0357142857142857,0.0714285714285714
213,-5439, Team,BYU,Big 12,SMU,0,1,0,0.0,0,0,,2,0.0,0.0,0.0,0.0
214,4432767,Preston Stone,SMU,ACC,BYU,2,4,4,1.0,0,0,0.7,2,0.5,1.0,0.0,0.0
215,5084084,Kevin Jennings,SMU,ACC,BYU,15,32,140,4.4,0,1,27.2,2,0.46875,4.375,0.0,0.03125
216,4899369,Christopher Vizzina,Clemson,ACC,App State,7,11,78,7.1,0,0,15.7,2,0.6363636363636364,7.090909090909091,0.0,0.0
217,4685413,Cade Klubnik,Clemson,ACC,App State,24,26,378,14.5,5,0,99.6,2,0.9230769230769232,14.538461538461538,0.1923076923076923,0.0
218,5081434,Trent Pearman,Clemson,ACC,App State,1,2,4,2.0,0,0,0.3,2,0.5,2.0,0.0,0.0
219,4682927,Billy Wiles,App State,Sun Belt,Clemson,0,1,0,0.0,0,1,0.0,2,0.0,0.0,0.0,1.0
220,5151948,Joey Aguilar,App State,Sun Belt,Clemson,18,41,214,5.2,1,0,45.7,2,0.4390243902439024,5.219512195121951,0.024390243902439,0.0
221,4873237,Kaedin Robinson,App State,Sun Belt,Clemson,0,1,0,0.0,0,1,0.0,2,0.0,0.0,0.0,1.0
222,4870819,Eli Holstein,Pittsburgh,ACC,Cincinnati,20,35,302,8.6,3,1,46.4,2,0.5714285714285714,8.628571428571428,0.0857142857142857,0.0285714285714285
223,4899046,Brendan Sorsby,Cincinnati,Big 12,Pittsburgh,22,38,298,7.8,3,0,73.7,2,0.5789473684210527,7.842105263157895,0.0789473684210526,0.0
224,4949488,Jacobe Robinson,Boston College,ACC,Duquesne,2,3,23,7.7,0,0,2.7,2,0.6666666666666666,7.666666666666667,0.0,0.0
225,4773919,Thomas Castellanos,Boston College,ACC,Duquesne,9,10,234,23.4,4,0,99.3,2,0.9,23.4,0.4,0.0
226,4427936,Grayson McCall,NC State,ACC,Tennessee,15,22,104,4.7,0,1,22.7,2,0.6818181818181818,4.727272727272728,0.0,0.0454545454545454
227,4870799,Nico Iamaleava,Tennessee,SEC,NC State,16,23,211,9.2,2,2,76.9,2,0.6956521739130435,9.173913043478262,0.0869565217391304,0.0869565217391304
228,4433932,Mike Wright,Northwestern,Big Ten,Duke,20,36,158,4.4,0,1,20.7,2,0.5555555555555556,4.388888888888889,0.0,0.0277777777777777
229,4685497,Maalik Murphy,Duke,ACC,Northwestern,24,39,242,6.2,3,1,62.4,2,0.6153846153846154,6.205128205128205,0.0769230769230769,0.0256410256410256
230,4685252,Henry Belin IV,Duke,ACC,Northwestern,1,1,7,7.0,0,0,95.3,2,1.0,7.0,0.0,0.0
231,4433971,Kyle McCord,Syracuse,ACC,Georgia Tech,32,46,381,8.3,4,0,82.0,2,0.6956521739130435,8.282608695652174,0.0869565217391304,0.0
232,4428993,Haynes King,Georgia Tech,ACC,Syracuse,29,39,266,6.8,1,0,92.7,2,0.7435897435897436,6.82051282051282,0.0256410256410256,0.0
233,4574356,Tyler Huff,Jacksonville State,Conference USA,Louisville,17,27,160,5.9,1,1,81.8,2,0.6296296296296297,5.925925925925926,0.037037037037037,0.037037037037037
234,4685697,Zion Turner,Jacksonville State,Conference USA,Louisville,0,1,0,0.0,0,0,3.6,2,0.0,0.0,0.0,0.0
235,4429145,Harrison Bailey,Louisville,ACC,Jacksonville State,2,2,28,14.0,0,0,99.7,2,1.0,14.0,0.0,0.0
236,4360689,Tyler Shough,Louisville,ACC,Jacksonville State,21,33,349,10.6,2,0,86.3,2,0.6363636363636364,10.575757575757576,0.0606060606060606,0.0
237,5138131,Deshawn Purdie,Charlotte,American Athletic,North Carolina,9,19,134,7.1,2,0,38.0,2,0.4736842105263157,7.052631578947368,0.1052631578947368,0.0
238,4875125,Max Brown,Charlotte,American Athletic,North Carolina,8,12,175,14.6,0,0,80.8,2,0.6666666666666666,14.583333333333334,0.0,0.0
239,4429463,Jacolby Criswell,North Carolina,ACC,Charlotte,1,1,2,2.0,0,0,0.6,2,1.0,2.0,0.0,0.0
240,4801306,Conner Harrell,North Carolina,ACC,Charlotte,16,25,219,8.8,2,1,62.3,2,0.64,8.76,0.08,0.04
241,4875866,Reese Poffenbarger,Miami,ACC,Florida A&M,6,7,20,2.9,0,0,10.5,2,0.8571428571428571,2.857142857142857,0.0,0.0
242,4688380,Cameron Ward,Miami,ACC,Florida A&M,20,26,304,11.7,3,0,92.3,2,0.7692307692307693,11.692307692307692,0.1153846153846153,0.0
243,4678010,Kyron Drones,Virginia Tech,ACC,Marshall,14,21,130,6.2,1,0,27.4,2,0.6666666666666666,6.190476190476191,0.0476190476190476,0.0
244,4691272,Stone Earle,Marshall,Sun Belt,Virginia Tech,13,36,131,3.6,1,1,13.8,2,0.3611111111111111,3.638888888888889,0.0277777777777777,0.0277777777777777
245,5079719,Taylor Tatum,Oklahoma,SEC,Tulane,1,1,-2,-2.0,0,0,2.8,3,1.0,-2.0,0.0,0.0
246,4870607,Jackson Arnold,Oklahoma,SEC,Tulane,18,29,169,5.8,1,1,77.9,3,0.6206896551724138,5.827586206896552,0.0344827586206896,0.0344827586206896
247,4432774,Ty Thompson,Tulane,American Athletic,Oklahoma,1,1,7,7.0,1,0,100.0,3,1.0,7.0,1.0,0.0
248,5121169,Darian Mensah,Tulane,American Athletic,Oklahoma,14,32,166,5.2,1,1,24.9,3,0.4375,5.1875,0.03125,0.03125
249,4773919,Thomas Castellanos,Boston College,ACC,Missouri,16,28,249,8.9,3,2,77.3,3,0.5714285714285714,8.892857142857142,0.1071428571428571,0.0714285714285714
250,4429435,Brady Cook,Missouri,SEC,Boston College,21,30,264,8.8,1,0,89.3,3,0.7,8.8,0.0333333333333333,0.0
251,4697512,Robby Ashford,South Carolina,SEC,LSU,2,4,42,10.5,0,0,3.9,3,0.5,10.5,0.0,0.0
252,4875127,Lanorris Sellers,South Carolina,SEC,LSU,9,16,113,7.1,0,1,66.1,3,0.5625,7.0625,0.0,0.0625
253,4567747,Garrett Nussmeier,LSU,SEC,South Carolina,24,40,285,7.1,2,1,76.1,3,0.6,7.125,0.05,0.025
254,4431325,Taylen Green,Arkansas,SEC,UAB,11,26,161,6.2,0,1,50.8,3,0.4230769230769231,6.1923076923076925,0.0,0.0384615384615384
255,4426417,Jacob Zeno,UAB,American Athletic,Arkansas,23,32,235,7.3,3,1,73.9,3,0.71875,7.34375,0.09375,0.03125
256,4870799,Nico Iamaleava,Tennessee,SEC,Kent State,10,16,173,10.8,1,0,85.2,3,0.625,10.8125,0.0625,0.0
257,4697122,Gaston Moore,Tennessee,SEC,Kent State,4,4,94,23.5,2,0,100.0,3,1.0,23.5,0.5,0.0
258,5079531,Jake Merklinger,Tennessee,SEC,Kent State,2,5,17,3.4,0,0,9.6,3,0.4,3.4,0.0,0.0
259,4685693,Devin Kargman,Kent State,Mid-American,Tennessee,9,15,58,3.9,0,0,50.6,3,0.6,3.8666666666666663,0.0,0.0
260,5092662,JD Sherrod,Kent State,Mid-American,Tennessee,0,1,0,0.0,0,0,90.2,3,0.0,0.0,0.0,0.0
261,-5275, Team,Auburn,SEC,New Mexico,0,1,0,0.0,0,0,,3,0.0,0.0,0.0,0.0
262,5089314,Hank Brown,Auburn,SEC,New Mexico,17,25,235,9.4,4,0,76.5,3,0.68,9.4,0.16,0.0
263,4430841,Carson Beck,Georgia,SEC,Kentucky,15,24,160,6.7,0,0,69.8,3,0.625,6.666666666666667,0.0,0.0
264,4432782,Brock Vandagriff,Kentucky,SEC,Georgia,14,27,114,4.2,0,0,54.3,3,0.5185185185185185,4.222222222222222,0.0,0.0
265,-6315, Team,Kentucky,SEC,Georgia,0,1,0,0.0,0,0,,3,0.0,0.0,0.0,0.0
266,4565315,Blake Shapen,Mississippi State,SEC,Toledo,28,39,319,8.2,2,1,19.7,3,0.717948717948718,8.179487179487179,0.0512820512820512,0.0256410256410256
267,4429801,Tucker Gleason,Toledo,Mid-American,Mississippi State,23,28,285,10.2,3,0,94.8,3,0.8214285714285714,10.178571428571429,0.1071428571428571,0.0
268,4702829,Braedyn Locke,Wisconsin,Big Ten,Alabama,13,26,125,4.8,1,0,52.2,3,0.5,4.807692307692308,0.0384615384615384,0.0
269,4685186,Tyler Van Dyke,Wisconsin,Big Ten,Alabama,5,5,16,3.2,0,0,93.0,3,1.0,3.2,0.0,0.0
270,4432734,Jalen Milroe,Alabama,SEC,Wisconsin,12,17,196,11.5,3,0,89.9,3,0.7058823529411765,11.529411764705882,0.1764705882352941,0.0
271,4685522,Ty Simpson,Alabama,SEC,Wisconsin,4,5,30,6.0,0,0,74.6,3,0.8,6.0,0.0,0.0
272,4870971,Marcel Reed,Texas A&M,SEC,Florida,11,17,178,10.5,2,0,87.2,3,0.6470588235294118,10.470588235294118,0.1176470588235294,0.0
273,4426335,Graham Mertz,Florida,SEC,Texas A&M,12,15,195,13.0,1,1,45.3,3,0.8,13.0,0.0666666666666666,0.0666666666666666
274,5079555,D.J. Lagway,Florida,SEC,Texas A&M,6,13,54,4.2,1,2,15.2,3,0.4615384615384615,4.153846153846154,0.0769230769230769,0.1538461538461538
275,-5989, Team,Florida,SEC,Texas A&M,0,1,0,0.0,0,0,,3,0.0,0.0,0.0,0.0
276,5084180,Diego Pavia,Vanderbilt,SEC,Georgia State,18,33,270,8.2,2,0,43.3,3,0.5454545454545454,8.181818181818182,0.0606060606060606,0.0
277,4432612,Christian Veilleux,Georgia State,Sun Belt,Vanderbilt,26,41,269,6.6,3,1,84.4,3,0.6341463414634146,6.560975609756097,0.073170731707317,0.024390243902439
278,4426499,Hank Bachmeier,Wake Forest,ACC,Ole Miss,22,39,239,6.1,0,0,46.5,3,0.5641025641025641,6.128205128205129,0.0,0.0
279,4567031,Michael Kern,Wake Forest,ACC,Ole Miss,2,3,26,8.7,0,1,8.6,3,0.6666666666666666,8.666666666666666,0.0,0.3333333333333333
280,4689114,Jaxson Dart,Ole Miss,SEC,Wake Forest,26,34,377,11.1,2,1,90.7,3,0.7647058823529411,11.088235294117649,0.0588235294117647,0.0294117647058823
281,5123665,Trey Owens,Texas,SEC,UTSA,2,4,19,4.8,0,0,39.0,3,0.5,4.75,0.0,0.0
282,4870906,Arch Manning,Texas,SEC,UTSA,9,12,223,18.6,4,0,99.9,3,0.75,18.58333333333333,0.3333333333333333,0.0
283,4889929,Quinn Ewers,Texas,SEC,UTSA,14,16,185,11.6,2,1,85.8,3,0.875,11.5625,0.125,0.0625
284,4683012,Eddie Lee Marburger,UTSA,American Athletic,Texas,0,1,0,0.0,0,1,0.0,3,0.0,0.0,0.0,1.0
285,4775136,Owen McCown,UTSA,American Athletic,Texas,21,29,132,4.6,0,0,59.3,3,0.7241379310344828,4.551724137931035,0.0,0.0
286,4746127,Zach Pyron,Georgia Tech,ACC,VMI,3,5,58,11.6,1,0,67.7,3,0.6,11.6,0.2,0.0
287,4428993,Haynes King,Georgia Tech,ACC,VMI,17,22,275,12.5,3,0,71.2,3,0.7727272727272727,12.5,0.1363636363636363,0.0
288,5132812,Aaron Philo,Georgia Tech,ACC,VMI,3,5,49,9.8,0,0,88.9,3,0.6,9.8,0.0,0.0
289,5091564,Aidan Leffler,Ball State,Mid-American,Miami,1,4,1,0.3,0,0,2.6,3,0.25,0.25,0.0,0.0
290,5091890,Kadin Semonza,Ball State,Mid-American,Miami,16,26,111,4.3,0,1,16.1,3,0.6153846153846154,4.269230769230769,0.0,0.0384615384615384
291,4431416,Kiael Kelly,Ball State,Mid-American,Miami,1,2,-3,-1.5,0,0,2.0,3,0.5,-1.5,0.0,0.0
292,5075800,Emory Williams,Miami,ACC,Ball State,11,12,161,13.4,1,0,87.0,3,0.9166666666666666,13.416666666666666,0.0833333333333333,0.0
293,4688380,Cameron Ward,Miami,ACC,Ball State,19,28,346,12.4,5,0,93.8,3,0.6785714285714286,12.357142857142858,0.1785714285714285,0.0
294,4429847,Garrett Greene,West Virginia,Big 12,Pittsburgh,16,30,210,7.0,2,2,80.7,3,0.5333333333333333,7.0,0.0666666666666666,0.0666666666666666
295,4870819,Eli Holstein,Pittsburgh,ACC,West Virginia,21,30,301,10.0,3,0,59.4,3,0.7,10.033333333333331,0.1,0.0
296,5044387,Anthony Colandrea,Virginia,ACC,Maryland,21,37,247,6.7,0,2,28.3,3,0.5675675675675675,6.675675675675675,0.0,0.054054054054054
297,4592532,Billy Edwards,Maryland,Big Ten,Virginia,28,43,263,6.1,2,0,58.3,3,0.6511627906976745,6.116279069767442,0.0465116279069767,0.0
298,4773919,Thomas Castellanos,Boston College,ACC,Missouri,16,28,249,8.9,3,2,77.3,3,0.5714285714285714,8.892857142857142,0.1071428571428571,0.0714285714285714
299,4429435,Brady Cook,Missouri,SEC,Boston College,21,30,264,8.8,1,0,89.3,3,0.7,8.8,0.0333333333333333,0.0
300,4685497,Maalik Murphy,Duke,ACC,UConn,28,43,267,6.2,3,1,45.6,3,0.6511627906976745,6.209302325581396,0.0697674418604651,0.0232558139534883
301,-5995, Team,Florida State,ACC,Memphis,0,1,0,0.0,0,0,,3,0.0,0.0,0.0,0.0
302,4429020,D.J. Uiagalelei,Florida State,ACC,Memphis,16,30,201,6.7,0,1,33.6,3,0.5333333333333333,6.7,0.0,0.0333333333333333
303,4899470,Ja'Koby Banks,Memphis,American Athletic,Florida State,0,1,0,0.0,0,0,6.7,3,0.0,0.0,0.0,0.0
304,4606194,Seth Henigan,Memphis,American Athletic,Florida State,25,38,272,7.2,2,1,71.1,3,0.6578947368421053,7.157894736842105,0.0526315789473684,0.0263157894736842
305,4678010,Kyron Drones,Virginia Tech,ACC,Old Dominion,15,26,176,6.8,1,1,78.6,3,0.5769230769230769,6.769230769230769,0.0384615384615384,0.0384615384615384
306,5125715,Colton Joseph,Old Dominion,Sun Belt,Virginia Tech,1,2,12,6.0,0,0,3.1,3,0.5,6.0,0.0,0.0
307,5193346,Quinn Henicle,Old Dominion,Sun Belt,Virginia Tech,5,12,38,3.2,0,1,10.1,3,0.4166666666666667,3.1666666666666665,0.0,0.0833333333333333
308,4427936,Grayson McCall,NC State,ACC,Louisiana Tech,9,13,54,4.2,0,0,32.6,3,0.6923076923076923,4.153846153846154,0.0,0.0
309,5079301,CJ Bailey,NC State,ACC,Louisiana Tech,13,20,156,7.8,0,1,68.9,3,0.65,7.8,0.0,0.05
310,5092781,Jack Turner,Louisiana Tech,Conference USA,NC State,19,36,281,7.8,1,1,40.1,3,0.5277777777777778,7.805555555555555,0.0277777777777777,0.0277777777777777
311,4837248,Fernando Mendoza,California,ACC,San Diego State,21,29,198,6.8,2,1,51.6,3,0.7241379310344828,6.827586206896552,0.0689655172413793,0.0344827586206896
312,4429463,Jacolby Criswell,North Carolina,ACC,North Carolina Central,14,23,161,7.0,1,0,28.6,3,0.6086956521739131,7.0,0.0434782608695652,0.0
313,4801306,Conner Harrell,North Carolina,ACC,North Carolina Central,2,6,22,3.7,0,0,1.1,3,0.3333333333333333,3.6666666666666665,0.0,0.0
314,4426499,Hank Bachmeier,Wake Forest,ACC,Ole Miss,22,39,239,6.1,0,0,46.5,3,0.5641025641025641,6.128205128205129,0.0,0.0
315,4567031,Michael Kern,Wake Forest,ACC,Ole Miss,2,3,26,8.7,0,1,8.6,3,0.6666666666666666,8.666666666666666,0.0,0.3333333333333333
316,4689114,Jaxson Dart,Ole Miss,SEC,Wake Forest,26,34,377,11.1,2,1,90.7,3,0.7647058823529411,11.088235294117649,0.0588235294117647,0.0294117647058823
317,5089314,Hank Brown,Auburn,SEC,Arkansas,7,13,72,5.5,0,3,9.5,4,0.5384615384615384,5.538461538461538,0.0,0.2307692307692307
318,4430590,Payton Thorne,Auburn,SEC,Arkansas,13,22,213,9.7,2,1,62.1,4,0.5909090909090909,9.681818181818182,0.0909090909090909,0.0454545454545454
319,4431325,Taylen Green,Arkansas,SEC,Auburn,12,27,151,5.6,1,2,80.3,4,0.4444444444444444,5.592592592592593,0.037037037037037,0.074074074074074
320,4870999,Malachi Singleton,Arkansas,SEC,Auburn,0,1,0,0.0,0,0,0.8,4,0.0,0.0,0.0,0.0
321,5079620,Michael Van Buren Jr.,Mississippi State,SEC,Florida,7,13,100,7.7,0,0,58.0,4,0.5384615384615384,7.6923076923076925,0.0,0.0
322,4565315,Blake Shapen,Mississippi State,SEC,Florida,13,21,140,6.7,1,0,21.6,4,0.6190476190476191,6.666666666666667,0.0476190476190476,0.0
323,4426335,Graham Mertz,Florida,SEC,Mississippi State,19,21,201,9.6,3,0,95.1,4,0.9047619047619048,9.571428571428571,0.1428571428571428,0.0
324,5079555,D.J. Lagway,Florida,SEC,Mississippi State,7,7,76,10.9,0,0,78.0,4,1.0,10.857142857142858,0.0,0.0
325,5228762,Nick Poulos,Ohio,Mid-American,Kentucky,8,19,110,5.8,0,1,18.7,4,0.4210526315789473,5.789473684210527,0.0,0.0526315789473684
326,4432782,Brock Vandagriff,Kentucky,SEC,Ohio,17,24,237,9.9,0,0,79.1,4,0.7083333333333334,9.875,0.0,0.0
327,4893657,Gavin Wimsatt,Kentucky,SEC,Ohio,2,3,45,15.0,0,0,58.2,4,0.6666666666666666,15.0,0.0,0.0
328,4567747,Garrett Nussmeier,LSU,SEC,UCLA,32,44,352,8.0,3,0,86.0,4,0.7272727272727273,8.0,0.0681818181818181,0.0
329,4429068,Ethan Garbers,UCLA,Big Ten,LSU,22,36,281,7.8,2,1,47.4,4,0.6111111111111112,7.805555555555555,0.0555555555555555,0.0277777777777777
330,4429435,Brady Cook,Missouri,SEC,Vanderbilt,23,37,226,6.1,2,0,46.0,4,0.6216216216216216,6.108108108108108,0.054054054054054,0.0
331,5084180,Diego Pavia,Vanderbilt,SEC,Missouri,14,23,178,7.7,2,0,85.3,4,0.6086956521739131,7.739130434782608,0.0869565217391304,0.0
332,5079465,Michael Hawkins Jr.,Oklahoma,SEC,Tennessee,11,18,132,7.3,1,0,58.9,4,0.6111111111111112,7.333333333333333,0.0555555555555555,0.0
333,4870607,Jackson Arnold,Oklahoma,SEC,Tennessee,7,16,54,3.4,0,1,1.3,4,0.4375,3.375,0.0,0.0625
334,4870799,Nico Iamaleava,Tennessee,SEC,Oklahoma,13,21,194,9.2,1,0,62.1,4,0.6190476190476191,9.238095238095235,0.0476190476190476,0.0
335,4697512,Robby Ashford,South Carolina,SEC,Akron,15,21,243,11.6,2,0,94.2,4,0.7142857142857143,11.571428571428571,0.0952380952380952,0.0
336,4428887,Davis Beville,South Carolina,SEC,Akron,4,6,33,5.5,1,0,85.7,4,0.6666666666666666,5.5,0.1666666666666666,0.0
337,4684003,Tahj Bullock,Akron,Mid-American,South Carolina,2,3,7,2.3,0,0,40.6,4,0.6666666666666666,2.333333333333333,0.0,0.0
338,4431091,Ben Finley,Akron,Mid-American,South Carolina,14,27,110,4.1,1,1,38.6,4,0.5185185185185185,4.074074074074074,0.037037037037037,0.037037037037037
339,4870971,Marcel Reed,Texas A&M,SEC,Bowling Green,16,29,173,6.0,2,0,75.5,4,0.5517241379310345,5.965517241379311,0.0689655172413793,0.0
340,5084054,Justin Pegues,Bowling Green,Mid-American,Texas A&M,0,1,0,0.0,0,0,3.2,4,0.0,0.0,0.0,0.0
341,4426444,Connor Bazelak,Bowling Green,Mid-American,Texas A&M,20,36,250,6.9,1,1,73.9,4,0.5555555555555556,6.944444444444445,0.0277777777777777,0.0277777777777777
342,-7034, Team,Ole Miss,SEC,Georgia Southern,0,1,0,0.0,0,0,,4,0.0,0.0,0.0,0.0
343,5141684,Austin Simmons,Ole Miss,SEC,Georgia Southern,1,1,6,6.0,0,0,78.4,4,1.0,6.0,0.0,0.0
344,4689114,Jaxson Dart,Ole Miss,SEC,Georgia Southern,22,31,382,12.3,4,1,77.3,4,0.7096774193548387,12.32258064516129,0.1290322580645161,0.032258064516129
345,4838269,OJ Arnold,Georgia Southern,Sun Belt,Ole Miss,1,1,12,12.0,1,0,99.5,4,1.0,12.0,1.0,0.0
346,4685345,JC French,Georgia Southern,Sun Belt,Ole Miss,20,28,109,3.9,0,1,26.9,4,0.7142857142857143,3.892857142857143,0.0,0.0357142857142857
347,4565355,Dexter Williams II,Georgia Southern,Sun Belt,Ole Miss,2,4,36,9.0,0,0,89.7,4,0.5,9.0,0.0,0.0
348,4870906,Arch Manning,Texas,SEC,UL Monroe,15,29,258,8.9,2,2,71.3,4,0.5172413793103449,8.89655172413793,0.0689655172413793,0.0689655172413793
349,5122054,Aidan Armenta,UL Monroe,Sun Belt,Texas,3,6,12,2.0,0,1,25.7,4,0.5,2.0,0.0,0.1666666666666666
350,5081925,General Booty,UL Monroe,Sun Belt,Texas,8,19,42,2.2,0,1,6.5,4,0.4210526315789473,2.210526315789474,0.0,0.0526315789473684
351,4911929,Alonza Barnett,James Madison,Sun Belt,North Carolina,22,34,388,11.4,5,0,95.5,4,0.6470588235294118,11.411764705882351,0.1470588235294117,0.0
352,4429463,Jacolby Criswell,North Carolina,ACC,James Madison,28,48,475,9.9,3,2,70.2,4,0.5833333333333334,9.895833333333334,0.0625,0.0416666666666666
353,5079301,CJ Bailey,NC State,ACC,Clemson,16,25,204,8.2,1,1,51.3,4,0.64,8.16,0.04,0.04
354,4875128,Lex Thomas,NC State,ACC,Clemson,4,6,53,8.8,1,0,99.0,4,0.6666666666666666,8.833333333333334,0.1666666666666666,0.0
355,-5650, Team,Clemson,ACC,NC State,0,1,0,0.0,0,0,,4,0.0,0.0,0.0,0.0
356,4899369,Christopher Vizzina,Clemson,ACC,NC State,4,7,41,5.9,0,0,6.9,4,0.5714285714285714,5.857142857142857,0.0,0.0
357,4685413,Cade Klubnik,Clemson,ACC,NC State,16,24,209,8.7,3,0,99.2,4,0.6666666666666666,8.708333333333334,0.125,0.0
358,5081434,Trent Pearman,Clemson,ACC,NC State,1,2,4,2.0,0,0,70.3,4,0.5,2.0,0.0,0.0
359,4880272,Byrum Brown,South Florida,American Athletic,Miami,19,30,254,8.5,0,0,62.5,4,0.6333333333333333,8.466666666666667,0.0,0.0
360,4806463,Bryce Archie,South Florida,American Athletic,Miami,6,12,37,3.1,0,2,2.4,4,0.5,3.083333333333333,0.0,0.1666666666666666
361,4571563,Sean Atkins,South Florida,American Athletic,Miami,1,1,12,12.0,1,0,100.0,4,1.0,12.0,1.0,0.0
362,4688380,Cameron Ward,Miami,ACC,South Florida,24,34,404,11.9,3,1,94.1,4,0.7058823529411765,11.882352941176473,0.088235294117647,0.0294117647058823
363,4432722,Athan Kaliakmanis,Rutgers,Big Ten,Virginia Tech,16,25,269,10.8,0,0,77.6,4,0.64,10.76,0.0,0.0
364,4678010,Kyron Drones,Virginia Tech,ACC,Rutgers,13,27,137,5.1,0,1,32.3,4,0.4814814814814814,5.074074074074074,0.0,0.037037037037037
365,4838679,Ashton Daniels,Stanford,ACC,Syracuse,23,38,178,4.7,1,2,37.8,4,0.6052631578947368,4.684210526315789,0.0263157894736842,0.0526315789473684
366,4433971,Kyle McCord,Syracuse,ACC,Stanford,27,42,339,8.1,2,2,49.3,4,0.6428571428571429,8.071428571428571,0.0476190476190476,0.0476190476190476
367,4832918,Ethan Vasko,Coastal Carolina,Sun Belt,Virginia,10,21,222,10.6,1,1,45.1,4,0.4761904761904761,10.571428571428571,0.0476190476190476,0.0476190476190476
368,4690158,Noah Kim,Coastal Carolina,Sun Belt,Virginia,6,12,80,6.7,1,0,71.2,4,0.5,6.666666666666667,0.0833333333333333,0.0
369,-7809, Team,Virginia,ACC,Coastal Carolina,0,1,0,0.0,0,0,,4,0.0,0.0,0.0,0.0
370,5044387,Anthony Colandrea,Virginia,ACC,Coastal Carolina,13,20,131,6.6,2,0,54.3,4,0.65,6.55,0.1,0.0
371,4775264,Tony Muskett,Virginia,ACC,Coastal Carolina,2,2,10,5.0,0,0,100.0,4,1.0,5.0,0.0,0.0
372,4431375,Ken Seals,TCU,Big 12,SMU,3,3,19,6.3,1,0,99.9,4,1.0,6.333333333333333,0.3333333333333333,0.0
373,4685401,Josh Hoover,TCU,Big 12,SMU,28,43,396,9.2,3,2,86.0,4,0.6511627906976745,9.209302325581396,0.0697674418604651,0.0465116279069767
374,5084084,Kevin Jennings,SMU,ACC,TCU,14,19,137,7.2,2,0,78.5,4,0.7368421052631579,7.2105263157894735,0.1052631578947368,0.0
375,4428993,Haynes King,Georgia Tech,ACC,Louisville,21,32,312,9.8,0,0,86.0,4,0.65625,9.75,0.0,0.0
376,4360689,Tyler Shough,Louisville,ACC,Georgia Tech,13,19,269,14.2,2,0,80.2,4,0.6842105263157895,14.157894736842104,0.1052631578947368,0.0
377,4429020,D.J. Uiagalelei,Florida State,ACC,California,16,27,177,6.6,1,1,48.0,4,0.5925925925925926,6.555555555555555,0.037037037037037,0.037037037037037
378,4837248,Fernando Mendoza,California,ACC,Florida State,22,36,303,8.4,0,1,61.1,4,0.6111111111111112,8.416666666666666,0.0,0.0277777777777777
379,-5490, Team,California,ACC,Florida State,0,1,0,0.0,0,0,,4,0.0,0.0,0.0,0.0
380,4682518,Nick Vattiato,Middle Tennessee,Conference USA,Duke,21,33,127,3.8,1,1,30.0,4,0.6363636363636364,3.8484848484848486,0.0303030303030303,0.0303030303030303
381,5194626,Roman Gagliano,Middle Tennessee,Conference USA,Duke,0,2,0,0.0,0,0,8.5,4,0.0,0.0,0.0,0.0
382,4685497,Maalik Murphy,Duke,ACC,Middle Tennessee,14,21,216,10.3,3,1,43.1,4,0.6666666666666666,10.285714285714286,0.1428571428571428,0.0476190476190476
383,4773919,Thomas Castellanos,Boston College,ACC,Michigan State,10,16,140,8.8,1,0,17.5,4,0.625,8.75,0.0625,0.0
384,5075805,Aidan Chiles,Michigan State,Big Ten,Boston College,17,35,241,6.9,0,3,53.0,4,0.4857142857142857,6.885714285714286,0.0,0.0857142857142857
385,4870819,Eli Holstein,Pittsburgh,ACC,Youngstown State,16,24,247,10.3,3,0,83.9,4,0.6666666666666666,10.291666666666666,0.125,0.0
386,4683182,Nate Yarnell,Pittsburgh,ACC,Youngstown State,8,11,102,9.3,1,0,65.6,4,0.7272727272727273,9.272727272727272,0.0909090909090909,0.0
387,4870971,Marcel Reed,Texas A&M,SEC,Arkansas,11,22,163,7.4,2,0,59.4,5,0.5,7.409090909090909,0.0909090909090909,0.0
388,4431325,Taylen Green,Arkansas,SEC,Texas A&M,23,41,279,6.8,1,1,59.0,5,0.5609756097560976,6.804878048780488,0.024390243902439,0.024390243902439
389,4920227,Giovanni Lopez,South Alabama,Sun Belt,LSU,16,22,171,7.8,1,0,60.1,5,0.7272727272727273,7.772727272727272,0.0454545454545454,0.0
390,4869553,Bishop Davenport,South Alabama,Sun Belt,LSU,4,8,50,6.3,0,0,18.6,5,0.5,6.25,0.0,0.0
391,4567747,Garrett Nussmeier,LSU,SEC,South Alabama,26,39,409,10.5,2,2,87.9,5,0.6666666666666666,10.487179487179487,0.0512820512820512,0.0512820512820512
392,4870645,Rickie Collins,LSU,SEC,South Alabama,3,3,21,7.0,0,0,98.3,5,1.0,7.0,0.0,0.0
393,5079620,Michael Van Buren Jr.,Mississippi State,SEC,Texas,12,23,144,6.3,0,0,47.5,5,0.5217391304347826,6.260869565217392,0.0,0.0
394,4870906,Arch Manning,Texas,SEC,Mississippi State,26,31,324,10.5,2,0,79.5,5,0.8387096774193549,10.451612903225806,0.064516129032258,0.0
395,4432734,Jalen Milroe,Alabama,SEC,Georgia,27,33,374,11.3,2,1,98.5,5,0.8181818181818182,11.333333333333334,0.0606060606060606,0.0303030303030303
396,4430841,Carson Beck,Georgia,SEC,Alabama,27,50,439,8.8,3,3,70.1,5,0.54,8.78,0.06,0.06
397,5079465,Michael Hawkins Jr.,Oklahoma,SEC,Auburn,10,15,161,10.7,0,0,67.5,5,0.6666666666666666,10.733333333333333,0.0,0.0
398,4430590,Payton Thorne,Auburn,SEC,Oklahoma,21,32,338,10.6,3,1,65.5,5,0.65625,10.5625,0.09375,0.03125
399,4689114,Jaxson Dart,Ole Miss,SEC,Kentucky,18,27,261,9.7,1,0,79.5,5,0.6666666666666666,9.666666666666666,0.037037037037037,0.0
400,4432782,Brock Vandagriff,Kentucky,SEC,Ole Miss,18,28,243,8.7,1,0,75.3,5,0.6428571428571429,8.678571428571429,0.0357142857142857,0.0
401,4433971,Kyle McCord,Syracuse,ACC,Holy Cross,28,50,385,7.7,4,2,50.7,5,0.56,7.7,0.08,0.04
402,4570048,Michael Johnson Jr.,Syracuse,ACC,Holy Cross,2,3,31,10.3,0,0,2.2,5,0.6666666666666666,10.333333333333334,0.0,0.0
403,4838679,Ashton Daniels,Stanford,ACC,Clemson,9,19,71,3.7,1,3,33.4,5,0.4736842105263157,3.736842105263158,0.0526315789473684,0.1578947368421052
404,4684502,Justin Lamson,Stanford,ACC,Clemson,4,8,54,6.8,1,0,10.9,5,0.5,6.75,0.125,0.0
405,4685413,Cade Klubnik,Clemson,ACC,Stanford,15,31,255,8.2,4,1,80.2,5,0.4838709677419355,8.225806451612904,0.1290322580645161,0.032258064516129
406,4688380,Cameron Ward,Miami,ACC,Virginia Tech,24,38,343,9.0,4,2,89.4,5,0.631578947368421,9.026315789473683,0.1052631578947368,0.0526315789473684
407,4697496,Peter Moore,Virginia Tech,ACC,Miami,1,1,-1,-1.0,0,0,24.7,5,1.0,-1.0,0.0,0.0
408,4678010,Kyron Drones,Virginia Tech,ACC,Miami,19,33,189,5.7,2,1,83.4,5,0.5757575757575758,5.727272727272728,0.0606060606060606,0.0303030303030303
409,4360689,Tyler Shough,Louisville,ACC,Notre Dame,24,41,264,6.4,3,1,72.2,5,0.5853658536585366,6.439024390243903,0.073170731707317,0.024390243902439
410,4567707,Grayson James,Boston College,ACC,Western Kentucky,19,32,168,5.3,1,1,53.0,5,0.59375,5.25,0.03125,0.03125
411,4869991,Caden Veltkamp,Western Kentucky,Conference USA,Boston College,25,39,232,5.9,2,2,59.1,5,0.6410256410256411,5.948717948717949,0.0512820512820512,0.0512820512820512
412,4429020,D.J. Uiagalelei,Florida State,ACC,SMU,12,30,222,7.4,2,3,13.2,5,0.4,7.4,0.0666666666666666,0.1
413,4920158,Brock Glenn,Florida State,ACC,SMU,0,4,0,0.0,0,0,2.4,5,0.0,0.0,0.0,0.0
414,5084084,Kevin Jennings,SMU,ACC,Florida State,16,23,254,11.0,3,0,90.3,5,0.6956521739130435,11.043478260869565,0.1304347826086956,0.0
415,4685497,Maalik Murphy,Duke,ACC,North Carolina,15,34,209,6.1,1,0,20.7,5,0.4411764705882353,6.147058823529412,0.0294117647058823,0.0
416,4429463,Jacolby Criswell,North Carolina,ACC,Duke,21,39,251,6.4,2,1,55.8,5,0.5384615384615384,6.435897435897436,0.0512820512820512,0.0256410256410256
417,4426499,Hank Bachmeier,Wake Forest,ACC,Louisiana,29,35,254,7.3,1,1,67.6,5,0.8285714285714286,7.257142857142857,0.0285714285714285,0.0285714285714285
418,4373895,Ben Wooldridge,Louisiana,Sun Belt,Wake Forest,20,29,257,8.9,3,0,87.5,5,0.6896551724137931,8.862068965517242,0.1034482758620689,0.0
419,5079301,CJ Bailey,NC State,ACC,Northern Illinois,13,20,108,5.4,1,0,26.3,5,0.65,5.4,0.05,0.0
420,4618083,Ethan Hampton,Northern Illinois,Mid-American,NC State,14,29,159,5.5,1,2,19.8,5,0.4827586206896552,5.482758620689655,0.0344827586206896,0.0689655172413793
421,4567149,KJ Jefferson,UCF,Big 12,Florida,12,22,165,7.5,0,1,16.8,6,0.5454545454545454,7.5,0.0,0.0454545454545454
422,4426335,Graham Mertz,Florida,SEC,UCF,19,23,179,7.8,1,0,81.5,6,0.8260869565217391,7.782608695652174,0.0434782608695652,0.0
423,5079555,D.J. Lagway,Florida,SEC,UCF,4,4,50,12.5,0,0,75.1,6,1.0,12.5,0.0,0.0
424,-5989, Team,Florida,SEC,UCF,0,1,0,0.0,0,0,,6,0.0,0.0,0.0,0.0
425,4431325,Taylen Green,Arkansas,SEC,Tennessee,19,27,266,9.9,0,0,79.7,6,0.7037037037037037,9.851851851851851,0.0,0.0
426,4870999,Malachi Singleton,Arkansas,SEC,Tennessee,2,3,31,10.3,0,0,3.7,6,0.6666666666666666,10.333333333333334,0.0,0.0
427,4870799,Nico Iamaleava,Tennessee,SEC,Arkansas,17,29,158,5.4,0,0,39.5,6,0.5862068965517241,5.448275862068965,0.0,0.0
428,4685574,Conner Weigman,Texas A&M,SEC,Missouri,18,22,276,12.5,0,0,93.7,6,0.8181818181818182,12.545454545454543,0.0,0.0
429,4429435,Brady Cook,Missouri,SEC,Texas A&M,13,31,186,6.0,1,0,25.6,6,0.4193548387096774,6.0,0.032258064516129,0.0
430,4430841,Carson Beck,Georgia,SEC,Auburn,23,29,240,8.3,2,0,89.2,6,0.7931034482758621,8.275862068965518,0.0689655172413793,0.0
431,4430590,Payton Thorne,Auburn,SEC,Georgia,16,27,200,7.4,0,0,68.1,6,0.5925925925925926,7.407407407407407,0.0,0.0
432,-7352, Team,South Carolina,SEC,Ole Miss,0,1,0,0.0,0,0,,6,0.0,0.0,0.0,0.0
433,4875127,Lanorris Sellers,South Carolina,SEC,Ole Miss,20,32,162,5.1,0,1,54.0,6,0.625,5.0625,0.0,0.03125
434,4689114,Jaxson Dart,Ole Miss,SEC,South Carolina,14,27,285,10.6,0,0,90.5,6,0.5185185185185185,10.555555555555555,0.0,0.0
435,4868300,Nate Johnson,Vanderbilt,SEC,Alabama,0,1,0,0.0,0,0,7.3,6,0.0,0.0,0.0,0.0
436,5084180,Diego Pavia,Vanderbilt,SEC,Alabama,16,20,252,12.6,2,0,95.9,6,0.8,12.6,0.1,0.0
437,4432734,Jalen Milroe,Alabama,SEC,Vanderbilt,18,24,310,12.9,1,1,77.9,6,0.75,12.916666666666666,0.0416666666666666,0.0416666666666666
438,4433971,Kyle McCord,Syracuse,ACC,UNLV,40,63,355,5.6,3,1,84.3,6,0.6349206349206349,5.634920634920635,0.0476190476190476,0.0158730158730158
439,4682648,Malachi Fields,Virginia,ACC,Boston College,1,1,29,29.0,0,0,99.8,6,1.0,29.0,0.0,0.0
440,5044387,Anthony Colandrea,Virginia,ACC,Boston College,15,26,179,6.9,1,0,52.7,6,0.5769230769230769,6.884615384615385,0.0384615384615384,0.0
441,4775264,Tony Muskett,Virginia,ACC,Boston College,1,1,10,10.0,0,0,90.8,6,1.0,10.0,0.0,0.0
442,4773919,Thomas Castellanos,Boston College,ACC,Virginia,22,30,254,8.5,2,2,31.8,6,0.7333333333333333,8.466666666666667,0.0666666666666666,0.0666666666666666
443,4920158,Brock Glenn,Florida State,ACC,Clemson,23,41,228,5.6,2,1,78.7,6,0.5609756097560976,5.560975609756097,0.048780487804878,0.024390243902439
444,4685413,Cade Klubnik,Clemson,ACC,Florida State,19,33,235,7.1,2,0,89.4,6,0.5757575757575758,7.121212121212121,0.0606060606060606,0.0
445,-5650, Team,Clemson,ACC,Florida State,0,1,0,0.0,0,0,,6,0.0,0.0,0.0,0.0
446,4837248,Fernando Mendoza,California,ACC,Miami,11,22,285,13.0,2,1,81.9,6,0.5,12.954545454545457,0.0909090909090909,0.0454545454545454
447,4570554,Chandler Rogers,California,ACC,Miami,1,2,12,6.0,0,0,91.6,6,0.5,6.0,0.0,0.0
448,4688380,Cameron Ward,Miami,ACC,California,35,53,437,8.2,2,1,81.7,6,0.660377358490566,8.245283018867925,0.0377358490566037,0.0188679245283018
449,4678010,Kyron Drones,Virginia Tech,ACC,Stanford,14,19,201,10.6,2,0,87.8,6,0.7368421052631579,10.578947368421051,0.1052631578947368,0.0
450,5143191,Micah Ford,Stanford,ACC,Virginia Tech,1,1,19,19.0,1,0,100.0,6,1.0,19.0,1.0,0.0
451,4684502,Justin Lamson,Stanford,ACC,Virginia Tech,13,24,103,4.3,0,1,20.2,6,0.5416666666666666,4.291666666666667,0.0,0.0416666666666666
452,4428993,Haynes King,Georgia Tech,ACC,Duke,23,31,167,5.4,2,0,77.2,6,0.7419354838709677,5.387096774193548,0.064516129032258,0.0
453,4685497,Maalik Murphy,Duke,ACC,Georgia Tech,18,31,205,6.6,2,1,61.8,6,0.5806451612903226,6.612903225806452,0.064516129032258,0.032258064516129
454,4360689,Tyler Shough,Louisville,ACC,SMU,22,35,329,9.4,2,1,77.8,6,0.6285714285714286,9.4,0.0571428571428571,0.0285714285714285
455,4432767,Preston Stone,SMU,ACC,Louisville,1,1,10,10.0,1,0,100.0,6,1.0,10.0,1.0,0.0
456,5084084,Kevin Jennings,SMU,ACC,Louisville,21,27,281,10.4,0,0,95.8,6,0.7777777777777778,10.407407407407408,0.0,0.0
457,4429463,Jacolby Criswell,North Carolina,ACC,Pittsburgh,24,45,269,6.0,1,0,56.9,6,0.5333333333333333,5.977777777777778,0.0222222222222222,0.0
458,4870819,Eli Holstein,Pittsburgh,ACC,North Carolina,25,42,381,9.1,3,1,68.6,6,0.5952380952380952,9.071428571428571,0.0714285714285714,0.0238095238095238
459,4427936,Grayson McCall,NC State,ACC,Wake Forest,3,5,42,8.4,0,0,1.2,6,0.6,8.4,0.0,0.0
460,5079301,CJ Bailey,NC State,ACC,Wake Forest,28,42,272,6.5,2,1,51.5,6,0.6666666666666666,6.476190476190476,0.0476190476190476,0.0238095238095238
461,4426499,Hank Bachmeier,Wake Forest,ACC,NC State,16,32,154,4.8,2,1,43.6,6,0.5,4.8125,0.0625,0.03125
462,4429088,Drew Pyne,Missouri,SEC,Massachusetts,3,5,11,2.2,0,0,3.6,7,0.6,2.2,0.0,0.0
463,4429435,Brady Cook,Missouri,SEC,Massachusetts,14,19,219,11.5,2,0,91.9,7,0.7368421052631579,11.526315789473683,0.1052631578947368,0.0
464,4426335,Graham Mertz,Florida,SEC,Tennessee,11,15,125,8.3,1,0,66.9,7,0.7333333333333333,8.333333333333334,0.0666666666666666,0.0
465,5079555,D.J. Lagway,Florida,SEC,Tennessee,9,17,98,5.8,1,1,41.6,7,0.5294117647058824,5.764705882352941,0.0588235294117647,0.0588235294117647
466,4870799,Nico Iamaleava,Tennessee,SEC,Florida,16,26,169,6.5,0,1,17.5,7,0.6153846153846154,6.5,0.0,0.0384615384615384
467,4567747,Garrett Nussmeier,LSU,SEC,Ole Miss,22,51,337,6.6,3,2,73.0,7,0.4313725490196078,6.607843137254902,0.0588235294117647,0.0392156862745098
468,4689114,Jaxson Dart,Ole Miss,SEC,LSU,24,42,284,6.8,1,1,52.2,7,0.5714285714285714,6.761904761904762,0.0238095238095238,0.0238095238095238
469,4430841,Carson Beck,Georgia,SEC,Mississippi State,36,48,459,9.6,3,2,75.1,7,0.75,9.5625,0.0625,0.0416666666666666
470,5079620,Michael Van Buren Jr.,Mississippi State,SEC,Georgia,20,37,306,8.3,3,1,73.0,7,0.5405405405405406,8.27027027027027,0.081081081081081,0.027027027027027
471,4683967,Wilson Berry,Kentucky,SEC,Vanderbilt,0,1,0,0.0,0,1,0.0,7,0.0,0.0,0.0,1.0
472,4432782,Brock Vandagriff,Kentucky,SEC,Vanderbilt,15,25,158,6.3,1,0,63.7,7,0.6,6.32,0.04,0.0
473,5084180,Diego Pavia,Vanderbilt,SEC,Kentucky,15,18,143,7.9,2,1,87.4,7,0.8333333333333334,7.944444444444445,0.1111111111111111,0.0555555555555555
474,4701936,Matthew Golden,Texas,SEC,Oklahoma,1,2,30,15.0,0,0,79.8,7,0.5,15.0,0.0,0.0
475,4889929,Quinn Ewers,Texas,SEC,Oklahoma,20,29,199,6.9,1,1,77.7,7,0.6896551724137931,6.862068965517241,0.0344827586206896,0.0344827586206896
476,5079465,Michael Hawkins Jr.,Oklahoma,SEC,Texas,19,30,148,4.9,0,0,40.4,7,0.6333333333333333,4.933333333333334,0.0,0.0
477,4432734,Jalen Milroe,Alabama,SEC,South Carolina,16,23,209,9.1,1,2,69.2,7,0.6956521739130435,9.08695652173913,0.0434782608695652,0.0869565217391304
478,4697512,Robby Ashford,South Carolina,SEC,Alabama,1,1,4,4.0,0,0,43.6,7,1.0,4.0,0.0,0.0
479,4875127,Lanorris Sellers,South Carolina,SEC,Alabama,23,31,238,7.7,2,1,65.3,7,0.7419354838709677,7.67741935483871,0.064516129032258,0.032258064516129
480,4837248,Fernando Mendoza,California,ACC,Pittsburgh,27,37,272,7.4,1,0,62.8,7,0.7297297297297297,7.351351351351352,0.027027027027027,0.0
481,4870819,Eli Holstein,Pittsburgh,ACC,California,14,28,133,4.8,0,2,25.5,7,0.5,4.75,0.0,0.0714285714285714
482,4899369,Christopher Vizzina,Clemson,ACC,Wake Forest,1,1,6,6.0,0,0,95.4,7,1.0,6.0,0.0,0.0
483,4685413,Cade Klubnik,Clemson,ACC,Wake Forest,31,41,309,7.5,3,0,88.1,7,0.7560975609756098,7.536585365853658,0.073170731707317,0.0
484,5081432,Antonio Williams,Clemson,ACC,Wake Forest,1,1,28,28.0,1,0,100.0,7,1.0,28.0,1.0,0.0
485,4426499,Hank Bachmeier,Wake Forest,ACC,Clemson,12,21,126,6.0,2,2,73.5,7,0.5714285714285714,6.0,0.0952380952380952,0.0952380952380952
486,4567031,Michael Kern,Wake Forest,ACC,Clemson,2,8,20,2.5,0,0,4.9,7,0.25,2.5,0.0,0.0
487,4433971,Kyle McCord,Syracuse,ACC,NC State,31,42,346,8.2,2,0,82.1,7,0.7380952380952381,8.238095238095237,0.0476190476190476,0.0
488,-7579, Team,Syracuse,ACC,NC State,0,1,0,0.0,0,0,,7,0.0,0.0,0.0,0.0
489,5079301,CJ Bailey,NC State,ACC,Syracuse,17,24,329,13.7,2,1,62.5,7,0.7083333333333334,13.708333333333334,0.0833333333333333,0.0416666666666666
490,4746127,Zach Pyron,Georgia Tech,ACC,North Carolina,1,1,7,7.0,0,0,5.1,7,1.0,7.0,0.0,0.0
491,4428993,Haynes King,Georgia Tech,ACC,North Carolina,11,22,127,5.8,0,0,83.8,7,0.5,5.7727272727272725,0.0,0.0
492,4595341,Caleb Hood,North Carolina,ACC,Georgia Tech,0,1,0,0.0,0,0,1.7,7,0.0,0.0,0.0,0.0
493,4429463,Jacolby Criswell,North Carolina,ACC,Georgia Tech,17,31,209,6.7,1,0,51.7,7,0.5483870967741935,6.741935483870968,0.032258064516129,0.0
494,4801306,Conner Harrell,North Carolina,ACC,Georgia Tech,1,2,7,3.5,0,0,49.3,7,0.5,3.5,0.0,0.0
495,4682648,Malachi Fields,Virginia,ACC,Louisville,1,1,22,22.0,0,0,99.4,7,1.0,22.0,0.0,0.0
496,5044387,Anthony Colandrea,Virginia,ACC,Louisville,26,45,279,6.2,1,0,46.8,7,0.5777777777777777,6.2,0.0222222222222222,0.0
497,4360689,Tyler Shough,Louisville,ACC,Virginia,18,31,231,7.5,1,1,69.7,7,0.5806451612903226,7.451612903225806,0.032258064516129,0.032258064516129
498,4838679,Ashton Daniels,Stanford,ACC,Notre Dame,8,13,74,5.7,0,0,52.9,7,0.6153846153846154,5.6923076923076925,0.0,0.0
499,-7422, Team,Stanford,ACC,Notre Dame,0,1,0,0.0,0,0,,7,0.0,0.0,0.0,0.0
500,4684502,Justin Lamson,Stanford,ACC,Notre Dame,2,4,13,3.3,0,0,83.7,7,0.5,3.25,0.0,0.0
501,4870799,Nico Iamaleava,Tennessee,SEC,Alabama,14,27,194,7.2,1,1,81.2,8,0.5185185185185185,7.185185185185185,0.037037037037037,0.037037037037037
502,4697122,Gaston Moore,Tennessee,SEC,Alabama,0,1,0,0.0,0,1,0.0,8,0.0,0.0,0.0,1.0
503,4432734,Jalen Milroe,Alabama,SEC,Tennessee,25,45,239,5.3,1,2,65.3,8,0.5555555555555556,5.311111111111111,0.0222222222222222,0.0444444444444444
504,5079620,Michael Van Buren Jr.,Mississippi State,SEC,Texas A&M,22,41,242,5.9,3,1,74.1,8,0.5365853658536586,5.902439024390244,0.073170731707317,0.024390243902439
505,4685574,Conner Weigman,Texas A&M,SEC,Mississippi State,15,25,217,8.7,1,2,67.2,8,0.6,8.68,0.04,0.08
506,4430590,Payton Thorne,Auburn,SEC,Missouri,17,29,176,6.1,1,0,43.1,8,0.5862068965517241,6.068965517241379,0.0344827586206896,0.0
507,4429088,Drew Pyne,Missouri,SEC,Auburn,10,21,78,3.7,0,0,7.7,8,0.4761904761904761,3.7142857142857135,0.0,0.0
508,4429435,Brady Cook,Missouri,SEC,Auburn,11,22,194,8.8,0,0,76.4,8,0.5,8.818181818181818,0.0,0.0
509,4431325,Taylen Green,Arkansas,SEC,LSU,21,31,239,7.7,1,1,51.0,8,0.6774193548387096,7.709677419354839,0.032258064516129,0.032258064516129
510,4567747,Garrett Nussmeier,LSU,SEC,Arkansas,23,34,233,6.9,0,0,82.0,8,0.6764705882352942,6.852941176470588,0.0,0.0
511,4870645,Rickie Collins,LSU,SEC,Arkansas,1,1,2,2.0,0,0,0.0,8,1.0,2.0,0.0,0.0
512,5084180,Diego Pavia,Vanderbilt,SEC,Ball State,17,31,275,8.9,1,0,61.9,8,0.5483870967741935,8.870967741935484,0.032258064516129,0.0
513,5091890,Kadin Semonza,Ball State,Mid-American,Vanderbilt,21,29,190,6.6,1,0,53.2,8,0.7241379310344828,6.551724137931035,0.0344827586206896,0.0
514,5079555,D.J. Lagway,Florida,SEC,Kentucky,7,14,259,18.5,0,1,68.3,8,0.5,18.5,0.0,0.0714285714285714
515,5155039,Aidan Warner,Florida,SEC,Kentucky,1,1,20,20.0,0,0,100.0,8,1.0,20.0,0.0,0.0
516,5141378,Cutter Boley,Kentucky,SEC,Florida,0,6,0,0.0,0,1,0.1,8,0.0,0.0,0.0,0.1666666666666666
517,4432782,Brock Vandagriff,Kentucky,SEC,Florida,12,26,165,6.3,1,2,43.6,8,0.4615384615384615,6.346153846153846,0.0384615384615384,0.0769230769230769
518,4697512,Robby Ashford,South Carolina,SEC,Oklahoma,1,1,5,5.0,0,0,99.9,8,1.0,5.0,0.0,0.0
519,4875127,Lanorris Sellers,South Carolina,SEC,Oklahoma,16,24,175,7.3,1,0,60.3,8,0.6666666666666666,7.291666666666667,0.0416666666666666,0.0
520,4570033,Kai Kroeger,South Carolina,SEC,Oklahoma,0,1,0,0.0,0,0,0.0,8,0.0,0.0,0.0,0.0
521,4427146,Luke Elzinga,Oklahoma,SEC,South Carolina,1,1,-5,-5.0,0,0,0.0,8,1.0,-5.0,0.0,0.0
522,5079465,Michael Hawkins Jr.,Oklahoma,SEC,South Carolina,3,5,18,3.6,0,2,0.1,8,0.6,3.6,0.0,0.4
523,4870607,Jackson Arnold,Oklahoma,SEC,South Carolina,18,36,225,6.3,1,0,19.4,8,0.5,6.25,0.0277777777777777,0.0
524,4430841,Carson Beck,Georgia,SEC,Texas,23,41,175,4.3,0,3,64.3,8,0.5609756097560976,4.2682926829268295,0.0,0.073170731707317
525,4870906,Arch Manning,Texas,SEC,Georgia,3,6,19,3.2,0,0,14.8,8,0.5,3.1666666666666665,0.0,0.0
526,4889929,Quinn Ewers,Texas,SEC,Georgia,25,43,211,4.9,2,1,23.9,8,0.5813953488372093,4.906976744186046,0.0465116279069767,0.0232558139534883
527,4678010,Kyron Drones,Virginia Tech,ACC,Boston College,14,18,164,9.1,1,1,82.4,8,0.7777777777777778,9.11111111111111,0.0555555555555555,0.0555555555555555
528,4773919,Thomas Castellanos,Boston College,ACC,Virginia Tech,17,26,205,7.9,2,0,12.7,8,0.6538461538461539,7.884615384615385,0.0769230769230769,0.0
529,5079542,Luke Kromenhoek,Florida State,ACC,Duke,3,7,19,2.7,0,0,15.2,8,0.4285714285714285,2.7142857142857144,0.0,0.0
530,4920158,Brock Glenn,Florida State,ACC,Duke,9,19,110,5.8,0,2,14.6,8,0.4736842105263157,5.789473684210527,0.0,0.1052631578947368
531,4685497,Maalik Murphy,Duke,ACC,Florida State,12,24,70,2.9,0,0,24.4,8,0.5,2.9166666666666665,0.0,0.0
532,4426499,Hank Bachmeier,Wake Forest,ACC,UConn,21,36,274,7.6,0,1,60.4,8,0.5833333333333334,7.611111111111111,0.0,0.0277777777777777
533,5044387,Anthony Colandrea,Virginia,ACC,Clemson,15,26,159,6.1,2,0,63.2,8,0.5769230769230769,6.115384615384615,0.0769230769230769,0.0
534,4775264,Tony Muskett,Virginia,ACC,Clemson,6,7,119,17.0,2,0,99.8,8,0.8571428571428571,17.0,0.2857142857142857,0.0
535,4899369,Christopher Vizzina,Clemson,ACC,Virginia,1,1,3,3.0,0,0,87.8,8,1.0,3.0,0.0,0.0
536,4685413,Cade Klubnik,Clemson,ACC,Virginia,23,35,308,8.8,3,1,79.2,8,0.6571428571428571,8.8,0.0857142857142857,0.0285714285714285
537,5081432,Antonio Williams,Clemson,ACC,Virginia,1,1,34,34.0,0,0,100.0,8,1.0,34.0,0.0,0.0
538,5079301,CJ Bailey,NC State,ACC,California,25,36,306,8.5,2,0,77.4,8,0.6944444444444444,8.5,0.0555555555555555,0.0
539,4870653,Kevin Concepcion,NC State,ACC,California,1,1,28,28.0,0,0,100.0,8,1.0,28.0,0.0,0.0
540,4837248,Fernando Mendoza,California,ACC,NC State,30,42,282,6.7,0,0,39.5,8,0.7142857142857143,6.714285714285714,0.0,0.0
541,-5490, Team,California,ACC,NC State,0,1,0,0.0,0,0,,8,0.0,0.0,0.0,0.0
542,4838679,Ashton Daniels,Stanford,ACC,SMU,2,5,20,4.0,0,0,75.6,8,0.4,4.0,0.0,0.0
543,5079318,Elijah Brown,Stanford,ACC,SMU,16,32,153,4.8,1,2,15.3,8,0.5,4.78125,0.03125,0.0625
544,5084084,Kevin Jennings,SMU,ACC,Stanford,17,27,322,11.9,3,1,72.1,8,0.6296296296296297,11.925925925925926,0.1111111111111111,0.037037037037037
545,4688380,Cameron Ward,Miami,ACC,Louisville,21,32,319,10.0,4,0,93.3,8,0.65625,9.96875,0.125,0.0
546,4360689,Tyler Shough,Louisville,ACC,Miami,31,51,342,6.7,4,0,74.5,8,0.6078431372549019,6.705882352941177,0.0784313725490196,0.0
547,4746127,Zach Pyron,Georgia Tech,ACC,Notre Dame,20,36,269,7.5,1,2,73.9,8,0.5555555555555556,7.472222222222222,0.0277777777777777,0.0555555555555555
548,-6037, Team,Georgia Tech,ACC,Notre Dame,0,2,0,0.0,0,0,,8,0.0,0.0,0.0,0.0
549,4432734,Jalen Milroe,Alabama,SEC,Missouri,16,26,215,8.3,0,0,71.7,9,0.6153846153846154,8.26923076923077,0.0,0.0
550,4429088,Drew Pyne,Missouri,SEC,Alabama,6,12,42,3.5,0,3,11.4,9,0.5,3.5,0.0,0.25
551,4429435,Brady Cook,Missouri,SEC,Alabama,7,12,30,2.5,0,0,12.9,9,0.5833333333333334,2.5,0.0,0.0
552,4868300,Nate Johnson,Vanderbilt,SEC,Texas,1,2,12,6.0,0,0,99.0,9,0.5,6.0,0.0,0.0
553,5084180,Diego Pavia,Vanderbilt,SEC,Texas,16,29,143,4.9,2,2,78.1,9,0.5517241379310345,4.931034482758621,0.0689655172413793,0.0689655172413793
554,4889929,Quinn Ewers,Texas,SEC,Vanderbilt,27,37,288,7.8,3,2,67.2,9,0.7297297297297297,7.783783783783784,0.081081081081081,0.054054054054054
555,4432782,Brock Vandagriff,Kentucky,SEC,Auburn,9,17,120,7.1,0,1,18.1,9,0.5294117647058824,7.0588235294117645,0.0,0.0588235294117647
556,4893657,Gavin Wimsatt,Kentucky,SEC,Auburn,3,10,34,3.4,0,1,10.9,9,0.3,3.4,0.0,0.1
557,4430590,Payton Thorne,Auburn,SEC,Kentucky,20,26,172,6.6,1,1,76.0,9,0.7692307692307693,6.615384615384615,0.0384615384615384,0.0384615384615384
558,5079620,Michael Van Buren Jr.,Mississippi State,SEC,Arkansas,22,31,309,10.0,2,2,88.2,9,0.7096774193548387,9.96774193548387,0.064516129032258,0.064516129032258
559,4431325,Taylen Green,Arkansas,SEC,Mississippi State,23,29,314,10.8,5,1,90.4,9,0.7931034482758621,10.827586206896552,0.1724137931034483,0.0344827586206896
560,4685574,Conner Weigman,Texas A&M,SEC,LSU,6,18,64,3.6,0,0,12.9,9,0.3333333333333333,3.555555555555556,0.0,0.0
561,4870971,Marcel Reed,Texas A&M,SEC,LSU,2,2,70,35.0,0,0,99.8,9,1.0,35.0,0.0,0.0
562,4567747,Garrett Nussmeier,LSU,SEC,Texas A&M,25,50,405,8.1,2,3,73.4,9,0.5,8.1,0.04,0.06
563,4689114,Jaxson Dart,Ole Miss,SEC,Oklahoma,22,30,311,10.4,1,0,88.8,9,0.7333333333333333,10.366666666666667,0.0333333333333333,0.0
564,4870607,Jackson Arnold,Oklahoma,SEC,Ole Miss,22,31,182,5.9,2,0,49.7,9,0.7096774193548387,5.870967741935484,0.064516129032258,0.0
565,4678006,Elijah Arroyo,Miami,ACC,Florida State,1,1,7,7.0,1,0,100.0,9,1.0,7.0,1.0,0.0
566,4688380,Cameron Ward,Miami,ACC,Florida State,22,35,208,5.9,0,0,71.7,9,0.6285714285714286,5.942857142857143,0.0,0.0
567,5079542,Luke Kromenhoek,Florida State,ACC,Miami,6,14,61,4.4,0,0,73.7,9,0.4285714285714285,4.357142857142857,0.0,0.0
568,4920158,Brock Glenn,Florida State,ACC,Miami,5,18,54,3.0,1,0,25.2,9,0.2777777777777778,3.0,0.0555555555555555,0.0
569,4602667,Jaylin Lane,Virginia Tech,ACC,Georgia Tech,1,1,6,6.0,1,0,100.0,9,1.0,6.0,1.0,0.0
570,4678010,Kyron Drones,Virginia Tech,ACC,Georgia Tech,16,27,128,4.7,1,0,25.5,9,0.5925925925925926,4.7407407407407405,0.037037037037037,0.0
571,4746127,Zach Pyron,Georgia Tech,ACC,Virginia Tech,10,22,76,3.5,0,1,23.9,9,0.4545454545454545,3.4545454545454546,0.0,0.0454545454545454
572,5132812,Aaron Philo,Georgia Tech,ACC,Virginia Tech,11,26,184,7.1,0,1,46.2,9,0.4230769230769231,7.076923076923077,0.0,0.0384615384615384
573,4433971,Kyle McCord,Syracuse,ACC,Pittsburgh,35,64,321,5.0,0,5,22.1,9,0.546875,5.015625,0.0,0.078125
574,4870819,Eli Holstein,Pittsburgh,ACC,Syracuse,11,15,108,7.2,2,0,35.1,9,0.7333333333333333,7.2,0.1333333333333333,0.0
575,4683182,Nate Yarnell,Pittsburgh,ACC,Syracuse,5,7,36,5.1,0,0,10.4,9,0.7142857142857143,5.142857142857143,0.0,0.0
576,4773919,Thomas Castellanos,Boston College,ACC,Louisville,13,28,164,5.9,3,0,32.1,9,0.4642857142857143,5.857142857142857,0.1071428571428571,0.0
577,4360689,Tyler Shough,Louisville,ACC,Boston College,28,38,332,8.7,2,2,64.0,9,0.7368421052631579,8.736842105263158,0.0526315789473684,0.0526315789473684
578,4685497,Maalik Murphy,Duke,ACC,SMU,27,48,295,6.1,3,0,65.3,9,0.5625,6.145833333333333,0.0625,0.0
579,5084084,Kevin Jennings,SMU,ACC,Duke,13,24,258,10.8,1,3,11.4,9,0.5416666666666666,10.75,0.0416666666666666,0.125
580,4429463,Jacolby Criswell,North Carolina,ACC,Virginia,19,30,293,9.8,2,0,93.4,9,0.6333333333333333,9.766666666666667,0.0666666666666666,0.0
581,5044387,Anthony Colandrea,Virginia,ACC,North Carolina,16,28,156,5.6,0,2,12.7,9,0.5714285714285714,5.571428571428571,0.0,0.0714285714285714
582,4775264,Tony Muskett,Virginia,ACC,North Carolina,8,13,125,9.6,1,0,91.4,9,0.6153846153846154,9.615384615384617,0.0769230769230769,0.0
583,4838679,Ashton Daniels,Stanford,ACC,Wake Forest,24,31,214,6.9,1,2,59.5,9,0.7741935483870968,6.903225806451613,0.032258064516129,0.064516129032258
584,5079318,Elijah Brown,Stanford,ACC,Wake Forest,5,9,24,2.7,0,1,10.4,9,0.5555555555555556,2.6666666666666665,0.0,0.1111111111111111
585,4426499,Hank Bachmeier,Wake Forest,ACC,Stanford,20,30,245,8.2,3,1,46.6,9,0.6666666666666666,8.166666666666666,0.1,0.0333333333333333
586,4837248,Fernando Mendoza,California,ACC,Oregon State,27,36,364,10.1,2,0,89.2,9,0.75,10.11111111111111,0.0555555555555555,0.0
587,4570554,Chandler Rogers,California,ACC,Oregon State,0,1,0,0.0,0,0,65.9,9,0.0,0.0,0.0,0.0
588,5079465,Michael Hawkins Jr.,Oklahoma,SEC,Maine,3,5,60,12.0,0,0,63.6,10,0.6,12.0,0.0,0.0
589,4870607,Jackson Arnold,Oklahoma,SEC,Maine,15,21,224,10.7,2,0,77.5,10,0.7142857142857143,10.666666666666666,0.0952380952380952,0.0
590,4430841,Carson Beck,Georgia,SEC,Florida,25,40,309,7.7,2,3,61.0,10,0.625,7.725,0.05,0.075
591,5079555,D.J. Lagway,Florida,SEC,Georgia,2,6,47,7.8,1,0,61.5,10,0.3333333333333333,7.833333333333333,0.1666666666666666,0.0
592,5155039,Aidan Warner,Florida,SEC,Georgia,7,22,66,3.0,0,1,9.5,10,0.3181818181818182,3.0,0.0,0.0454545454545454
593,4431325,Taylen Green,Arkansas,SEC,Ole Miss,10,14,158,11.3,0,0,40.9,10,0.7142857142857143,11.285714285714286,0.0,0.0
594,4870999,Malachi Singleton,Arkansas,SEC,Ole Miss,11,14,207,14.8,1,0,89.3,10,0.7857142857142857,14.785714285714286,0.0714285714285714,0.0
595,5141684,Austin Simmons,Ole Miss,SEC,Arkansas,3,3,47,15.7,1,0,100.0,10,1.0,15.666666666666666,0.3333333333333333,0.0
596,4689114,Jaxson Dart,Ole Miss,SEC,Arkansas,25,31,515,16.6,6,0,98.2,10,0.8064516129032258,16.612903225806452,0.1935483870967742,0.0
597,5079620,Michael Van Buren Jr.,Mississippi State,SEC,Massachusetts,14,25,222,8.9,1,0,65.1,10,0.56,8.88,0.04,0.0
598,4875127,Lanorris Sellers,South Carolina,SEC,Texas A&M,13,27,244,9.0,2,0,86.5,10,0.4814814814814814,9.037037037037036,0.074074074074074,0.0
599,4870971,Marcel Reed,Texas A&M,SEC,South Carolina,18,28,206,7.4,1,1,59.2,10,0.6428571428571429,7.357142857142857,0.0357142857142857,0.0357142857142857
600,4870799,Nico Iamaleava,Tennessee,SEC,Kentucky,28,38,292,7.7,1,0,78.0,10,0.7368421052631579,7.684210526315789,0.0263157894736842,0.0
601,4432782,Brock Vandagriff,Kentucky,SEC,Tennessee,10,17,123,7.2,1,1,60.6,10,0.5882352941176471,7.235294117647059,0.0588235294117647,0.0588235294117647
602,4893657,Gavin Wimsatt,Kentucky,SEC,Tennessee,4,10,69,6.9,1,1,28.9,10,0.4,6.9,0.1,0.1
603,4430590,Payton Thorne,Auburn,SEC,Vanderbilt,20,29,239,8.2,1,0,52.9,10,0.6896551724137931,8.241379310344827,0.0344827586206896,0.0
604,4431574,Eli Stowers,Vanderbilt,SEC,Auburn,0,1,0,0.0,0,0,2.4,10,0.0,0.0,0.0,0.0
605,5084180,Diego Pavia,Vanderbilt,SEC,Auburn,9,22,143,6.5,2,0,44.2,10,0.4090909090909091,6.5,0.0909090909090909,0.0
606,4688380,Cameron Ward,Miami,ACC,Duke,25,41,400,9.8,5,1,94.2,10,0.6097560975609756,9.75609756097561,0.1219512195121951,0.024390243902439
607,4685497,Maalik Murphy,Duke,ACC,Miami,25,41,325,7.9,3,3,78.4,10,0.6097560975609756,7.926829268292683,0.073170731707317,0.073170731707317
608,4429463,Jacolby Criswell,North Carolina,ACC,Florida State,13,17,211,12.4,1,0,93.2,10,0.7647058823529411,12.411764705882351,0.0588235294117647,0.0
609,5079542,Luke Kromenhoek,Florida State,ACC,North Carolina,2,7,36,5.1,0,2,9.6,10,0.2857142857142857,5.142857142857143,0.0,0.2857142857142857
610,4920158,Brock Glenn,Florida State,ACC,North Carolina,6,11,123,11.2,1,0,47.5,10,0.5454545454545454,11.181818181818182,0.0909090909090909,0.0
611,4433971,Kyle McCord,Syracuse,ACC,Virginia Tech,24,35,280,8.0,2,1,66.0,10,0.6857142857142857,8.0,0.0571428571428571,0.0285714285714285
612,4575862,Trebor Pena,Syracuse,ACC,Virginia Tech,0,1,0,0.0,0,0,19.4,10,0.0,0.0,0.0,0.0
613,4428439,Collin Schlee,Virginia Tech,ACC,Syracuse,16,24,206,8.6,1,0,44.6,10,0.6666666666666666,8.583333333333334,0.0416666666666666,0.0
614,5079301,CJ Bailey,NC State,ACC,Stanford,18,20,234,11.7,3,0,98.4,10,0.9,11.7,0.15,0.0
615,4875128,Lex Thomas,NC State,ACC,Stanford,1,2,12,6.0,0,1,0.0,10,0.5,6.0,0.0,0.5
616,4838679,Ashton Daniels,Stanford,ACC,NC State,6,8,70,8.8,0,0,97.1,10,0.75,8.75,0.0,0.0
617,4684502,Justin Lamson,Stanford,ACC,NC State,3,8,103,12.9,1,1,17.3,10,0.375,12.875,0.125,0.125
618,4685413,Cade Klubnik,Clemson,ACC,Louisville,33,56,228,4.1,1,0,45.2,10,0.5892857142857143,4.071428571428571,0.0178571428571428,0.0
619,4360689,Tyler Shough,Louisville,ACC,Clemson,17,32,156,4.9,0,0,78.1,10,0.53125,4.875,0.0,0.0
620,4432767,Preston Stone,SMU,ACC,Pittsburgh,0,3,0,0.0,0,0,0.7,10,0.0,0.0,0.0,0.0
621,5075392,Keldric Luster,SMU,ACC,Pittsburgh,1,2,0,0.0,0,0,1.3,10,0.5,0.0,0.0,0.0
622,5084084,Kevin Jennings,SMU,ACC,Pittsburgh,17,25,306,12.2,2,0,89.2,10,0.68,12.24,0.08,0.0
623,-7347, Team,SMU,ACC,Pittsburgh,0,1,0,0.0,0,0,,10,0.0,0.0,0.0,0.0
624,4870819,Eli Holstein,Pittsburgh,ACC,SMU,29,48,248,5.2,0,1,51.7,10,0.6041666666666666,5.166666666666667,0.0,0.0208333333333333
625,4880229,Caleb Junko,Pittsburgh,ACC,SMU,1,1,3,3.0,0,0,1.5,10,1.0,3.0,0.0,0.0
626,4683182,Nate Yarnell,Pittsburgh,ACC,SMU,9,10,99,9.9,2,0,98.7,10,0.9,9.9,0.2,0.0
627,5155039,Aidan Warner,Florida,SEC,Texas,12,25,132,5.3,0,2,34.2,11,0.48,5.28,0.0,0.08
628,4870906,Arch Manning,Texas,SEC,Florida,3,6,19,3.2,0,0,23.4,11,0.5,3.1666666666666665,0.0,0.0
629,4889929,Quinn Ewers,Texas,SEC,Florida,19,27,333,12.3,5,0,90.0,11,0.7037037037037037,12.333333333333334,0.1851851851851851,0.0
630,4430841,Carson Beck,Georgia,SEC,Ole Miss,20,31,186,6.0,0,1,55.9,11,0.6451612903225806,6.0,0.0,0.032258064516129
631,5141684,Austin Simmons,Ole Miss,SEC,Georgia,5,6,64,10.7,0,0,99.7,11,0.8333333333333334,10.666666666666666,0.0,0.0
632,4689114,Jaxson Dart,Ole Miss,SEC,Georgia,13,22,199,9.0,1,1,89.6,11,0.5909090909090909,9.045454545454543,0.0454545454545454,0.0454545454545454
633,5084180,Diego Pavia,Vanderbilt,SEC,South Carolina,16,31,166,5.4,0,0,78.6,11,0.5161290322580645,5.354838709677419,0.0,0.0
634,4875127,Lanorris Sellers,South Carolina,SEC,Vanderbilt,14,20,238,11.9,2,0,72.3,11,0.7,11.9,0.1,0.0
635,4870799,Nico Iamaleava,Tennessee,SEC,Mississippi State,8,13,174,13.4,2,0,86.0,11,0.6153846153846154,13.384615384615383,0.1538461538461538,0.0
636,4697122,Gaston Moore,Tennessee,SEC,Mississippi State,5,8,38,4.8,0,0,45.2,11,0.625,4.75,0.0,0.0
637,5079620,Michael Van Buren Jr.,Mississippi State,SEC,Tennessee,10,26,92,3.5,0,1,27.6,11,0.3846153846153846,3.5384615384615383,0.0,0.0384615384615384
638,4567747,Garrett Nussmeier,LSU,SEC,Alabama,27,42,239,5.7,1,2,56.5,11,0.6428571428571429,5.690476190476191,0.0238095238095238,0.0476190476190476
639,4432734,Jalen Milroe,Alabama,SEC,LSU,12,18,109,6.1,0,0,99.3,11,0.6666666666666666,6.055555555555555,0.0,0.0
640,4429088,Drew Pyne,Missouri,SEC,Oklahoma,14,27,143,5.3,3,0,67.1,11,0.5185185185185185,5.296296296296297,0.1111111111111111,0.0
641,4427146,Luke Elzinga,Oklahoma,SEC,Missouri,1,1,43,43.0,0,0,100.0,11,1.0,43.0,0.0,0.0
642,5079719,Taylor Tatum,Oklahoma,SEC,Missouri,1,1,18,18.0,1,0,100.0,11,1.0,18.0,1.0,0.0
643,4870607,Jackson Arnold,Oklahoma,SEC,Missouri,15,24,74,3.1,0,0,26.0,11,0.625,3.083333333333333,0.0,0.0
644,4426499,Hank Bachmeier,Wake Forest,ACC,California,19,36,274,7.6,2,3,69.0,11,0.5277777777777778,7.611111111111111,0.0555555555555555,0.0833333333333333
645,4837248,Fernando Mendoza,California,ACC,Wake Forest,40,56,385,6.9,2,1,63.1,11,0.7142857142857143,6.875,0.0357142857142857,0.0178571428571428
646,4567707,Grayson James,Boston College,ACC,Syracuse,5,6,51,8.5,1,0,99.7,11,0.8333333333333334,8.5,0.1666666666666666,0.0
647,4773919,Thomas Castellanos,Boston College,ACC,Syracuse,2,7,14,2.0,1,1,0.9,11,0.2857142857142857,2.0,0.1428571428571428,0.1428571428571428
648,4433971,Kyle McCord,Syracuse,ACC,Boston College,31,48,392,8.2,2,0,68.3,11,0.6458333333333334,8.166666666666666,0.0416666666666666,0.0
649,4688380,Cameron Ward,Miami,ACC,Georgia Tech,25,39,348,8.9,3,0,58.8,11,0.6410256410256411,8.923076923076923,0.0769230769230769,0.0
650,4428993,Haynes King,Georgia Tech,ACC,Miami,6,6,32,5.3,1,0,58.0,11,1.0,5.333333333333333,0.1666666666666666,0.0
651,5132812,Aaron Philo,Georgia Tech,ACC,Miami,5,10,67,6.7,1,0,92.8,11,0.5,6.7,0.1,0.0
652,5079542,Luke Kromenhoek,Florida State,ACC,Notre Dame,5,8,37,4.6,0,0,14.6,11,0.625,4.625,0.0,0.0
653,4920158,Brock Glenn,Florida State,ACC,Notre Dame,5,18,51,2.8,0,2,4.5,11,0.2777777777777778,2.833333333333333,0.0,0.1111111111111111
654,4870819,Eli Holstein,Pittsburgh,ACC,Virginia,10,23,121,5.3,0,0,33.6,11,0.4347826086956521,5.260869565217392,0.0,0.0
655,4683182,Nate Yarnell,Pittsburgh,ACC,Virginia,4,12,44,3.7,1,2,33.4,11,0.3333333333333333,3.6666666666666665,0.0833333333333333,0.1666666666666666
656,5044387,Anthony Colandrea,Virginia,ACC,Pittsburgh,16,24,143,6.0,1,2,36.9,11,0.6666666666666666,5.958333333333333,0.0416666666666666,0.0833333333333333
657,5114331,Suderian Harrison,Virginia,ACC,Pittsburgh,1,1,27,27.0,0,0,100.0,11,1.0,27.0,0.0,0.0
658,4685413,Cade Klubnik,Clemson,ACC,Virginia Tech,16,34,211,6.2,3,1,62.1,11,0.4705882352941176,6.205882352941177,0.088235294117647,0.0294117647058823
659,4428439,Collin Schlee,Virginia Tech,ACC,Clemson,7,17,73,4.3,1,1,14.9,11,0.4117647058823529,4.294117647058823,0.0588235294117647,0.0588235294117647
660,4678010,Kyron Drones,Virginia Tech,ACC,Clemson,9,20,115,5.8,0,1,21.1,11,0.45,5.75,0.0,0.05
661,4685497,Maalik Murphy,Duke,ACC,NC State,22,31,245,7.9,2,0,69.5,11,0.7096774193548387,7.903225806451613,0.064516129032258,0.0
662,5079301,CJ Bailey,NC State,ACC,Duke,16,39,184,4.7,1,1,41.4,11,0.4102564102564102,4.717948717948718,0.0256410256410256,0.0256410256410256
663,4431325,Taylen Green,Arkansas,SEC,Texas,17,25,149,6.0,0,1,50.6,12,0.68,5.96,0.0,0.04
664,4889929,Quinn Ewers,Texas,SEC,Arkansas,20,32,176,5.5,2,0,62.0,12,0.625,5.5,0.0625,0.0
665,5079764,Walker White,Auburn,SEC,UL Monroe,2,5,18,3.6,0,0,0.5,12,0.4,3.6,0.0,0.0
666,4430590,Payton Thorne,Auburn,SEC,UL Monroe,22,32,286,8.9,5,0,86.1,12,0.6875,8.9375,0.15625,0.0
667,5122054,Aidan Armenta,UL Monroe,Sun Belt,Auburn,8,15,89,5.9,0,0,29.3,12,0.5333333333333333,5.933333333333334,0.0,0.0
668,5081925,General Booty,UL Monroe,Sun Belt,Auburn,1,1,65,65.0,1,0,100.0,12,1.0,65.0,1.0,0.0
669,5141378,Cutter Boley,Kentucky,SEC,Murray State,10,14,130,9.3,2,0,82.7,12,0.7142857142857143,9.285714285714286,0.1428571428571428,0.0
670,4432782,Brock Vandagriff,Kentucky,SEC,Murray State,12,19,183,9.6,2,1,81.5,12,0.631578947368421,9.63157894736842,0.1052631578947368,0.0526315789473684
671,5079508,Austin Mack,Alabama,SEC,Mercer,2,3,39,13.0,1,0,99.6,12,0.6666666666666666,13.0,0.3333333333333333,0.0
672,4870900,Dylan Lonergan,Alabama,SEC,Mercer,5,6,23,3.8,0,0,65.2,12,0.8333333333333334,3.8333333333333335,0.0,0.0
673,4432734,Jalen Milroe,Alabama,SEC,Mercer,11,16,186,11.6,2,0,91.8,12,0.6875,11.625,0.125,0.0
674,4685522,Ty Simpson,Alabama,SEC,Mercer,5,10,71,7.1,0,0,52.5,12,0.5,7.1,0.0,0.0
675,4567747,Garrett Nussmeier,LSU,SEC,Florida,27,47,260,5.5,1,0,62.8,12,0.574468085106383,5.531914893617022,0.0212765957446808,0.0
676,5081405,AJ Swann,LSU,SEC,Florida,1,1,2,2.0,0,0,15.2,12,1.0,2.0,0.0,0.0
677,5079555,D.J. Lagway,Florida,SEC,LSU,13,26,226,8.7,1,0,64.2,12,0.5,8.692307692307692,0.0384615384615384,0.0
678,4429435,Brady Cook,Missouri,SEC,South Carolina,21,31,237,7.6,1,1,82.7,12,0.6774193548387096,7.645161290322581,0.032258064516129,0.032258064516129
679,4875127,Lanorris Sellers,South Carolina,SEC,Missouri,21,30,353,11.8,5,1,86.2,12,0.7,11.766666666666667,0.1666666666666666,0.0333333333333333
680,4430841,Carson Beck,Georgia,SEC,Tennessee,25,40,347,8.7,2,0,98.0,12,0.625,8.675,0.05,0.0
681,4870799,Nico Iamaleava,Tennessee,SEC,Georgia,20,33,167,5.1,0,0,75.6,12,0.6060606060606061,5.0606060606060606,0.0,0.0
682,-7622, Team,Texas A&M,SEC,New Mexico State,0,1,0,0.0,0,0,,12,0.0,0.0,0.0,0.0
683,4685574,Conner Weigman,Texas A&M,SEC,New Mexico State,2,5,37,7.4,0,1,3.2,12,0.4,7.4,0.0,0.2
684,4870971,Marcel Reed,Texas A&M,SEC,New Mexico State,20,31,268,8.6,2,1,87.7,12,0.6451612903225806,8.64516129032258,0.064516129032258,0.032258064516129
685,5145396,Miles O'Neill,Texas A&M,SEC,New Mexico State,5,6,51,8.5,1,0,97.8,12,0.8333333333333334,8.5,0.1666666666666666,0.0
686,4570743,Santino Marucci,New Mexico State,Conference USA,Texas A&M,6,19,80,4.2,0,0,12.4,12,0.3157894736842105,4.2105263157894735,0.0,0.0
687,5220782,Brandon Nunez,New Mexico State,Conference USA,Texas A&M,1,4,12,3.0,0,0,42.4,12,0.25,3.0,0.0,0.0
688,4683182,Nate Yarnell,Pittsburgh,ACC,Clemson,34,54,350,6.5,1,1,55.9,12,0.6296296296296297,6.481481481481482,0.0185185185185185,0.0185185185185185
689,4685413,Cade Klubnik,Clemson,ACC,Pittsburgh,27,41,288,7.0,2,0,67.2,12,0.6585365853658537,7.024390243902439,0.048780487804878,0.0
690,4837248,Fernando Mendoza,California,ACC,Syracuse,22,34,225,6.6,1,2,38.5,12,0.6470588235294118,6.617647058823529,0.0294117647058823,0.0588235294117647
691,4433971,Kyle McCord,Syracuse,ACC,California,29,46,323,7.0,1,0,92.2,12,0.6304347826086957,7.021739130434782,0.0217391304347826,0.0
692,4567707,Grayson James,Boston College,ACC,SMU,18,32,237,7.4,1,1,70.4,12,0.5625,7.40625,0.03125,0.03125
693,5084084,Kevin Jennings,SMU,ACC,Boston College,24,35,298,8.5,3,1,75.5,12,0.6857142857142857,8.514285714285714,0.0857142857142857,0.0285714285714285
694,4682648,Malachi Fields,Virginia,ACC,Notre Dame,0,1,0,0.0,0,0,3.5,12,0.0,0.0,0.0,0.0
695,5044387,Anthony Colandrea,Virginia,ACC,Notre Dame,8,21,69,3.3,0,3,14.4,12,0.3809523809523809,3.2857142857142856,0.0,0.1428571428571428
696,4775264,Tony Muskett,Virginia,ACC,Notre Dame,9,14,103,7.4,0,0,95.6,12,0.6428571428571429,7.357142857142857,0.0,0.0
697,4838679,Ashton Daniels,Stanford,ACC,Louisville,22,33,298,9.0,3,1,53.1,12,0.6666666666666666,9.030303030303031,0.0909090909090909,0.0303030303030303
698,4684502,Justin Lamson,Stanford,ACC,Louisville,1,1,25,25.0,1,0,100.0,12,1.0,25.0,1.0,0.0
699,-6455, Team,Louisville,ACC,Stanford,0,1,0,0.0,0,0,,12,0.0,0.0,0.0,0.0
700,4360689,Tyler Shough,Louisville,ACC,Stanford,26,39,270,6.9,1,1,70.3,12,0.6666666666666666,6.923076923076923,0.0256410256410256,0.0256410256410256
701,4429463,Jacolby Criswell,North Carolina,ACC,Wake Forest,14,22,132,6.0,1,0,21.8,12,0.6363636363636364,6.0,0.0454545454545454,0.0
702,4426499,Hank Bachmeier,Wake Forest,ACC,North Carolina,10,14,68,4.9,0,0,35.2,12,0.7142857142857143,4.857142857142857,0.0,0.0
703,4567031,Michael Kern,Wake Forest,ACC,North Carolina,14,23,172,7.5,1,2,14.5,12,0.6086956521739131,7.478260869565218,0.0434782608695652,0.0869565217391304
704,4430841,Carson Beck,Georgia,SEC,Massachusetts,20,31,297,9.6,4,0,90.7,13,0.6451612903225806,9.580645161290322,0.1290322580645161,0.0
705,4685578,Gunner Stockton,Georgia,SEC,Massachusetts,3,4,45,11.3,0,0,97.8,13,0.75,11.25,0.0,0.0
706,4431325,Taylen Green,Arkansas,SEC,Louisiana Tech,20,37,221,6.0,2,1,87.8,13,0.5405405405405406,5.972972972972973,0.054054054054054,0.027027027027027
707,5076949,Evan Bullock,Louisiana Tech,Conference USA,Arkansas,26,43,190,4.4,2,0,23.6,13,0.6046511627906976,4.418604651162791,0.0465116279069767,0.0
708,4870799,Nico Iamaleava,Tennessee,SEC,UTEP,17,23,209,9.1,4,0,71.2,13,0.7391304347826086,9.08695652173913,0.1739130434782608,0.0
709,4565892,Navy Shuler,Tennessee,SEC,UTEP,1,3,10,3.3,0,0,16.1,13,0.3333333333333333,3.333333333333333,0.0,0.0
710,4697122,Gaston Moore,Tennessee,SEC,UTEP,0,2,0,0.0,0,0,1.9,13,0.0,0.0,0.0,0.0
711,4879298,Trey Goodman,UTEP,Conference USA,Tennessee,1,2,27,13.5,0,1,96.3,13,0.5,13.5,0.0,0.5
712,5193282,JP Pickles,UTEP,Conference USA,Tennessee,10,15,72,4.8,0,0,40.0,13,0.6666666666666666,4.8,0.0,0.0
713,5083042,Skyler Locklear,UTEP,Conference USA,Tennessee,10,19,50,2.6,0,1,58.0,13,0.5263157894736842,2.631578947368421,0.0,0.0526315789473684
714,4697512,Robby Ashford,South Carolina,SEC,Wofford,3,4,23,5.8,0,0,88.6,13,0.75,5.75,0.0,0.0
715,4875127,Lanorris Sellers,South Carolina,SEC,Wofford,23,27,307,11.4,3,1,78.0,13,0.8518518518518519,11.37037037037037,0.1111111111111111,0.037037037037037
716,4428887,Davis Beville,South Carolina,SEC,Wofford,1,1,13,13.0,0,0,71.6,13,1.0,13.0,0.0,0.0
717,4870971,Marcel Reed,Texas A&M,SEC,Auburn,22,35,297,8.5,3,1,70.5,13,0.6285714285714286,8.485714285714286,0.0857142857142857,0.0285714285714285
718,4430590,Payton Thorne,Auburn,SEC,Texas A&M,19,31,301,9.7,2,1,77.3,13,0.6129032258064516,9.709677419354838,0.064516129032258,0.032258064516129
719,5141684,Austin Simmons,Ole Miss,SEC,Florida,0,1,0,0.0,0,0,5.5,13,0.0,0.0,0.0,0.0
720,4689114,Jaxson Dart,Ole Miss,SEC,Florida,24,41,323,7.9,2,2,86.3,13,0.5853658536585366,7.878048780487805,0.048780487804878,0.048780487804878
721,5079555,D.J. Lagway,Florida,SEC,Ole Miss,10,17,180,10.6,2,1,66.5,13,0.5882352941176471,10.588235294117649,0.1176470588235294,0.0588235294117647
722,4889929,Quinn Ewers,Texas,SEC,Kentucky,20,31,191,6.2,2,0,67.6,13,0.6451612903225806,6.161290322580645,0.064516129032258,0.0
723,5141378,Cutter Boley,Kentucky,SEC,Texas,10,18,160,8.9,0,1,67.1,13,0.5555555555555556,8.88888888888889,0.0,0.0555555555555555
724,4432782,Brock Vandagriff,Kentucky,SEC,Texas,3,7,51,7.3,1,1,55.2,13,0.4285714285714285,7.285714285714286,0.1428571428571428,0.1428571428571428
725,5084180,Diego Pavia,Vanderbilt,SEC,LSU,13,24,186,7.8,1,0,66.7,13,0.5416666666666666,7.75,0.0416666666666666,0.0
726,4567747,Garrett Nussmeier,LSU,SEC,Vanderbilt,28,37,332,9.0,1,0,83.8,13,0.7567567567567568,8.972972972972974,0.027027027027027,0.0
727,5079620,Michael Van Buren Jr.,Mississippi State,SEC,Missouri,16,28,191,6.8,1,0,53.0,13,0.5714285714285714,6.821428571428571,0.0357142857142857,0.0
728,4429435,Brady Cook,Missouri,SEC,Mississippi State,15,20,268,13.4,1,0,94.1,13,0.75,13.4,0.05,0.0
729,4432734,Jalen Milroe,Alabama,SEC,Oklahoma,11,26,164,6.3,0,3,15.4,13,0.4230769230769231,6.307692307692308,0.0,0.1153846153846153
730,4685522,Ty Simpson,Alabama,SEC,Oklahoma,0,1,0,0.0,0,0,6.6,13,0.0,0.0,0.0,0.0
731,4685553,Brenen Thompson,Oklahoma,SEC,Alabama,0,1,0,0.0,0,0,0.6,13,0.0,0.0,0.0,0.0
732,4870607,Jackson Arnold,Oklahoma,SEC,Alabama,9,11,68,6.2,0,0,82.4,13,0.8181818181818182,6.181818181818182,0.0,0.0
733,5079542,Luke Kromenhoek,Florida State,ACC,Charleston Southern,13,20,209,10.5,3,0,66.0,13,0.65,10.45,0.15,0.0
734,4920158,Brock Glenn,Florida State,ACC,Charleston Southern,3,3,31,10.3,0,0,56.3,13,1.0,10.333333333333334,0.0,0.0
735,4433971,Kyle McCord,Syracuse,ACC,UConn,37,47,470,10.0,2,0,87.5,13,0.7872340425531915,10.0,0.0425531914893617,0.0
736,4899369,Christopher Vizzina,Clemson,ACC,The Citadel,6,14,62,4.4,0,0,24.3,13,0.4285714285714285,4.428571428571429,0.0,0.0
737,4685413,Cade Klubnik,Clemson,ACC,The Citadel,12,16,198,12.4,3,0,95.2,13,0.75,12.375,0.1875,0.0
738,5081434,Trent Pearman,Clemson,ACC,The Citadel,0,1,0,0.0,0,1,0.0,13,0.0,0.0,0.0,1.0
739,4837248,Fernando Mendoza,California,ACC,Stanford,25,36,299,8.3,3,0,76.7,13,0.6944444444444444,8.305555555555555,0.0833333333333333,0.0
740,4921306,Mikey Matthews,California,ACC,Stanford,0,1,0,0.0,0,0,0.8,13,0.0,0.0,0.0,0.0
741,4570554,Chandler Rogers,California,ACC,Stanford,0,1,0,0.0,0,0,7.0,13,0.0,0.0,0.0,0.0
742,4838679,Ashton Daniels,Stanford,ACC,California,14,26,139,5.3,0,0,45.2,13,0.5384615384615384,5.346153846153846,0.0,0.0
743,4686997,Connor Weselman,Stanford,ACC,California,0,1,0,0.0,0,0,0.0,13,0.0,0.0,0.0,0.0
744,4684502,Justin Lamson,Stanford,ACC,California,0,1,0,0.0,0,0,82.1,13,0.0,0.0,0.0,0.0
745,5143191,Micah Ford,Stanford,ACC,California,1,1,2,2.0,1,0,100.0,13,1.0,2.0,1.0,0.0
746,5079301,CJ Bailey,NC State,ACC,Georgia Tech,17,30,147,4.9,0,3,44.9,13,0.5666666666666667,4.9,0.0,0.1
747,4428993,Haynes King,Georgia Tech,ACC,NC State,3,3,7,2.3,0,0,8.6,13,1.0,2.333333333333333,0.0,0.0
748,5132812,Aaron Philo,Georgia Tech,ACC,NC State,19,33,265,8.0,0,1,58.5,13,0.5757575757575758,8.030303030303031,0.0,0.0303030303030303
749,5154302,David Lynch,Pittsburgh,ACC,Louisville,5,7,43,6.1,0,1,22.5,13,0.7142857142857143,6.142857142857143,0.0,0.1428571428571428
750,4870819,Eli Holstein,Pittsburgh,ACC,Louisville,3,5,51,10.2,0,1,10.3,13,0.6,10.2,0.0,0.2
751,4683182,Nate Yarnell,Pittsburgh,ACC,Louisville,11,23,96,4.2,1,1,22.9,13,0.4782608695652174,4.173913043478261,0.0434782608695652,0.0434782608695652
752,4360689,Tyler Shough,Louisville,ACC,Pittsburgh,17,28,293,10.5,2,0,88.6,13,0.6071428571428571,10.464285714285714,0.0714285714285714,0.0
753,4429463,Jacolby Criswell,North Carolina,ACC,Boston College,16,30,176,5.9,0,3,4.3,13,0.5333333333333333,5.866666666666666,0.0,0.1
754,4567707,Grayson James,Boston College,ACC,North Carolina,18,27,192,7.1,1,0,79.8,13,0.6666666666666666,7.111111111111111,0.037037037037037,0.0
755,4920153,William Watson III,Virginia Tech,ACC,Duke,12,25,146,5.8,0,1,62.7,13,0.48,5.84,0.0,0.04
756,4428439,Collin Schlee,Virginia Tech,ACC,Duke,3,7,67,9.6,1,0,36.7,13,0.4285714285714285,9.571428571428571,0.1428571428571428,0.0
757,4685497,Maalik Murphy,Duke,ACC,Virginia Tech,17,35,332,9.5,3,3,66.7,13,0.4857142857142857,9.485714285714286,0.0857142857142857,0.0857142857142857
758,4688380,Cameron Ward,Miami,ACC,Wake Forest,27,38,280,7.4,2,1,50.7,13,0.7105263157894737,7.368421052631579,0.0526315789473684,0.0263157894736842
759,4426499,Hank Bachmeier,Wake Forest,ACC,Miami,8,14,86,6.1,1,1,15.3,13,0.5714285714285714,6.142857142857143,0.0714285714285714,0.0714285714285714
760,4567031,Michael Kern,Wake Forest,ACC,Miami,1,3,13,4.3,0,0,15.8,13,0.3333333333333333,4.333333333333333,0.0,0.0
761,5084084,Kevin Jennings,SMU,ACC,Virginia,25,33,323,9.8,2,1,89.6,13,0.7575757575757576,9.787878787878787,0.0606060606060606,0.0303030303030303
762,5044387,Anthony Colandrea,Virginia,ACC,SMU,18,27,108,4.0,1,0,30.3,13,0.6666666666666666,4.0,0.037037037037037,0.0
763,5079555,D.J. Lagway,Florida,SEC,Florida State,14,22,133,6.0,2,1,37.2,14,0.6363636363636364,6.045454545454546,0.0909090909090909,0.0454545454545454
764,5079542,Luke Kromenhoek,Florida State,ACC,Florida,15,28,140,5.0,0,0,26.5,14,0.5357142857142857,5.0,0.0,0.0
765,4430841,Carson Beck,Georgia,SEC,Georgia Tech,28,43,297,6.9,5,0,82.2,14,0.6511627906976745,6.906976744186046,0.1162790697674418,0.0
766,4428993,Haynes King,Georgia Tech,ACC,Georgia,26,36,303,8.4,2,0,90.8,14,0.7222222222222222,8.416666666666666,0.0555555555555555,0.0
767,5141378,Cutter Boley,Kentucky,SEC,Louisville,6,15,48,3.2,0,2,0.8,14,0.4,3.2,0.0,0.1333333333333333
768,4893657,Gavin Wimsatt,Kentucky,SEC,Louisville,4,9,125,13.9,2,1,77.1,14,0.4444444444444444,13.88888888888889,0.2222222222222222,0.1111111111111111
769,4360689,Tyler Shough,Louisville,ACC,Kentucky,9,18,128,7.1,0,0,61.4,14,0.5,7.111111111111111,0.0,0.0
770,4875127,Lanorris Sellers,South Carolina,SEC,Clemson,13,21,164,7.8,0,1,92.5,14,0.6190476190476191,7.809523809523809,0.0,0.0476190476190476
771,4685413,Cade Klubnik,Clemson,ACC,South Carolina,24,36,280,7.8,0,1,89.6,14,0.6666666666666666,7.777777777777778,0.0,0.0277777777777777
772,4432734,Jalen Milroe,Alabama,SEC,Auburn,18,24,256,10.7,0,1,97.3,14,0.75,10.666666666666666,0.0,0.0416666666666666
773,4710341,Jarquez Hunter,Auburn,SEC,Alabama,0,1,0,0.0,0,1,0.0,14,0.0,0.0,0.0,1.0
774,4430590,Payton Thorne,Auburn,SEC,Alabama,24,41,301,7.3,1,1,63.5,14,0.5853658536585366,7.341463414634147,0.024390243902439,0.024390243902439
775,4429435,Brady Cook,Missouri,SEC,Arkansas,10,20,168,8.4,0,0,78.3,14,0.5,8.4,0.0,0.0
776,4431325,Taylen Green,Arkansas,SEC,Missouri,21,35,229,6.5,0,0,75.1,14,0.6,6.542857142857143,0.0,0.0
777,4890373,Bauer Sharp,Oklahoma,SEC,LSU,0,1,0,0.0,0,1,0.0,14,0.0,0.0,0.0,1.0
778,4870607,Jackson Arnold,Oklahoma,SEC,LSU,14,21,110,5.2,0,0,69.6,14,0.6666666666666666,5.238095238095238,0.0,0.0
779,4567747,Garrett Nussmeier,LSU,SEC,Oklahoma,22,31,277,8.9,3,0,90.9,14,0.7096774193548387,8.935483870967742,0.0967741935483871,0.0
780,5081405,AJ Swann,LSU,SEC,Oklahoma,1,3,8,2.7,0,0,5.0,14,0.3333333333333333,2.6666666666666665,0.0,0.0
781,5079620,Michael Van Buren Jr.,Mississippi State,SEC,Ole Miss,17,32,280,8.8,1,2,57.3,14,0.53125,8.75,0.03125,0.0625
782,4569416,Nicholas Barr-Mira,Mississippi State,SEC,Ole Miss,1,1,11,11.0,0,0,100.0,14,1.0,11.0,0.0,0.0
783,4689114,Jaxson Dart,Ole Miss,SEC,Mississippi State,14,24,143,6.0,1,0,58.5,14,0.5833333333333334,5.958333333333333,0.0416666666666666,0.0
784,4870799,Nico Iamaleava,Tennessee,SEC,Vanderbilt,18,26,257,9.9,4,1,90.8,14,0.6923076923076923,9.884615384615383,0.1538461538461538,0.0384615384615384
785,5089070,Richie Hoskins,Vanderbilt,SEC,Tennessee,0,1,0,0.0,0,0,4.5,14,0.0,0.0,0.0,0.0
786,5084180,Diego Pavia,Vanderbilt,SEC,Tennessee,8,17,104,6.1,1,1,46.7,14,0.4705882352941176,6.117647058823529,0.0588235294117647,0.0588235294117647
787,4889929,Quinn Ewers,Texas,SEC,Texas A&M,17,28,218,7.8,1,1,79.1,14,0.6071428571428571,7.785714285714286,0.0357142857142857,0.0357142857142857
788,4870971,Marcel Reed,Texas A&M,SEC,Texas,16,23,146,6.3,0,1,61.7,14,0.6956521739130435,6.3478260869565215,0.0,0.0434782608695652
789,4838679,Ashton Daniels,Stanford,ACC,San José State,26,40,252,6.3,1,3,59.8,14,0.65,6.3,0.025,0.075
790,4432767,Preston Stone,SMU,ACC,California,4,4,75,18.8,1,0,98.2,14,1.0,18.75,0.25,0.0
791,5084084,Kevin Jennings,SMU,ACC,California,20,30,225,7.5,2,0,81.6,14,0.6666666666666666,7.5,0.0666666666666666,0.0
792,4686788,CJ Harris,California,ACC,SMU,6,11,75,6.8,0,1,22.5,14,0.5454545454545454,6.818181818181818,0.0,0.0909090909090909
793,4570554,Chandler Rogers,California,ACC,SMU,8,15,84,5.6,0,0,29.4,14,0.5333333333333333,5.6,0.0,0.0
794,5079555,D.J. Lagway,Florida,SEC,Florida State,14,22,133,6.0,2,1,37.2,14,0.6363636363636364,6.045454545454546,0.0909090909090909,0.0454545454545454
795,5079542,Luke Kromenhoek,Florida State,ACC,Florida,15,28,140,5.0,0,0,26.5,14,0.5357142857142857,5.0,0.0,0.0
796,4430841,Carson Beck,Georgia,SEC,Georgia Tech,28,43,297,6.9,5,0,82.2,14,0.6511627906976745,6.906976744186046,0.1162790697674418,0.0
797,4428993,Haynes King,Georgia Tech,ACC,Georgia,26,36,303,8.4,2,0,90.8,14,0.7222222222222222,8.416666666666666,0.0555555555555555,0.0
798,5141378,Cutter Boley,Kentucky,SEC,Louisville,6,15,48,3.2,0,2,0.8,14,0.4,3.2,0.0,0.1333333333333333
799,4893657,Gavin Wimsatt,Kentucky,SEC,Louisville,4,9,125,13.9,2,1,77.1,14,0.4444444444444444,13.88888888888889,0.2222222222222222,0.1111111111111111
800,4360689,Tyler Shough,Louisville,ACC,Kentucky,9,18,128,7.1,0,0,61.4,14,0.5,7.111111111111111,0.0,0.0
801,5154302,David Lynch,Pittsburgh,ACC,Boston College,1,2,3,1.5,0,0,5.5,14,0.5,1.5,0.0,0.0
802,4683182,Nate Yarnell,Pittsburgh,ACC,Boston College,23,42,296,7.0,3,1,63.8,14,0.5476190476190477,7.047619047619048,0.0714285714285714,0.0238095238095238
803,4567707,Grayson James,Boston College,ACC,Pittsburgh,20,28,253,9.0,2,0,88.1,14,0.7142857142857143,9.035714285714286,0.0714285714285714,0.0
804,4426499,Hank Bachmeier,Wake Forest,ACC,Duke,22,30,207,6.9,1,0,84.9,14,0.7333333333333333,6.9,0.0333333333333333,0.0
805,4685497,Maalik Murphy,Duke,ACC,Wake Forest,26,34,235,6.9,1,1,63.0,14,0.7647058823529411,6.911764705882353,0.0294117647058823,0.0294117647058823
806,4595341,Caleb Hood,North Carolina,ACC,NC State,1,1,2,2.0,0,0,21.5,14,1.0,2.0,0.0,0.0
807,4429463,Jacolby Criswell,North Carolina,ACC,NC State,18,33,273,8.3,3,0,72.2,14,0.5454545454545454,8.272727272727273,0.0909090909090909,0.0
808,5079301,CJ Bailey,NC State,ACC,North Carolina,14,20,242,12.1,2,1,71.7,14,0.7,12.1,0.1,0.05
809,4688380,Cameron Ward,Miami,ACC,Syracuse,25,36,349,9.7,2,0,92.8,14,0.6944444444444444,9.694444444444445,0.0555555555555555,0.0
810,4433971,Kyle McCord,Syracuse,ACC,Miami,26,36,380,10.6,3,0,90.9,14,0.7222222222222222,10.555555555555555,0.0833333333333333,0.0
811,4875127,Lanorris Sellers,South Carolina,SEC,Clemson,13,21,164,7.8,0,1,92.5,14,0.6190476190476191,7.809523809523809,0.0,0.0476190476190476
812,4685413,Cade Klubnik,Clemson,ACC,South Carolina,24,36,280,7.8,0,1,89.6,14,0.6666666666666666,7.777777777777778,0.0,0.0277777777777777
813,4920153,William Watson III,Virginia Tech,ACC,Virginia,14,21,254,12.1,1,0,85.4,14,0.6666666666666666,12.095238095238097,0.0476190476190476,0.0
814,4775264,Tony Muskett,Virginia,ACC,Virginia Tech,19,36,178,4.9,0,2,53.9,14,0.5277777777777778,4.944444444444445,0.0,0.0555555555555555
