player_id,player_name,team,conference,week,comp,att,yds,td,int,qbr,completion_pct
4567149,KJ Jefferson,UCF,Big 12,6,12,22,165,0,1,16.8,0.5454545454545454
4426335,Graham Mertz,Florida,SEC,6,19,23,179,1,0,81.5,0.8260869565217391
5079555,D.J. Lagway,Florida,SEC,6,4,4,50,0,0,75.1,1.0
-5989, Team,Florida,SEC,6,0,1,0,0,0,,0.0
4431325,Taylen Green,Arkansas,SEC,6,19,27,266,0,0,79.7,0.7037037037037037
4870999,Malachi Singleton,Arkansas,SEC,6,2,3,31,0,0,3.7,0.6666666666666666
4870799,Nico Iamaleava,Tennessee,SEC,6,17,29,158,0,0,39.5,0.5862068965517241
4685574,Conner Weigman,Texas A&M,SEC,6,18,22,276,0,0,93.7,0.8181818181818182
4429435,Brady Cook,Missouri,SEC,6,13,31,186,1,0,25.6,0.41935483870967744
4430841,Carson Beck,Georgia,SEC,6,23,29,240,2,0,89.2,0.7931034482758621
4430590,Payton Thorne,Auburn,SEC,6,16,27,200,0,0,68.1,0.5925925925925926
-7352, Team,South Carolina,SEC,6,0,1,0,0,0,,0.0
4875127,Lanorris Sellers,South Carolina,SEC,6,20,32,162,0,1,54.0,0.625
4689114,Jaxson Dart,Ole Miss,SEC,6,14,27,285,0,0,90.5,0.5185185185185185
4868300,Nate Johnson,Vanderbilt,SEC,6,0,1,0,0,0,7.3,0.0
5084180,Diego Pavia,Vanderbilt,SEC,6,16,20,252,2,0,95.9,0.8
4432734,Jalen Milroe,Alabama,SEC,6,18,24,310,1,1,77.9,0.75
4433971,Kyle McCord,Syracuse,ACC,6,40,63,355,3,1,84.3,0.6349206349206349
4682648,Malachi Fields,Virginia,ACC,6,1,1,29,0,0,99.8,1.0
5044387,Anthony Colandrea,Virginia,ACC,6,15,26,179,1,0,52.7,0.5769230769230769
4775264,Tony Muskett,Virginia,ACC,6,1,1,10,0,0,90.8,1.0
4773919,Thomas Castellanos,Boston College,ACC,6,22,30,254,2,2,31.8,0.7333333333333333
4920158,Brock Glenn,Florida State,ACC,6,23,41,228,2,1,78.7,0.5609756097560976
4685413,Cade Klubnik,Clemson,ACC,6,19,33,235,2,0,89.4,0.5757575757575758
-5650, Team,Clemson,ACC,6,0,1,0,0,0,,0.0
4837248,Fernando Mendoza,California,ACC,6,11,22,285,2,1,81.9,0.5
4570554,Chandler Rogers,California,ACC,6,1,2,12,0,0,91.6,0.5
4688380,Cameron Ward,Miami,ACC,6,35,53,437,2,1,81.7,0.660377358490566
4678010,Kyron Drones,Virginia Tech,ACC,6,14,19,201,2,0,87.8,0.7368421052631579
5143191,Micah Ford,Stanford,ACC,6,1,1,19,1,0,100.0,1.0
4684502,Justin Lamson,Stanford,ACC,6,13,24,103,0,1,20.2,0.5416666666666666
4428993,Haynes King,Georgia Tech,ACC,6,23,31,167,2,0,77.2,0.7419354838709677
4685497,Maalik Murphy,Duke,ACC,6,18,31,205,2,1,61.8,0.5806451612903226
4360689,Tyler Shough,Louisville,ACC,6,22,35,329,2,1,77.8,0.6285714285714286
4432767,Preston Stone,SMU,ACC,6,1,1,10,1,0,100.0,1.0
5084084,Kevin Jennings,SMU,ACC,6,21,27,281,0,0,95.8,0.7777777777777778
4429463,Jacolby Criswell,North Carolina,ACC,6,24,45,269,1,0,56.9,0.5333333333333333
4870819,Eli Holstein,Pittsburgh,ACC,6,25,42,381,3,1,68.6,0.5952380952380952
4427936,Grayson McCall,NC State,ACC,6,3,5,42,0,0,1.2,0.6
5079301,CJ Bailey,NC State,ACC,6,28,42,272,2,1,51.5,0.6666666666666666
4426499,Hank Bachmeier,Wake Forest,ACC,6,16,32,154,2,1,43.6,0.5
4429088,Drew Pyne,Missouri,SEC,7,3,5,11,0,0,3.6,0.6
4429435,Brady Cook,Missouri,SEC,7,14,19,219,2,0,91.9,0.7368421052631579
4426335,Graham Mertz,Florida,SEC,7,11,15,125,1,0,66.9,0.7333333333333333
5079555,D.J. Lagway,Florida,SEC,7,9,17,98,1,1,41.6,0.5294117647058824
4870799,Nico Iamaleava,Tennessee,SEC,7,16,26,169,0,1,17.5,0.6153846153846154
4567747,Garrett Nussmeier,LSU,SEC,7,22,51,337,3,2,73.0,0.43137254901960786
4689114,Jaxson Dart,Ole Miss,SEC,7,24,42,284,1,1,52.2,0.5714285714285714
4430841,Carson Beck,Georgia,SEC,7,36,48,459,3,2,75.1,0.75
5079620,Michael Van Buren Jr.,Mississippi State,SEC,7,20,37,306,3,1,73.0,0.5405405405405406
4683967,Wilson Berry,Kentucky,SEC,7,0,1,0,0,1,0.0,0.0
4432782,Brock Vandagriff,Kentucky,SEC,7,15,25,158,1,0,63.7,0.6
5084180,Diego Pavia,Vanderbilt,SEC,7,15,18,143,2,1,87.4,0.8333333333333334
4701936,Matthew Golden,Texas,SEC,7,1,2,30,0,0,79.8,0.5
4889929,Quinn Ewers,Texas,SEC,7,20,29,199,1,1,77.7,0.6896551724137931
5079465,Michael Hawkins Jr.,Oklahoma,SEC,7,19,30,148,0,0,40.4,0.6333333333333333
4432734,Jalen Milroe,Alabama,SEC,7,16,23,209,1,2,69.2,0.6956521739130435
4697512,Robby Ashford,South Carolina,SEC,7,1,1,4,0,0,43.6,1.0
4875127,Lanorris Sellers,South Carolina,SEC,7,23,31,238,2,1,65.3,0.7419354838709677
4837248,Fernando Mendoza,California,ACC,7,27,37,272,1,0,62.8,0.7297297297297297
4870819,Eli Holstein,Pittsburgh,ACC,7,14,28,133,0,2,25.5,0.5
4899369,Christopher Vizzina,Clemson,ACC,7,1,1,6,0,0,95.4,1.0
4685413,Cade Klubnik,Clemson,ACC,7,31,41,309,3,0,88.1,0.7560975609756098
5081432,Antonio Williams,Clemson,ACC,7,1,1,28,1,0,100.0,1.0
4426499,Hank Bachmeier,Wake Forest,ACC,7,12,21,126,2,2,73.5,0.5714285714285714
4567031,Michael Kern,Wake Forest,ACC,7,2,8,20,0,0,4.9,0.25
4433971,Kyle McCord,Syracuse,ACC,7,31,42,346,2,0,82.1,0.7380952380952381
-7579, Team,Syracuse,ACC,7,0,1,0,0,0,,0.0
5079301,CJ Bailey,NC State,ACC,7,17,24,329,2,1,62.5,0.7083333333333334
4746127,Zach Pyron,Georgia Tech,ACC,7,1,1,7,0,0,5.1,1.0
4428993,Haynes King,Georgia Tech,ACC,7,11,22,127,0,0,83.8,0.5
4595341,Caleb Hood,North Carolina,ACC,7,0,1,0,0,0,1.7,0.0
4429463,Jacolby Criswell,North Carolina,ACC,7,17,31,209,1,0,51.7,0.5483870967741935
4801306,Conner Harrell,North Carolina,ACC,7,1,2,7,0,0,49.3,0.5
4682648,Malachi Fields,Virginia,ACC,7,1,1,22,0,0,99.4,1.0
5044387,Anthony Colandrea,Virginia,ACC,7,26,45,279,1,0,46.8,0.5777777777777777
4360689,Tyler Shough,Louisville,ACC,7,18,31,231,1,1,69.7,0.5806451612903226
4838679,Ashton Daniels,Stanford,ACC,7,8,13,74,0,0,52.9,0.6153846153846154
-7422, Team,Stanford,ACC,7,0,1,0,0,0,,0.0
4684502,Justin Lamson,Stanford,ACC,7,2,4,13,0,0,83.7,0.5
4870799,Nico Iamaleava,Tennessee,SEC,8,14,27,194,1,1,81.2,0.5185185185185185
4697122,Gaston Moore,Tennessee,SEC,8,0,1,0,0,1,0.0,0.0
4432734,Jalen Milroe,Alabama,SEC,8,25,45,239,1,2,65.3,0.5555555555555556
5079620,Michael Van Buren Jr.,Mississippi State,SEC,8,22,41,242,3,1,74.1,0.5365853658536586
4685574,Conner Weigman,Texas A&M,SEC,8,15,25,217,1,2,67.2,0.6
4430590,Payton Thorne,Auburn,SEC,8,17,29,176,1,0,43.1,0.5862068965517241
4429088,Drew Pyne,Missouri,SEC,8,10,21,78,0,0,7.7,0.47619047619047616
4429435,Brady Cook,Missouri,SEC,8,11,22,194,0,0,76.4,0.5
4431325,Taylen Green,Arkansas,SEC,8,21,31,239,1,1,51.0,0.6774193548387096
4567747,Garrett Nussmeier,LSU,SEC,8,23,34,233,0,0,82.0,0.6764705882352942
4870645,Rickie Collins,LSU,SEC,8,1,1,2,0,0,0.0,1.0
5084180,Diego Pavia,Vanderbilt,SEC,8,17,31,275,1,0,61.9,0.5483870967741935
5091890,Kadin Semonza,Ball State,Mid-American,8,21,29,190,1,0,53.2,0.7241379310344828
5079555,D.J. Lagway,Florida,SEC,8,7,14,259,0,1,68.3,0.5
5155039,Aidan Warner,Florida,SEC,8,1,1,20,0,0,100.0,1.0
5141378,Cutter Boley,Kentucky,SEC,8,0,6,0,0,1,0.1,0.0
4432782,Brock Vandagriff,Kentucky,SEC,8,12,26,165,1,2,43.6,0.46153846153846156
4697512,Robby Ashford,South Carolina,SEC,8,1,1,5,0,0,99.9,1.0
4875127,Lanorris Sellers,South Carolina,SEC,8,16,24,175,1,0,60.3,0.6666666666666666
4570033,Kai Kroeger,South Carolina,SEC,8,0,1,0,0,0,0.0,0.0
4427146,Luke Elzinga,Oklahoma,SEC,8,1,1,-5,0,0,0.0,1.0
5079465,Michael Hawkins Jr.,Oklahoma,SEC,8,3,5,18,0,2,0.1,0.6
4870607,Jackson Arnold,Oklahoma,SEC,8,18,36,225,1,0,19.4,0.5
4430841,Carson Beck,Georgia,SEC,8,23,41,175,0,3,64.3,0.5609756097560976
4870906,Arch Manning,Texas,SEC,8,3,6,19,0,0,14.8,0.5
4889929,Quinn Ewers,Texas,SEC,8,25,43,211,2,1,23.9,0.5813953488372093
4678010,Kyron Drones,Virginia Tech,ACC,8,14,18,164,1,1,82.4,0.7777777777777778
4773919,Thomas Castellanos,Boston College,ACC,8,17,26,205,2,0,12.7,0.6538461538461539
5079542,Luke Kromenhoek,Florida State,ACC,8,3,7,19,0,0,15.2,0.42857142857142855
4920158,Brock Glenn,Florida State,ACC,8,9,19,110,0,2,14.6,0.47368421052631576
4685497,Maalik Murphy,Duke,ACC,8,12,24,70,0,0,24.4,0.5
4426499,Hank Bachmeier,Wake Forest,ACC,8,21,36,274,0,1,60.4,0.5833333333333334
5044387,Anthony Colandrea,Virginia,ACC,8,15,26,159,2,0,63.2,0.5769230769230769
4775264,Tony Muskett,Virginia,ACC,8,6,7,119,2,0,99.8,0.8571428571428571
4899369,Christopher Vizzina,Clemson,ACC,8,1,1,3,0,0,87.8,1.0
4685413,Cade Klubnik,Clemson,ACC,8,23,35,308,3,1,79.2,0.6571428571428571
5081432,Antonio Williams,Clemson,ACC,8,1,1,34,0,0,100.0,1.0
5079301,CJ Bailey,NC State,ACC,8,25,36,306,2,0,77.4,0.6944444444444444
4870653,Kevin Concepcion,NC State,ACC,8,1,1,28,0,0,100.0,1.0
4837248,Fernando Mendoza,California,ACC,8,30,42,282,0,0,39.5,0.7142857142857143
-5490, Team,California,ACC,8,0,1,0,0,0,,0.0
4838679,Ashton Daniels,Stanford,ACC,8,2,5,20,0,0,75.6,0.4
5079318,Elijah Brown,Stanford,ACC,8,16,32,153,1,2,15.3,0.5
5084084,Kevin Jennings,SMU,ACC,8,17,27,322,3,1,72.1,0.6296296296296297
4688380,Cameron Ward,Miami,ACC,8,21,32,319,4,0,93.3,0.65625
4360689,Tyler Shough,Louisville,ACC,8,31,51,342,4,0,74.5,0.6078431372549019
4746127,Zach Pyron,Georgia Tech,ACC,8,20,36,269,1,2,73.9,0.5555555555555556
-6037, Team,Georgia Tech,ACC,8,0,2,0,0,0,,0.0
4432734,Jalen Milroe,Alabama,SEC,9,16,26,215,0,0,71.7,0.6153846153846154
4429088,Drew Pyne,Missouri,SEC,9,6,12,42,0,3,11.4,0.5
4429435,Brady Cook,Missouri,SEC,9,7,12,30,0,0,12.9,0.5833333333333334
4868300,Nate Johnson,Vanderbilt,SEC,9,1,2,12,0,0,99.0,0.5
5084180,Diego Pavia,Vanderbilt,SEC,9,16,29,143,2,2,78.1,0.5517241379310345
4889929,Quinn Ewers,Texas,SEC,9,27,37,288,3,2,67.2,0.7297297297297297
4432782,Brock Vandagriff,Kentucky,SEC,9,9,17,120,0,1,18.1,0.5294117647058824
4893657,Gavin Wimsatt,Kentucky,SEC,9,3,10,34,0,1,10.9,0.3
4430590,Payton Thorne,Auburn,SEC,9,20,26,172,1,1,76.0,0.7692307692307693
5079620,Michael Van Buren Jr.,Mississippi State,SEC,9,22,31,309,2,2,88.2,0.7096774193548387
4431325,Taylen Green,Arkansas,SEC,9,23,29,314,5,1,90.4,0.7931034482758621
4685574,Conner Weigman,Texas A&M,SEC,9,6,18,64,0,0,12.9,0.3333333333333333
4870971,Marcel Reed,Texas A&M,SEC,9,2,2,70,0,0,99.8,1.0
4567747,Garrett Nussmeier,LSU,SEC,9,25,50,405,2,3,73.4,0.5
4689114,Jaxson Dart,Ole Miss,SEC,9,22,30,311,1,0,88.8,0.7333333333333333
4870607,Jackson Arnold,Oklahoma,SEC,9,22,31,182,2,0,49.7,0.7096774193548387
4678006,Elijah Arroyo,Miami,ACC,9,1,1,7,1,0,100.0,1.0
4688380,Cameron Ward,Miami,ACC,9,22,35,208,0,0,71.7,0.6285714285714286
5079542,Luke Kromenhoek,Florida State,ACC,9,6,14,61,0,0,73.7,0.42857142857142855
4920158,Brock Glenn,Florida State,ACC,9,5,18,54,1,0,25.2,0.2777777777777778
4602667,Jaylin Lane,Virginia Tech,ACC,9,1,1,6,1,0,100.0,1.0
4678010,Kyron Drones,Virginia Tech,ACC,9,16,27,128,1,0,25.5,0.5925925925925926
4746127,Zach Pyron,Georgia Tech,ACC,9,10,22,76,0,1,23.9,0.45454545454545453
5132812,Aaron Philo,Georgia Tech,ACC,9,11,26,184,0,1,46.2,0.4230769230769231
4433971,Kyle McCord,Syracuse,ACC,9,35,64,321,0,5,22.1,0.546875
4870819,Eli Holstein,Pittsburgh,ACC,9,11,15,108,2,0,35.1,0.7333333333333333
4683182,Nate Yarnell,Pittsburgh,ACC,9,5,7,36,0,0,10.4,0.7142857142857143
4773919,Thomas Castellanos,Boston College,ACC,9,13,28,164,3,0,32.1,0.4642857142857143
4360689,Tyler Shough,Louisville,ACC,9,28,38,332,2,2,64.0,0.7368421052631579
4685497,Maalik Murphy,Duke,ACC,9,27,48,295,3,0,65.3,0.5625
5084084,Kevin Jennings,SMU,ACC,9,13,24,258,1,3,11.4,0.5416666666666666
4429463,Jacolby Criswell,North Carolina,ACC,9,19,30,293,2,0,93.4,0.6333333333333333
5044387,Anthony Colandrea,Virginia,ACC,9,16,28,156,0,2,12.7,0.5714285714285714
4775264,Tony Muskett,Virginia,ACC,9,8,13,125,1,0,91.4,0.6153846153846154
4838679,Ashton Daniels,Stanford,ACC,9,24,31,214,1,2,59.5,0.7741935483870968
5079318,Elijah Brown,Stanford,ACC,9,5,9,24,0,1,10.4,0.5555555555555556
4426499,Hank Bachmeier,Wake Forest,ACC,9,20,30,245,3,1,46.6,0.6666666666666666
4837248,Fernando Mendoza,California,ACC,9,27,36,364,2,0,89.2,0.75
4570554,Chandler Rogers,California,ACC,9,0,1,0,0,0,65.9,0.0
5079465,Michael Hawkins Jr.,Oklahoma,SEC,10,3,5,60,0,0,63.6,0.6
4870607,Jackson Arnold,Oklahoma,SEC,10,15,21,224,2,0,77.5,0.7142857142857143
4430841,Carson Beck,Georgia,SEC,10,25,40,309,2,3,61.0,0.625
5079555,D.J. Lagway,Florida,SEC,10,2,6,47,1,0,61.5,0.3333333333333333
5155039,Aidan Warner,Florida,SEC,10,7,22,66,0,1,9.5,0.3181818181818182
4431325,Taylen Green,Arkansas,SEC,10,10,14,158,0,0,40.9,0.7142857142857143
4870999,Malachi Singleton,Arkansas,SEC,10,11,14,207,1,0,89.3,0.7857142857142857
5141684,Austin Simmons,Ole Miss,SEC,10,3,3,47,1,0,100.0,1.0
4689114,Jaxson Dart,Ole Miss,SEC,10,25,31,515,6,0,98.2,0.8064516129032258
5079620,Michael Van Buren Jr.,Mississippi State,SEC,10,14,25,222,1,0,65.1,0.56
4875127,Lanorris Sellers,South Carolina,SEC,10,13,27,244,2,0,86.5,0.48148148148148145
4870971,Marcel Reed,Texas A&M,SEC,10,18,28,206,1,1,59.2,0.6428571428571429
4870799,Nico Iamaleava,Tennessee,SEC,10,28,38,292,1,0,78.0,0.7368421052631579
4432782,Brock Vandagriff,Kentucky,SEC,10,10,17,123,1,1,60.6,0.5882352941176471
4893657,Gavin Wimsatt,Kentucky,SEC,10,4,10,69,1,1,28.9,0.4
4430590,Payton Thorne,Auburn,SEC,10,20,29,239,1,0,52.9,0.6896551724137931
4431574,Eli Stowers,Vanderbilt,SEC,10,0,1,0,0,0,2.4,0.0
5084180,Diego Pavia,Vanderbilt,SEC,10,9,22,143,2,0,44.2,0.4090909090909091
4688380,Cameron Ward,Miami,ACC,10,25,41,400,5,1,94.2,0.6097560975609756
4685497,Maalik Murphy,Duke,ACC,10,25,41,325,3,3,78.4,0.6097560975609756
4429463,Jacolby Criswell,North Carolina,ACC,10,13,17,211,1,0,93.2,0.7647058823529411
5079542,Luke Kromenhoek,Florida State,ACC,10,2,7,36,0,2,9.6,0.2857142857142857
4920158,Brock Glenn,Florida State,ACC,10,6,11,123,1,0,47.5,0.5454545454545454
4433971,Kyle McCord,Syracuse,ACC,10,24,35,280,2,1,66.0,0.6857142857142857
4575862,Trebor Pena,Syracuse,ACC,10,0,1,0,0,0,19.4,0.0
4428439,Collin Schlee,Virginia Tech,ACC,10,16,24,206,1,0,44.6,0.6666666666666666
5079301,CJ Bailey,NC State,ACC,10,18,20,234,3,0,98.4,0.9
4875128,Lex Thomas,NC State,ACC,10,1,2,12,0,1,0.0,0.5
4838679,Ashton Daniels,Stanford,ACC,10,6,8,70,0,0,97.1,0.75
4684502,Justin Lamson,Stanford,ACC,10,3,8,103,1,1,17.3,0.375
4685413,Cade Klubnik,Clemson,ACC,10,33,56,228,1,0,45.2,0.5892857142857143
4360689,Tyler Shough,Louisville,ACC,10,17,32,156,0,0,78.1,0.53125
4432767,Preston Stone,SMU,ACC,10,0,3,0,0,0,0.7,0.0
5075392,Keldric Luster,SMU,ACC,10,1,2,0,0,0,1.3,0.5
5084084,Kevin Jennings,SMU,ACC,10,17,25,306,2,0,89.2,0.68
-7347, Team,SMU,ACC,10,0,1,0,0,0,,0.0
4870819,Eli Holstein,Pittsburgh,ACC,10,29,48,248,0,1,51.7,0.6041666666666666
4880229,Caleb Junko,Pittsburgh,ACC,10,1,1,3,0,0,1.5,1.0
4683182,Nate Yarnell,Pittsburgh,ACC,10,9,10,99,2,0,98.7,0.9
5155039,Aidan Warner,Florida,SEC,11,12,25,132,0,2,34.2,0.48
4870906,Arch Manning,Texas,SEC,11,3,6,19,0,0,23.4,0.5
4889929,Quinn Ewers,Texas,SEC,11,19,27,333,5,0,90.0,0.7037037037037037
4430841,Carson Beck,Georgia,SEC,11,20,31,186,0,1,55.9,0.6451612903225806
5141684,Austin Simmons,Ole Miss,SEC,11,5,6,64,0,0,99.7,0.8333333333333334
4689114,Jaxson Dart,Ole Miss,SEC,11,13,22,199,1,1,89.6,0.5909090909090909
5084180,Diego Pavia,Vanderbilt,SEC,11,16,31,166,0,0,78.6,0.5161290322580645
4875127,Lanorris Sellers,South Carolina,SEC,11,14,20,238,2,0,72.3,0.7
4870799,Nico Iamaleava,Tennessee,SEC,11,8,13,174,2,0,86.0,0.6153846153846154
4697122,Gaston Moore,Tennessee,SEC,11,5,8,38,0,0,45.2,0.625
5079620,Michael Van Buren Jr.,Mississippi State,SEC,11,10,26,92,0,1,27.6,0.38461538461538464
4567747,Garrett Nussmeier,LSU,SEC,11,27,42,239,1,2,56.5,0.6428571428571429
4432734,Jalen Milroe,Alabama,SEC,11,12,18,109,0,0,99.3,0.6666666666666666
4429088,Drew Pyne,Missouri,SEC,11,14,27,143,3,0,67.1,0.5185185185185185
4427146,Luke Elzinga,Oklahoma,SEC,11,1,1,43,0,0,100.0,1.0
5079719,Taylor Tatum,Oklahoma,SEC,11,1,1,18,1,0,100.0,1.0
4870607,Jackson Arnold,Oklahoma,SEC,11,15,24,74,0,0,26.0,0.625
4426499,Hank Bachmeier,Wake Forest,ACC,11,19,36,274,2,3,69.0,0.5277777777777778
4837248,Fernando Mendoza,California,ACC,11,40,56,385,2,1,63.1,0.7142857142857143
4567707,Grayson James,Boston College,ACC,11,5,6,51,1,0,99.7,0.8333333333333334
4773919,Thomas Castellanos,Boston College,ACC,11,2,7,14,1,1,0.9,0.2857142857142857
4433971,Kyle McCord,Syracuse,ACC,11,31,48,392,2,0,68.3,0.6458333333333334
4688380,Cameron Ward,Miami,ACC,11,25,39,348,3,0,58.8,0.6410256410256411
4428993,Haynes King,Georgia Tech,ACC,11,6,6,32,1,0,58.0,1.0
5132812,Aaron Philo,Georgia Tech,ACC,11,5,10,67,1,0,92.8,0.5
5079542,Luke Kromenhoek,Florida State,ACC,11,5,8,37,0,0,14.6,0.625
4920158,Brock Glenn,Florida State,ACC,11,5,18,51,0,2,4.5,0.2777777777777778
4870819,Eli Holstein,Pittsburgh,ACC,11,10,23,121,0,0,33.6,0.43478260869565216
4683182,Nate Yarnell,Pittsburgh,ACC,11,4,12,44,1,2,33.4,0.3333333333333333
5044387,Anthony Colandrea,Virginia,ACC,11,16,24,143,1,2,36.9,0.6666666666666666
5114331,Suderian Harrison,Virginia,ACC,11,1,1,27,0,0,100.0,1.0
4685413,Cade Klubnik,Clemson,ACC,11,16,34,211,3,1,62.1,0.47058823529411764
4428439,Collin Schlee,Virginia Tech,ACC,11,7,17,73,1,1,14.9,0.4117647058823529
4678010,Kyron Drones,Virginia Tech,ACC,11,9,20,115,0,1,21.1,0.45
4685497,Maalik Murphy,Duke,ACC,11,22,31,245,2,0,69.5,0.7096774193548387
5079301,CJ Bailey,NC State,ACC,11,16,39,184,1,1,41.4,0.41025641025641024
4431325,Taylen Green,Arkansas,SEC,12,17,25,149,0,1,50.6,0.68
4889929,Quinn Ewers,Texas,SEC,12,20,32,176,2,0,62.0,0.625
5079764,Walker White,Auburn,SEC,12,2,5,18,0,0,0.5,0.4
4430590,Payton Thorne,Auburn,SEC,12,22,32,286,5,0,86.1,0.6875
5122054,Aidan Armenta,UL Monroe,Sun Belt,12,8,15,89,0,0,29.3,0.5333333333333333
5081925,General Booty,UL Monroe,Sun Belt,12,1,1,65,1,0,100.0,1.0
5141378,Cutter Boley,Kentucky,SEC,12,10,14,130,2,0,82.7,0.7142857142857143
4432782,Brock Vandagriff,Kentucky,SEC,12,12,19,183,2,1,81.5,0.631578947368421
5079508,Austin Mack,Alabama,SEC,12,2,3,39,1,0,99.6,0.6666666666666666
4870900,Dylan Lonergan,Alabama,SEC,12,5,6,23,0,0,65.2,0.8333333333333334
4432734,Jalen Milroe,Alabama,SEC,12,11,16,186,2,0,91.8,0.6875
4685522,Ty Simpson,Alabama,SEC,12,5,10,71,0,0,52.5,0.5
4567747,Garrett Nussmeier,LSU,SEC,12,27,47,260,1,0,62.8,0.574468085106383
5081405,AJ Swann,LSU,SEC,12,1,1,2,0,0,15.2,1.0
5079555,D.J. Lagway,Florida,SEC,12,13,26,226,1,0,64.2,0.5
4429435,Brady Cook,Missouri,SEC,12,21,31,237,1,1,82.7,0.6774193548387096
4875127,Lanorris Sellers,South Carolina,SEC,12,21,30,353,5,1,86.2,0.7
4430841,Carson Beck,Georgia,SEC,12,25,40,347,2,0,98.0,0.625
4870799,Nico Iamaleava,Tennessee,SEC,12,20,33,167,0,0,75.6,0.6060606060606061
-7622, Team,Texas A&M,SEC,12,0,1,0,0,0,,0.0
4685574,Conner Weigman,Texas A&M,SEC,12,2,5,37,0,1,3.2,0.4
4870971,Marcel Reed,Texas A&M,SEC,12,20,31,268,2,1,87.7,0.6451612903225806
5145396,Miles O'Neill,Texas A&M,SEC,12,5,6,51,1,0,97.8,0.8333333333333334
4570743,Santino Marucci,New Mexico State,Conference USA,12,6,19,80,0,0,12.4,0.3157894736842105
5220782,Brandon Nunez,New Mexico State,Conference USA,12,1,4,12,0,0,42.4,0.25
4683182,Nate Yarnell,Pittsburgh,ACC,12,34,54,350,1,1,55.9,0.6296296296296297
4685413,Cade Klubnik,Clemson,ACC,12,27,41,288,2,0,67.2,0.6585365853658537
4837248,Fernando Mendoza,California,ACC,12,22,34,225,1,2,38.5,0.6470588235294118
4433971,Kyle McCord,Syracuse,ACC,12,29,46,323,1,0,92.2,0.6304347826086957
4567707,Grayson James,Boston College,ACC,12,18,32,237,1,1,70.4,0.5625
5084084,Kevin Jennings,SMU,ACC,12,24,35,298,3,1,75.5,0.6857142857142857
4682648,Malachi Fields,Virginia,ACC,12,0,1,0,0,0,3.5,0.0
5044387,Anthony Colandrea,Virginia,ACC,12,8,21,69,0,3,14.4,0.38095238095238093
4775264,Tony Muskett,Virginia,ACC,12,9,14,103,0,0,95.6,0.6428571428571429
4838679,Ashton Daniels,Stanford,ACC,12,22,33,298,3,1,53.1,0.6666666666666666
4684502,Justin Lamson,Stanford,ACC,12,1,1,25,1,0,100.0,1.0
-6455, Team,Louisville,ACC,12,0,1,0,0,0,,0.0
4360689,Tyler Shough,Louisville,ACC,12,26,39,270,1,1,70.3,0.6666666666666666
4429463,Jacolby Criswell,North Carolina,ACC,12,14,22,132,1,0,21.8,0.6363636363636364
4426499,Hank Bachmeier,Wake Forest,ACC,12,10,14,68,0,0,35.2,0.7142857142857143
4567031,Michael Kern,Wake Forest,ACC,12,14,23,172,1,2,14.5,0.6086956521739131
4430841,Carson Beck,Georgia,SEC,13,20,31,297,4,0,90.7,0.6451612903225806
4685578,Gunner Stockton,Georgia,SEC,13,3,4,45,0,0,97.8,0.75
4431325,Taylen Green,Arkansas,SEC,13,20,37,221,2,1,87.8,0.5405405405405406
5076949,Evan Bullock,Louisiana Tech,Conference USA,13,26,43,190,2,0,23.6,0.6046511627906976
4870799,Nico Iamaleava,Tennessee,SEC,13,17,23,209,4,0,71.2,0.7391304347826086
4565892,Navy Shuler,Tennessee,SEC,13,1,3,10,0,0,16.1,0.3333333333333333
4697122,Gaston Moore,Tennessee,SEC,13,0,2,0,0,0,1.9,0.0
4879298,Trey Goodman,UTEP,Conference USA,13,1,2,27,0,1,96.3,0.5
5193282,JP Pickles,UTEP,Conference USA,13,10,15,72,0,0,40.0,0.6666666666666666
5083042,Skyler Locklear,UTEP,Conference USA,13,10,19,50,0,1,58.0,0.5263157894736842
4697512,Robby Ashford,South Carolina,SEC,13,3,4,23,0,0,88.6,0.75
4875127,Lanorris Sellers,South Carolina,SEC,13,23,27,307,3,1,78.0,0.8518518518518519
4428887,Davis Beville,South Carolina,SEC,13,1,1,13,0,0,71.6,1.0
4870971,Marcel Reed,Texas A&M,SEC,13,22,35,297,3,1,70.5,0.6285714285714286
4430590,Payton Thorne,Auburn,SEC,13,19,31,301,2,1,77.3,0.6129032258064516
5141684,Austin Simmons,Ole Miss,SEC,13,0,1,0,0,0,5.5,0.0
4689114,Jaxson Dart,Ole Miss,SEC,13,24,41,323,2,2,86.3,0.5853658536585366
5079555,D.J. Lagway,Florida,SEC,13,10,17,180,2,1,66.5,0.5882352941176471
4889929,Quinn Ewers,Texas,SEC,13,20,31,191,2,0,67.6,0.6451612903225806
5141378,Cutter Boley,Kentucky,SEC,13,10,18,160,0,1,67.1,0.5555555555555556
4432782,Brock Vandagriff,Kentucky,SEC,13,3,7,51,1,1,55.2,0.42857142857142855
5084180,Diego Pavia,Vanderbilt,SEC,13,13,24,186,1,0,66.7,0.5416666666666666
4567747,Garrett Nussmeier,LSU,SEC,13,28,37,332,1,0,83.8,0.7567567567567568
5079620,Michael Van Buren Jr.,Mississippi State,SEC,13,16,28,191,1,0,53.0,0.5714285714285714
4429435,Brady Cook,Missouri,SEC,13,15,20,268,1,0,94.1,0.75
4432734,Jalen Milroe,Alabama,SEC,13,11,26,164,0,3,15.4,0.4230769230769231
4685522,Ty Simpson,Alabama,SEC,13,0,1,0,0,0,6.6,0.0
4685553,Brenen Thompson,Oklahoma,SEC,13,0,1,0,0,0,0.6,0.0
4870607,Jackson Arnold,Oklahoma,SEC,13,9,11,68,0,0,82.4,0.8181818181818182
5079542,Luke Kromenhoek,Florida State,ACC,13,13,20,209,3,0,66.0,0.65
4920158,Brock Glenn,Florida State,ACC,13,3,3,31,0,0,56.3,1.0
4433971,Kyle McCord,Syracuse,ACC,13,37,47,470,2,0,87.5,0.7872340425531915
4899369,Christopher Vizzina,Clemson,ACC,13,6,14,62,0,0,24.3,0.42857142857142855
4685413,Cade Klubnik,Clemson,ACC,13,12,16,198,3,0,95.2,0.75
5081434,Trent Pearman,Clemson,ACC,13,0,1,0,0,1,0.0,0.0
4837248,Fernando Mendoza,California,ACC,13,25,36,299,3,0,76.7,0.6944444444444444
4921306,Mikey Matthews,California,ACC,13,0,1,0,0,0,0.8,0.0
4570554,Chandler Rogers,California,ACC,13,0,1,0,0,0,7.0,0.0
4838679,Ashton Daniels,Stanford,ACC,13,14,26,139,0,0,45.2,0.5384615384615384
4686997,Connor Weselman,Stanford,ACC,13,0,1,0,0,0,0.0,0.0
4684502,Justin Lamson,Stanford,ACC,13,0,1,0,0,0,82.1,0.0
5143191,Micah Ford,Stanford,ACC,13,1,1,2,1,0,100.0,1.0
5079301,CJ Bailey,NC State,ACC,13,17,30,147,0,3,44.9,0.5666666666666667
4428993,Haynes King,Georgia Tech,ACC,13,3,3,7,0,0,8.6,1.0
5132812,Aaron Philo,Georgia Tech,ACC,13,19,33,265,0,1,58.5,0.5757575757575758
5154302,David Lynch,Pittsburgh,ACC,13,5,7,43,0,1,22.5,0.7142857142857143
4870819,Eli Holstein,Pittsburgh,ACC,13,3,5,51,0,1,10.3,0.6
4683182,Nate Yarnell,Pittsburgh,ACC,13,11,23,96,1,1,22.9,0.4782608695652174
4360689,Tyler Shough,Louisville,ACC,13,17,28,293,2,0,88.6,0.6071428571428571
4429463,Jacolby Criswell,North Carolina,ACC,13,16,30,176,0,3,4.3,0.5333333333333333
4567707,Grayson James,Boston College,ACC,13,18,27,192,1,0,79.8,0.6666666666666666
4920153,William Watson III,Virginia Tech,ACC,13,12,25,146,0,1,62.7,0.48
4428439,Collin Schlee,Virginia Tech,ACC,13,3,7,67,1,0,36.7,0.42857142857142855
4685497,Maalik Murphy,Duke,ACC,13,17,35,332,3,3,66.7,0.4857142857142857
4688380,Cameron Ward,Miami,ACC,13,27,38,280,2,1,50.7,0.7105263157894737
4426499,Hank Bachmeier,Wake Forest,ACC,13,8,14,86,1,1,15.3,0.5714285714285714
4567031,Michael Kern,Wake Forest,ACC,13,1,3,13,0,0,15.8,0.3333333333333333
5084084,Kevin Jennings,SMU,ACC,13,25,33,323,2,1,89.6,0.7575757575757576
5044387,Anthony Colandrea,Virginia,ACC,13,18,27,108,1,0,30.3,0.6666666666666666
5079555,D.J. Lagway,Florida,SEC,14,14,22,133,2,1,37.2,0.6363636363636364
5079542,Luke Kromenhoek,Florida State,ACC,14,15,28,140,0,0,26.5,0.5357142857142857
4430841,Carson Beck,Georgia,SEC,14,28,43,297,5,0,82.2,0.6511627906976745
4428993,Haynes King,Georgia Tech,ACC,14,26,36,303,2,0,90.8,0.7222222222222222
5141378,Cutter Boley,Kentucky,SEC,14,6,15,48,0,2,0.8,0.4
4893657,Gavin Wimsatt,Kentucky,SEC,14,4,9,125,2,1,77.1,0.4444444444444444
4360689,Tyler Shough,Louisville,ACC,14,9,18,128,0,0,61.4,0.5
4875127,Lanorris Sellers,South Carolina,SEC,14,13,21,164,0,1,92.5,0.6190476190476191
4685413,Cade Klubnik,Clemson,ACC,14,24,36,280,0,1,89.6,0.6666666666666666
4432734,Jalen Milroe,Alabama,SEC,14,18,24,256,0,1,97.3,0.75
4710341,Jarquez Hunter,Auburn,SEC,14,0,1,0,0,1,0.0,0.0
4430590,Payton Thorne,Auburn,SEC,14,24,41,301,1,1,63.5,0.5853658536585366
4429435,Brady Cook,Missouri,SEC,14,10,20,168,0,0,78.3,0.5
4431325,Taylen Green,Arkansas,SEC,14,21,35,229,0,0,75.1,0.6
4890373,Bauer Sharp,Oklahoma,SEC,14,0,1,0,0,1,0.0,0.0
4870607,Jackson Arnold,Oklahoma,SEC,14,14,21,110,0,0,69.6,0.6666666666666666
4567747,Garrett Nussmeier,LSU,SEC,14,22,31,277,3,0,90.9,0.7096774193548387
5081405,AJ Swann,LSU,SEC,14,1,3,8,0,0,5.0,0.3333333333333333
5079620,Michael Van Buren Jr.,Mississippi State,SEC,14,17,32,280,1,2,57.3,0.53125
4569416,Nicholas Barr-Mira,Mississippi State,SEC,14,1,1,11,0,0,100.0,1.0
4689114,Jaxson Dart,Ole Miss,SEC,14,14,24,143,1,0,58.5,0.5833333333333334
4870799,Nico Iamaleava,Tennessee,SEC,14,18,26,257,4,1,90.8,0.6923076923076923
5089070,Richie Hoskins,Vanderbilt,SEC,14,0,1,0,0,0,4.5,0.0
5084180,Diego Pavia,Vanderbilt,SEC,14,8,17,104,1,1,46.7,0.47058823529411764
4889929,Quinn Ewers,Texas,SEC,14,17,28,218,1,1,79.1,0.6071428571428571
4870971,Marcel Reed,Texas A&M,SEC,14,16,23,146,0,1,61.7,0.6956521739130435
4838679,Ashton Daniels,Stanford,ACC,14,26,40,252,1,3,59.8,0.65
4432767,Preston Stone,SMU,ACC,14,4,4,75,1,0,98.2,1.0
5084084,Kevin Jennings,SMU,ACC,14,20,30,225,2,0,81.6,0.6666666666666666
4686788,CJ Harris,California,ACC,14,6,11,75,0,1,22.5,0.5454545454545454
4570554,Chandler Rogers,California,ACC,14,8,15,84,0,0,29.4,0.5333333333333333
5079555,D.J. Lagway,Florida,SEC,14,14,22,133,2,1,37.2,0.6363636363636364
5079542,Luke Kromenhoek,Florida State,ACC,14,15,28,140,0,0,26.5,0.5357142857142857
4430841,Carson Beck,Georgia,SEC,14,28,43,297,5,0,82.2,0.6511627906976745
4428993,Haynes King,Georgia Tech,ACC,14,26,36,303,2,0,90.8,0.7222222222222222
5141378,Cutter Boley,Kentucky,SEC,14,6,15,48,0,2,0.8,0.4
4893657,Gavin Wimsatt,Kentucky,SEC,14,4,9,125,2,1,77.1,0.4444444444444444
4360689,Tyler Shough,Louisville,ACC,14,9,18,128,0,0,61.4,0.5
5154302,David Lynch,Pittsburgh,ACC,14,1,2,3,0,0,5.5,0.5
4683182,Nate Yarnell,Pittsburgh,ACC,14,23,42,296,3,1,63.8,0.5476190476190477
4567707,Grayson James,Boston College,ACC,14,20,28,253,2,0,88.1,0.7142857142857143
4426499,Hank Bachmeier,Wake Forest,ACC,14,22,30,207,1,0,84.9,0.7333333333333333
4685497,Maalik Murphy,Duke,ACC,14,26,34,235,1,1,63.0,0.7647058823529411
4595341,Caleb Hood,North Carolina,ACC,14,1,1,2,0,0,21.5,1.0
4429463,Jacolby Criswell,North Carolina,ACC,14,18,33,273,3,0,72.2,0.5454545454545454
5079301,CJ Bailey,NC State,ACC,14,14,20,242,2,1,71.7,0.7
4688380,Cameron Ward,Miami,ACC,14,25,36,349,2,0,92.8,0.6944444444444444
4433971,Kyle McCord,Syracuse,ACC,14,26,36,380,3,0,90.9,0.7222222222222222
4875127,Lanorris Sellers,South Carolina,SEC,14,13,21,164,0,1,92.5,0.6190476190476191
4685413,Cade Klubnik,Clemson,ACC,14,24,36,280,0,1,89.6,0.6666666666666666
4920153,William Watson III,Virginia Tech,ACC,14,14,21,254,1,0,85.4,0.6666666666666666
4775264,Tony Muskett,Virginia,ACC,14,19,36,178,0,2,53.9,0.5277777777777778
