Rk,Player ID,Player,Team,Team_id,Conf,G,Cmp,Att,Cmp%,Yds,TD,TD%,Int,Int%,Y/A,AY/A,Y/C,Y/G,Rate,Awards,Player-additional
173,4427936,Grayson McCall,NC State,152,ACC,4,53,80,66.3,518,3,3.8,2,2.5,6.5,6.1,9.8,129.5,128,,grayson-mccall-1
105,4429582,Joe Fagnano,UConn,41,Ind,10,120,206,58.3,1631,20,9.7,4,1.9,7.9,8.99,13.6,163.1,152.9,,joe-fagnano-1
508,4431353,Xavier Restrepo,Miami,2390,ACC,12,0,1,0,0,0,0,0,0,0,0,,0,0,AA,xavier-restrepo-1
276,4431375,Ken Seals,TCU,2628,Big 12,6,10,13,76.9,97,1,7.7,0,0,7.5,9,9.7,16.2,165,,ken-seals-1
372,4431487,Savion Williams,TCU,2628,Big 12,12,3,3,100,22,1,33.3,0,0,7.3,14,7.3,1.8,271.6,,savion-williams-2
139,4433886,Tate Rodemaker,Southern Miss,2572,Sun Belt,9,98,164,59.8,985,7,4.3,7,4.3,6,4.94,10.1,109.4,115.8,,tate-rodemaker-1
322,4570242,Nick Nash,San José State,23,MWC,12,2,2,100,42,2,100,0,0,21,41,21,3.5,606.4,AA,nick-nash-1
93,4571364,Hajj-Malik Williams,UNLV,2439,MWC,13,150,252,59.5,1941,19,7.5,5,2,7.7,8.32,12.9,149.3,145.1,,hajj-malik-williams-1
361,4596336,Chandler Pittman,Southern Miss,2572,Sun Belt,10,1,1,100,25,0,0,0,0,25,25,25,2.5,310,,chandler-pittman-1
431,4678006,Elijah Arroyo,Miami,2390,ACC,13,1,1,100,7,1,100,0,0,7,27,7,0.5,488.8,,elijah-arroyo-1
24,4682518,Nick Vattiato,Middle Tennessee,2393,CUSA,12,269,418,64.4,3092,16,3.8,10,2.4,7.4,7.09,11.5,257.7,134.3,,nicholas-vattiato-1
451,4682927,Billy Wiles,App State,2026,Sun Belt,2,0,1,0,0,0,0,1,100,0,-45,,0,-200,,billy-wiles-1
134,4683182,Nate Yarnell,Pittsburgh,221,ACC,9,98,167,58.7,1056,10,6,5,3,6.3,6.17,10.8,117.3,125.6,,nate-yarnell-1
292,4683451,Cameron Friel,UNLV,2439,MWC,5,5,6,83.3,64,0,0,0,0,10.7,10.67,12.8,12.8,172.9,,cameron-friel-1
385,4683912,Hunter Herring,UL Monroe,2433,Sun Belt,8,1,2,50,19,0,0,0,0,9.5,9.5,19,2.4,129.8,,hunter-herring-1
7,4685401,Josh Hoover,TCU,2628,Big 12,13,313,471,66.5,3949,27,5.7,11,2.3,8.4,8.48,12.6,303.8,151.1,,josh-hoover-1
2,4688380,Cameron Ward,Miami,2390,ACC,13,305,454,67.2,4313,39,8.6,7,1.5,9.5,10.52,14.1,331.8,172.2,H-4AA,cameron-ward-1
67,4694149,Walker Eget,San José State,23,MWC,12,188,328,57.3,2504,13,4,10,3,7.6,7.05,13.3,208.7,128.4,,walker-eget-1
209,4695904,Matthew Sluka,UNLV,2439,MWC,3,21,48,43.8,318,6,12.5,1,2.1,6.6,8.19,15.1,106,136.5,,matthew-sluka-1
458,4696995,Connor Stutz,UConn,41,Ind,13,0,1,0,0,0,0,0,0,0,0,,0,0,,connor-stutz-1
466,4708049,Gavin Bartholomew,Pittsburgh,221,ACC,13,0,1,0,0,0,0,0,0,0,0,,0,0,,gavin-bartholomew-1
301,4708844,Marshall Nichols,UNLV,2439,MWC,14,1,1,100,52,0,0,0,0,52,52,52,3.7,536.8,,marshall-nichols-1
60,4709977,Brayden Schager,Hawai'i,62,MWC,11,233,403,57.8,2591,19,4.7,13,3.2,6.4,5.92,11.1,235.5,120.9,,brayden-schager-1
145,4755664,Nick Evers,UConn,41,Ind,9,97,180,53.9,918,5,2.8,5,2.8,5.1,4.41,9.5,102,100.3,,nick-evers-1
349,4870653,Kevin Concepcion,NC State,152,ACC,12,1,1,100,28,0,0,0,0,28,28,28,2.3,335.2,,kevin-concepcion-2
83,4870819,Eli Holstein,Pittsburgh,221,ACC,10,180,291,61.9,2228,17,5.8,7,2.4,7.7,7.74,12.4,222.8,140.6,,eli-holstein-1
479,4873237,Kaedin Robinson,App State,2026,Sun Belt,9,0,1,0,0,0,0,1,100,0,-45,,0,-200,,kaedin-robinson-1
291,4875128,Lex Thomas,NC State,152,ACC,2,5,8,62.5,65,1,12.5,1,12.5,8.1,5,13,32.5,147,,lex-thomas-1
380,4875866,Reese Poffenbarger,Miami,2390,ACC,4,6,7,85.7,20,0,0,0,0,2.9,2.86,3.3,5,109.7,,reese-poffenbarger-1
439,4880229,Caleb Junko,Pittsburgh,221,ACC,13,1,1,100,3,0,0,0,0,3,3,3,0.2,125.2,,caleb-junko-1
482,4888886,Kenyon Clay,Southern Miss,2572,Sun Belt,12,0,1,0,0,0,0,0,0,0,0,,0,0,,kenyon-clay-1
150,4920193,Ethan Crawford,Southern Miss,2572,Sun Belt,8,50,120,41.7,849,0,0,7,5.8,7.1,4.45,17,106.1,89.4,,ethan-crawford-2
321,5075571,John-Keawe Sagapolutele,Hawai'i,62,MWC,5,4,7,57.1,42,0,0,2,28.6,6,-6.86,10.5,8.4,50.4,,john-keawe-sagapolutele-1
243,5075800,Emory Williams,Miami,2390,ACC,2,16,26,61.5,187,1,3.8,1,3.8,7.2,6.23,11.7,93.5,127,,emory-williams-1
382,5077806,Tucker McDonald,UConn,41,Ind,3,3,5,60,20,0,0,0,0,4,4,6.7,6.7,93.6,,tucker-mcdonald-1
75,5079301,CJ Bailey,NC State,152,ACC,12,196,302,64.9,2413,17,5.6,10,3.3,8,7.63,12.3,201.1,144,,cj-bailey-2
228,5079628,John White,Southern Miss,2572,Sun Belt,4,17,31,54.8,240,0,0,3,9.7,7.7,3.39,14.1,60,100.5,,john-white-14
418,5079762,Cole Welliver,UConn,41,Ind,1,2,4,50,10,0,0,0,0,2.5,2.5,5,10,71,,cole-welliver-1
213,5081925,General Booty,UL Monroe,2433,Sun Belt,7,29,54,53.7,306,2,3.7,2,3.7,5.7,4.74,10.6,43.7,106.1,,general-booty-1
108,5085112,Emmett Brown,San José State,23,MWC,9,125,217,57.6,1621,16,7.4,5,2.3,7.5,7.91,13,180.1,140.1,,emmett-brown-1
161,5101124,Micah Alejado,Hawai'i,62,MWC,4,49,70,70,585,6,8.6,0,0,8.4,10.07,11.9,146.3,168.5,,micah-alejado-1
126,5122054,Aidan Armenta,UL Monroe,2433,Sun Belt,12,104,190,54.7,1292,9,4.7,10,5.3,6.8,5.38,12.4,107.7,117,,aiden-armenta-1
320,5125768,DeAngelo Irvin Jr.,UNLV,2439,MWC,13,1,1,100,42,0,0,0,0,42,42,42,3.2,452.8,,deangelo-irvin-jr-1
30,5151948,Joey Aguilar,App State,2026,Sun Belt,11,218,390,55.9,3003,23,5.9,14,3.6,7.7,7.26,13.8,273,132.9,,joey-aguilar-1
271,5154302,David Lynch,Pittsburgh,221,ACC,3,16,27,59.3,111,0,0,3,11.1,4.1,-0.89,6.9,37,71.6,,david-lynch-1
284,5155864,Julian Dugger,Pittsburgh,221,ACC,1,7,13,53.8,72,2,15.4,1,7.7,5.5,5.15,10.3,72,135.8,,julian-dugger-1
325,5194626,Roman Gagliano,Middle Tennessee,2393,CUSA,3,4,9,44.4,41,0,0,0,0,4.6,4.56,10.3,13.7,82.7,,roman-gagliano-1
51,4430590,Payton Thorne,Auburn,2,SEC,11,199,317,62.8,2713,21,6.6,9,2.8,8.6,8.61,13.6,246.6,150.8,,payton-thorne-1
473,4710341,Jarquez Hunter,Auburn,2,SEC,12,0,1,0,0,0,0,1,100,0,-45,,0,-200,,jarquez-hunter-1
337,4714300,Holden Geriner,Auburn,2,SEC,2,2,2,100,33,0,0,0,0,16.5,16.5,16.5,16.5,238.6,,holden-geriner-1
396,5079764,Walker White,Auburn,2,SEC,1,2,5,40,18,0,0,0,0,3.6,3.6,9,18,70.2,,walker-white-1
197,5089314,Hank Brown,Auburn,2,SEC,4,27,43,62.8,403,6,14,3,7,9.4,9.02,14.9,100.8,173.6,,hank-brown-1
154,4426417,Jacob Zeno,UAB,5,American,4,82,118,69.5,819,6,5.1,5,4.2,6.9,6.05,10,204.8,136.1,,jacob-zeno-1
84,4565187,Jalen Kitna,UAB,5,American,8,196,316,62,2209,17,5.4,11,3.5,7,6.5,11.3,276.1,131.5,,jalen-kitna-1
312,4689652,Harrison Barker,UAB,5,American,4,3,3,100,49,1,33.3,0,0,16.3,23,16.3,12.3,347.2,,harrison-barker-1
286,4912286,Iverson Hooks,UAB,5,American,12,1,1,100,71,0,0,0,0,71,71,71,5.9,696.4,,iverson-hooks-1
500,5081178,Trace Campbell,UAB,5,American,6,0,1,0,0,0,0,0,0,0,0,,0,0,,trace-campbell-2
511,5197123,Nate Rogers,UAB,5,American,1,1,1,100,-9,0,0,0,0,-9,-9,-9,-9,24.4,,nate-rogers-1
158,4869553,Bishop Davenport,South Alabama,6,Sun Belt,11,48,79,60.8,606,3,3.8,1,1.3,7.7,7.86,12.6,55.1,135.2,,bishop-davenport-2
61,4920227,Giovanni Lopez,South Alabama,6,Sun Belt,11,206,312,66,2559,18,5.8,5,1.6,8.2,8.63,12.4,232.6,150.8,,gio-lopez-1
21,4431325,Taylen Green,Arkansas,8,SEC,13,230,381,60.4,3154,15,3.9,9,2.4,8.3,8,13.7,242.6,138.2,,taylen-green-1
201,4870999,Malachi Singleton,Arkansas,8,SEC,5,21,28,75,358,1,3.6,0,0,12.8,13.5,17,71.6,194.2,,malachi-singleton-1
296,5079516,KJ Jackson,Arkansas,8,SEC,1,4,4,100,59,0,0,0,0,14.8,14.75,14.8,59,223.9,,kj-jackson-1
253,4429066,Jeff Sims,Arizona State,9,Big 12,4,13,25,52,168,0,0,0,0,6.7,6.72,12.9,42,108.4,,jeff-sims-1
288,4569184,Trenton Bourguet,Arizona State,9,Big 12,2,2,3,66.7,71,1,33.3,0,0,23.7,30.33,35.5,35.5,375.5,,trenton-bourguet-1
319,4696981,Cameron Skattebo,Arizona State,9,Big 12,13,1,2,50,42,1,50,0,0,21,31,42,3.2,391.4,H-5,cameron-skattebo-1
36,5078810,Sam Leavitt,Arizona State,9,Big 12,13,216,350,61.7,2885,24,6.9,6,1.7,8.2,8.84,13.4,221.9,150.2,,sam-leavitt-1
314,5147726,Kanyon Floyd,Arizona State,9,Big 12,14,2,2,100,47,0,0,0,0,23.5,23.5,23.5,3.4,297.4,,kanyon-floyd-1
405,4685472,Tetairoa McMillan,Arizona,12,Big 12,12,1,2,50,14,0,0,0,0,7,7,14,1.2,108.8,AA,tetairoa-mcmillan-1
31,4801717,Noah Fifita,Arizona,12,Big 12,12,260,430,60.5,2958,18,4.2,12,2.8,6.9,6.46,11.4,246.5,126.5,,noah-fifita-1
440,5086627,Cole Tannenbaum,Arizona,12,Big 12,4,1,5,20,3,0,0,1,20,0.6,-8.4,3,0.8,-15,,cole-tannenbaum-1
375,4685116,D.J. Herman,San Diego State,21,MWC,12,1,1,100,21,0,0,0,0,21,21,21,1.8,276.4,,dj-herman-1
398,4694308,Tyler Pastula,San Diego State,21,MWC,12,3,3,100,17,0,0,0,0,5.7,5.67,5.7,1.4,147.6,,tyler-pastula-1
352,4918108,Jordan Napier,San Diego State,21,MWC,12,1,2,50,27,1,50,0,0,13.5,23.5,27,2.3,328.4,,jordan-napier-1
234,4920196,Javance Tupou'ata-Johnson,San Diego State,21,MWC,4,20,39,51.3,222,2,5.1,2,5.1,5.7,4.41,11.1,55.5,105.8,,javance-tupouata-johnson-1
85,5126474,Danny O'Neil,San Diego State,21,MWC,11,209,330,63.3,2181,12,3.6,6,1.8,6.6,6.52,10.4,198.3,127.2,,danny-oneil-2
215,4684502,Justin Lamson,Stanford,24,ACC,12,24,47,51.1,300,4,8.5,2,4.3,6.4,6.17,12.5,25,124.3,,justin-lamson-1
459,4686997,Connor Weselman,Stanford,24,ACC,12,0,1,0,0,0,0,0,0,0,0,,0,0,,connor-weselman-1
222,4715474,Elijah Brown,Stanford,24,ACC,3,28,48,58.3,274,2,4.2,3,6.3,5.7,3.73,9.8,91.3,107.5,,elijah-brown-5
103,4838679,Ashton Daniels,Stanford,24,ACC,11,170,271,62.7,1700,10,3.7,12,4.4,6.3,5.02,10,154.5,118.7,,ashton-daniels-1
376,5143191,Micah Ford,Stanford,24,ACC,9,2,2,100,21,2,100,0,0,10.5,30.5,10.5,2.3,518.2,,micah-ford-1
268,4570554,Chandler Rogers,California,25,ACC,8,12,25,48,117,0,0,0,0,4.7,4.68,9.8,14.6,87.3,,chandler-rogers-3
244,4685965,CJ Harris,California,25,ACC,2,19,31,61.3,184,0,0,1,3.2,5.9,4.48,9.7,92,104.7,,cj-harris-2
29,4837248,Fernando Mendoza,California,25,ACC,11,265,386,68.7,3004,16,4.1,6,1.6,7.8,7.91,11.3,273.1,144.6,,fernando-mendoza-1
491,4921306,Mikey Matthews,California,25,ACC,13,0,1,0,0,0,0,0,0,0,0,,0,0,,mikey-matthews-1
299,5110101,EJ Caminong,California,25,ACC,1,6,19,31.6,57,0,0,0,0,3,3,9.5,57,56.8,,ej-caminong-1
48,4429068,Ethan Garbers,UCLA,26,Big Ten,11,235,363,64.7,2727,16,4.4,11,3,7.5,7.03,11.6,247.9,136.3,,ethan-garbers-1
247,4685435,Justyn Martin,UCLA,26,Big Ten,3,24,35,68.6,179,1,2.9,0,0,5.1,5.69,7.5,59.7,121,,justyn-martin-1
63,4431580,Miller Moss,USC,30,Big Ten,9,233,362,64.4,2555,18,5,9,2.5,7.1,6.93,11,283.9,135.1,,miller-moss-1
484,4432784,Kyron Ware-Hudson,USC,30,Big Ten,12,0,1,0,0,0,0,0,0,0,0,,0,0,,kyron-ware-hudson-1
128,4685454,Jayden Maiava,USC,30,Big Ten,7,101,169,59.8,1201,11,6.5,6,3.6,7.1,6.81,11.9,171.6,133.8,,jayden-maiava-1
330,4870795,Makai Lemon,USC,30,Big Ten,12,1,1,100,39,0,0,0,0,39,39,39,3.3,427.6,,makai-lemon-1
367,4572525,Kobe Johnson,Colorado State,36,MWC,13,1,1,100,23,1,100,0,0,23,43,23,1.8,623.2,,kobe-johnson-1
384,4591746,Dane Olson,Colorado State,36,MWC,13,2,3,66.7,19,1,33.3,0,0,6.3,13,9.5,1.5,229.9,,dane-olson-1
45,4833597,Brayden Fowler-Nicolosi,Colorado State,36,MWC,13,230,380,60.5,2796,14,3.7,9,2.4,7.4,7.03,12.2,215.1,129.8,,brayden-fowler-nicolosi-1
402,5054036,Jackson Brousseau,Colorado State,36,MWC,1,3,6,50,15,0,0,1,16.7,2.5,-5,5,15,37.7,,jackson-brousseau-1
4,4432762,Shedeur Sanders,Colorado,38,Big 12,13,353,477,74,4134,37,7.8,10,2.1,8.7,9.27,11.7,318,168.2,H-8,shedeur-sanders-1
496,4917093,Ryan Staub,Colorado,38,Big 12,4,0,4,0,0,0,0,0,0,0,0,,0,0,,ryan-staub-1
133,4429020,D.J. Uiagalelei,Florida State,52,ACC,5,84,156,53.8,1065,4,2.6,6,3.8,6.8,5.61,12.7,213,112,,dj-uiagalelei-1
159,4920158,Brock Glenn,Florida State,52,ACC,7,51,114,44.7,597,4,3.5,5,4.4,5.2,3.96,11.7,85.3,91.5,,brock-glenn-1
175,5079542,Luke Kromenhoek,Florida State,52,ACC,6,44,84,52.4,502,3,3.6,2,2.4,6,5.62,11.4,83.7,109.6,,luke-kromenhoek-1
264,4431397,Logan Smothers,Jacksonville State,55,CUSA,7,11,19,57.9,123,0,0,0,0,6.5,6.47,11.2,17.6,112.3,,logan-smothers-1
64,4574356,Tyler Huff,Jacksonville State,55,CUSA,14,178,293,60.8,2543,14,4.8,7,2.4,8.7,8.56,14.3,181.6,144.6,,tyler-huff-1
509,4685697,Zion Turner,Jacksonville State,55,CUSA,1,0,1,0,0,0,0,0,0,0,0,,0,0,,zion-turner-1
155,4426335,Graham Mertz,Florida,57,SEC,5,72,94,76.6,791,6,6.4,2,2.1,8.4,8.73,11,158.2,164.1,,graham-mertz-1
95,5079555,D.J. Lagway,Florida,57,SEC,12,115,192,59.9,1915,12,6.3,9,4.7,10,9.11,16.7,159.6,154.9,,dj-lagway-1
231,5155039,Aidan Warner,Florida,57,SEC,6,21,50,42,228,0,0,3,6,4.6,1.86,10.9,38,68.3,,aidan-warner-1
410,4571563,Sean Atkins,South Florida,58,American,13,1,3,33.3,12,1,33.3,0,0,4,10.67,12,0.9,176.9,,sean-atkins-1
96,4806463,Bryce Archie,South Florida,58,American,12,172,290,59.3,1914,9,3.1,10,3.4,6.6,5.67,11.1,159.5,118.1,,bryce-archie-1
151,4880272,Byrum Brown,South Florida,58,American,6,78,132,59.1,836,2,1.5,0,0,6.3,6.64,10.7,139.3,117.3,,byrum-brown-1
239,4923050,Israel Carter,South Florida,58,American,4,11,14,78.6,195,4,28.6,0,0,13.9,19.64,17.7,48.8,289.9,,israel-carter-1
87,4428993,Haynes King,Georgia Tech,59,ACC,11,196,269,72.9,2114,14,5.2,2,0.7,7.9,8.57,10.8,192.2,154.6,,haynes-king-1
196,4746127,Zach Pyron,Georgia Tech,59,ACC,10,35,65,53.8,409,2,3.1,3,4.6,6.3,4.83,11.7,40.9,107.6,,zach-pyron-1
163,5132812,Aaron Philo,Georgia Tech,59,ACC,5,38,74,51.4,565,1,1.4,2,2.7,7.6,6.69,14.9,113,114.5,,aaron-philo-1
13,4430841,Carson Beck,Georgia,61,SEC,13,290,448,64.7,3485,28,6.3,12,2.7,7.8,7.82,12,268.1,145.3,,carson-beck-1
186,4685578,Gunner Stockton,Georgia,61,SEC,5,45,64,70.3,440,1,1.6,1,1.6,6.9,6.48,9.8,88,130.1,,gunner-stockton-1
423,4896304,Drew Bobo,Georgia,61,SEC,14,1,1,100,9,0,0,0,0,9,9,9,0.6,175.6,,drew-bobo-1
475,4586312,Jaylin Noel,Iowa State,66,Big 12,14,0,2,0,0,0,0,0,0,0,0,,0,0,,jaylin-noel-1
11,4801299,Rocco Becht,Iowa State,66,Big 12,14,271,456,59.4,3505,25,5.5,9,2,7.7,7.89,12.9,250.4,138.1,,rocco-becht-1
356,5077502,Carson Hansen,Iowa State,66,Big 12,14,1,1,100,26,0,0,0,0,26,26,26,1.9,318.4,,carson-hansen-1
310,5140620,Connor Moberly,Iowa State,66,Big 12,4,5,10,50,49,0,0,1,10,4.9,0.4,9.8,12.3,71.2,,connor-moberly-1
28,4870513,Maddux Madsen,Boise State,68,MWC,14,247,396,62.4,3018,23,5.8,6,1.5,7.6,8.1,12.2,215.6,142.5,,maddux-madsen-1
260,4870928,Malachi Nelson,Boise State,68,MWC,3,12,17,70.6,128,0,0,1,5.9,7.5,4.88,10.7,42.7,122.1,,malachi-nelson-1
407,5160730,Max Cutforth,Boise State,68,MWC,2,2,2,100,13,0,0,0,0,6.5,6.5,6.5,6.5,154.6,,max-cutforth-1
266,4426657,Ryan Hilinski,Northwestern,77,Big Ten,4,9,15,60,121,0,0,1,6.7,8.1,5.07,13.4,30.3,114.4,,ryan-hilinski-1
202,4433932,Mike Wright,Northwestern,77,Big Ten,3,38,66,57.6,354,0,0,1,1.5,5.4,4.68,9.3,118,99.6,,mike-wright-8
457,4710673,CJ Johnson II,Northwestern,77,Big Ten,12,0,1,0,0,0,0,0,0,0,0,,0,0,,cj-johnson-ii-1
102,4911961,Jack Lausch,Northwestern,77,Big Ten,10,159,296,53.7,1714,7,2.4,8,2.7,5.8,5.05,10.8,171.4,104.8,,jack-lausch-1
323,5193492,Ryan Boe,Northwestern,77,Big Ten,1,4,13,30.8,42,0,0,1,7.7,3.2,-0.23,10.5,42,42.5,,ryan-boe-1
504,4367069,Ty Son Lawton,Indiana,84,Big Ten,13,0,1,0,0,0,0,0,0,0,0,,0,0,,ty-son-lawton-2
477,4429618,Justice Ellison,Indiana,84,Big Ten,13,0,1,0,0,0,0,0,0,0,0,,0,0,,justice-ellison-1
27,4430431,Kurtis Rourke,Indiana,84,Big Ten,12,222,320,69.4,3042,29,9.1,5,1.6,9.5,10.62,13.7,253.5,176,H-9,kurtis-rourke-1
204,4801307,Tayven Jackson,Indiana,84,Big Ten,7,23,37,62.2,349,4,10.8,1,2.7,9.4,10.38,15.2,49.9,171.7,,tayven-jackson-1
433,5191162,Alberto Mendoza,Indiana,84,Big Ten,1,1,1,100,6,0,0,0,0,6,6,6,6,150.4,,alberto-mendoza-1
369,4431513,Tyler Buchner,Notre Dame,87,Ind,2,1,1,100,23,0,0,0,0,23,23,23,11.5,293.2,,tyler-buchner-1
38,4683423,Riley Leonard,Notre Dame,87,Ind,16,269,403,66.7,2861,21,5.2,8,2,7.1,7.25,10.6,178.8,139.6,,riley-leonard-1
224,4685694,Steven Angeli,Notre Dame,87,Ind,11,24,36,66.7,268,3,8.3,0,0,7.4,9.11,11.2,24.4,156.7,,steve-angeli-1
403,4880369,Davis Sherwood,Notre Dame,87,Ind,15,1,1,100,14,0,0,0,0,14,14,14,0.9,217.6,,davis-sherwood-1
438,4918099,Kenny Minchey,Notre Dame,87,Ind,1,1,1,100,4,0,0,0,0,4,4,4,4,133.6,,kenny-minchey-1
111,4432782,Brock Vandagriff,Kentucky,96,SEC,11,125,218,57.3,1593,10,4.6,8,3.7,7.3,6.57,12.7,144.8,126.5,,brock-vandagriff-1
507,4683967,Wilson Berry,Kentucky,96,SEC,12,0,1,0,0,0,0,1,100,0,-45,,0,-200,,wilson-berry-1
217,4893657,Gavin Wimsatt,Kentucky,96,SEC,8,16,39,41,287,3,7.7,4,10.3,7.4,4.28,17.9,35.9,107.7,,gavin-wimsatt-1
205,5141378,Cutter Boley,Kentucky,96,SEC,4,26,53,49.1,338,2,3.8,4,7.5,6.4,3.74,13,84.5,100,,cutter-boley-1
20,4360689,Tyler Shough,Louisville,97,ACC,12,244,389,62.7,3195,23,5.9,6,1.5,8.2,8.7,13.1,266.3,148.1,,tyler-shough-1
232,4429145,Harrison Bailey,Louisville,97,ACC,5,24,33,72.7,227,3,9.1,0,0,6.9,8.7,9.5,45.4,160.5,,harrison-bailey-1
414,4870636,Pierce Clarkson,Louisville,97,ACC,2,3,4,75,11,0,0,0,0,2.8,2.75,3.7,5.5,98.1,,pierce-clarkson-1
272,4428527,Dalvin Smith,Western Kentucky,98,CUSA,14,3,4,75,107,2,50,0,0,26.8,36.75,35.7,7.6,464.7,,dalvin-smith-1
177,4431948,TJ Finley,Western Kentucky,98,CUSA,3,48,75,64,490,1,1.3,2,2.7,6.5,5.6,10.2,163.3,117.9,,tj-finley-1
463,4433945,Elijah Young,Western Kentucky,98,CUSA,14,0,1,0,0,0,0,0,0,0,0,,0,0,,elijah-young-1
23,4869991,Caden Veltkamp,Western Kentucky,98,CUSA,13,258,389,66.3,3108,25,6.4,10,2.6,8,8.12,12,239.1,149.5,,caden-veltkamp-1
5,4567747,Garrett Nussmeier,LSU,99,SEC,13,337,525,64.2,4052,29,5.5,12,2.3,7.7,7.79,12,311.7,142.7,,garrett-nussmeier-1
335,4870645,Rickie Collins,LSU,99,SEC,3,5,5,100,35,0,0,0,0,7,7,7,11.7,158.8,,rickie-collins-1
416,5081405,AJ Swann,LSU,99,SEC,2,2,4,50,10,0,0,0,0,2.5,2.5,5,5,71,,aj-swann-1
127,4567707,Grayson James,Boston College,103,ACC,6,106,166,63.9,1202,6,3.6,2,1.2,7.2,7.42,11.3,200.3,134.2,,grayson-james-1
121,4773919,Thomas Castellanos,Boston College,103,ACC,8,99,161,61.5,1366,18,11.2,5,3.1,8.5,9.32,13.8,170.8,163.4,,thomas-castellanos-1
366,4949488,Jacobe Robinson,Boston College,103,ACC,2,2,3,66.7,23,0,0,0,0,7.7,7.67,11.5,11.5,131.1,,jacobe-robinson-1
112,4426430,Taisun Phommachanh,Massachusetts,113,Ind,9,132,234,56.4,1590,8,3.4,6,2.6,6.8,6.32,12,176.7,119.6,,taisun-phommachanh-1
327,4870757,Ahmad Haston,Massachusetts,113,Ind,5,8,9,88.9,39,0,0,0,0,4.3,4.33,4.9,7.8,125.3,,ahmad-haston-1
180,5146355,AJ Hairston,Massachusetts,113,Ind,4,40,73,54.8,480,5,6.8,0,0,6.6,7.95,12,120,132.6,,aj-hairston-1
285,5218971,Will Perry,Massachusetts,113,Ind,1,7,11,63.6,72,1,9.1,0,0,6.5,8.36,10.3,72,148.6,,will-perry-1
37,4592532,Billy Edwards,Maryland,120,Big Ten,11,273,420,65,2881,15,3.6,9,2.1,6.9,6.61,10.6,261.9,130.1,,billy-edwards-jr-1
203,4685488,MJ Morris,Maryland,120,Big Ten,7,36,61,59,350,5,8.2,5,8.2,5.7,3.69,9.7,50,117.9,,mj-morris-1
289,4870712,Cameron Edge,Maryland,120,Big Ten,2,5,8,62.5,67,1,12.5,0,0,8.4,10.88,13.4,33.5,174.1,,cameron-edge-1
417,5150663,Champ Long,Maryland,120,Big Ten,1,1,2,50,10,0,0,0,0,5,5,10,10,92,,champ-long-1
236,4579073,Tommy Schuster,Michigan State,127,Big Ten,5,20,29,69,202,0,0,0,0,7,6.97,10.1,40.4,127.5,,tommy-schuster-1
74,5075805,Aidan Chiles,Michigan State,127,Big Ten,12,192,323,59.4,2415,13,4,11,3.4,7.5,6.75,12.6,201.3,128.7,,aidan-chiles-1
447,5146670,Alessio Milivojevic,Michigan State,127,Big Ten,1,0,1,0,0,0,0,1,100,0,-45,,0,-200,,alessio-milivojevic-1
214,4361025,Jack Tuttle,Michigan,130,Big Ten,2,30,50,60,306,1,2,2,4,6.1,4.72,10.2,153,110,,jack-tuttle-1
364,4431536,Donovan Edwards,Michigan,130,Big Ten,12,1,1,100,23,1,100,0,0,23,43,23,1.9,623.2,,donovan-edwards-1
257,4685495,Alex Orji,Michigan,130,Big Ten,11,25,47,53.2,150,3,6.4,2,4.3,3.2,2.55,6,13.6,92.6,,alex-orji-1
129,4878681,Davis Warren,Michigan,130,Big Ten,9,134,209,64.1,1199,7,3.3,9,4.3,5.7,4.47,8.9,133.2,114.7,,davis-warren-1
497,4899366,Semaj Morgan,Michigan,130,Big Ten,11,0,1,0,0,0,0,0,0,0,0,,0,0,,semaj-morgan-1
41,4573398,Max Brosmer,Minnesota,135,Big Ten,13,268,403,66.5,2828,18,4.5,6,1.5,7,7.24,10.6,217.5,137.2,,max-brosmer-1
419,4920901,Darius Taylor,Minnesota,135,Big Ten,12,1,1,100,10,1,100,0,0,10,30,10,0.8,514,,darius-taylor-1
308,5144959,Drake Lindsey,Minnesota,135,Big Ten,3,4,5,80,50,1,20,0,0,10,14,12.5,16.7,230,,drake-lindsey-1
199,4429088,Drew Pyne,Missouri,142,SEC,6,49,82,59.8,391,3,3.7,3,3.7,4.8,3.85,8,65.2,104.6,,drew-pyne-1
65,4429435,Brady Cook,Missouri,142,SEC,12,201,321,62.6,2535,11,3.4,2,0.6,7.9,8.3,12.6,211.3,139,,brady-cook-1
489,5076106,Marquis Johnson,Missouri,142,SEC,12,0,1,0,0,0,0,0,0,0,0,,0,0,,marquis-johnson-3
453,4570688,Caden Davis,Ole Miss,145,SEC,13,0,1,0,0,0,0,1,100,0,-45,,0,-200,,caden-davis-1
506,4685391,Walker Howard,Ole Miss,145,SEC,2,0,2,0,0,0,0,0,0,0,0,,0,0,,walker-howard-1
3,4689114,Jaxson Dart,Ole Miss,145,SEC,13,276,398,69.3,4279,29,7.3,6,1.5,10.8,11.53,15.5,329.2,180.7,,jaxson-dart-1
219,5141684,Austin Simmons,Ole Miss,145,SEC,9,19,32,59.4,282,2,6.3,0,0,8.8,10.06,14.8,31.3,154,,austin-simmons-2
227,4685252,Henry Belin IV,Duke,150,ACC,4,26,45,57.8,243,2,4.4,1,2.2,5.4,5.29,9.3,60.8,113.4,,henry-belvin-iv-1
78,4685497,Maalik Murphy,Duke,150,ACC,10,207,349,59.3,2363,21,6,9,2.6,6.8,6.81,11.4,236.3,130.9,,maalik-murphy-1
162,4685497,Maalik Murphy,Duke,150,ACC,2,47,72,65.3,570,5,6.9,3,4.2,7.9,7.43,12.1,285,146.4,,maalik-murphy-2
472,4708487,Jaquez Moore,Duke,150,ACC,5,0,1,0,0,0,0,0,0,0,0,,0,0,,jaquez-moore-1
119,4432703,Jake Garcia,East Carolina,151,American,6,109,181,60.2,1426,8,4.4,12,6.6,7.9,5.78,13.1,237.7,127.7,,jake-garcia-1
449,4685110,Anthony Smith,East Carolina,151,American,13,0,1,0,0,0,0,0,0,0,0,,0,0,,anthony-smith-14
92,4795295,Katin Houser,East Carolina,151,American,9,149,245,60.8,2006,18,7.3,11,4.5,8.2,7.64,13.5,222.9,144.9,,katin-houser-1
68,4429463,Jacolby Criswell,North Carolina,153,ACC,12,186,320,58.1,2459,15,4.7,6,1.9,7.7,7.78,13.2,204.9,134.4,,jacolby-criswell-1
383,4595341,Caleb Hood,North Carolina,153,ACC,5,2,3,66.7,19,1,33.3,0,0,6.3,13,9.5,3.8,229.9,,caleb-hood-1
287,4685740,Max Johnson,North Carolina,153,ACC,1,12,19,63.2,71,0,0,1,5.3,3.7,1.37,5.9,71,84,,max-johnson-2
220,4801306,Conner Harrell,North Carolina,153,ACC,6,21,37,56.8,282,2,5.4,1,2.7,7.6,7.49,13.4,47,133.2,,conner-harrell-1
280,5144313,Michael Merdinger,North Carolina,153,ACC,1,9,12,75,86,0,0,1,8.3,7.2,3.42,9.6,86,118.5,,michael-merdinger-1
59,4426499,Hank Bachmeier,Wake Forest,154,ACC,12,224,357,62.7,2593,16,4.5,10,2.8,7.3,6.9,11.6,216.1,132.9,,hank-bachmeier-1
216,4567031,Michael Kern,Wake Forest,154,ACC,6,24,45,53.3,288,1,2.2,3,6.7,6.4,3.84,12,48,101.1,,michael-kern-1
498,4567044,Taylor Morin,Wake Forest,154,ACC,12,0,1,0,0,0,0,0,0,0,0,,0,0,,taylor-morin-1
331,4570906,Brian Buschini,Nebraska,158,Big Ten,13,2,2,100,38,0,0,0,0,19,19,19,2.9,259.6,,brian-buschini-1
274,4683263,Heinrich Haarberg,Nebraska,158,Big Ten,12,10,18,55.6,101,0,0,1,5.6,5.6,3.11,10.1,8.4,91.6,,heinrich-haarberg-1
42,5079572,Dylan Raiola,Nebraska,158,Big Ten,13,275,410,67.1,2819,13,3.2,11,2.7,6.9,6.3,10.3,216.8,129.9,,dylan-raiola-1
412,5163745,Jalyn Gramstad,Nebraska,158,Big Ten,1,1,3,33.3,11,0,0,0,0,3.7,3.67,11,11,64.1,,jalyn-gramstad-1
54,4432722,Athan Kaliakmanis,Rutgers,164,Big Ten,13,213,395,53.9,2696,18,4.6,7,1.8,6.8,6.94,12.7,207.4,122.8,,athan-kaliakmanis-1
341,4429191,Deuce Hogan,New Mexico State,166,CUSA,2,6,18,33.3,31,0,0,2,11.1,1.7,-3.28,5.2,15.5,25.6,,deuce-hogan-1
172,4570743,Santino Marucci,New Mexico State,166,CUSA,7,49,112,43.8,519,3,2.7,5,4.5,4.6,3.16,10.6,74.1,82.6,,santino-marucci-1
278,5220782,Brandon Nunez,New Mexico State,166,CUSA,6,12,30,40,89,2,6.7,1,3.3,3,2.8,7.4,14.8,80.3,,brandon-nunez-1
132,5220783,Parker Awad,New Mexico State,166,CUSA,7,74,160,46.3,1079,7,4.4,4,2.5,6.7,6.49,14.6,154.1,112.3,,parker-awad-1
47,5105849,Devon Dampier,New Mexico,167,MWC,12,226,390,57.9,2768,12,3.1,12,3.1,7.1,6.33,12.2,230.7,121.6,,devon-dampier-1
1,4433971,Kyle McCord,Syracuse,183,ACC,13,391,592,66,4779,34,5.7,12,2,8.1,8.31,12.2,367.6,148.8,H-10,kyle-mccord-1
342,4570048,Michael Johnson Jr.,Syracuse,183,ACC,1,2,3,66.7,31,0,0,0,0,10.3,10.33,15.5,31,153.5,,michael-johnson-jr-1
501,4575862,Trebor Pena,Syracuse,183,ACC,13,0,1,0,0,0,0,0,0,0,0,,0,0,,trebor-pena-1
26,4426444,Connor Bazelak,Bowling Green,189,MAC,13,269,402,66.9,3044,18,4.5,5,1.2,7.6,7.91,11.3,234.2,142.8,,connor-bazelak-1
318,4431246,Baron May,Bowling Green,189,MAC,1,1,1,100,43,1,100,0,0,43,63,43,43,791.2,,baron-may-1
425,5083076,Harold Fannin,Bowling Green,189,MAC,13,1,2,50,9,0,0,0,0,4.5,4.5,9,0.7,87.8,AA,harold-fannin-jr-1
478,5084054,Justin Pegues,Bowling Green,189,MAC,13,0,1,0,0,0,0,0,0,0,0,,0,0,,justin-pegues-1
340,5151218,Lucian Anderson III,Bowling Green,189,MAC,8,5,12,41.7,32,1,8.3,1,8.3,2.7,0.58,6.4,4,74.9,,lucian-anderson-iii-1
33,4427243,Brett Gabbert,Miami (OH),193,MAC,14,217,379,57.3,2921,21,5.5,11,2.9,7.7,7.51,13.5,208.6,134.5,,brett-gabbert-1
277,4701307,Henry Hesson,Miami (OH),193,MAC,5,7,17,41.2,93,1,5.9,0,0,5.5,6.65,13.3,18.6,106.5,,henry-hesson-1
446,4701312,Alec Bevelhimer,Miami (OH),193,MAC,14,0,1,0,0,0,0,1,100,0,-45,,0,-200,,alec-bevelhimer-1
344,4831976,Javon Tracy,Miami (OH),193,MAC,13,1,1,100,30,1,100,0,0,30,50,30,2.3,682,,javon-tracy-1
6,4429955,Will Howard,Ohio State,194,Big Ten,16,309,423,73,4010,35,8.3,10,2.4,9.5,10.07,13,250.6,175.3,,will-howard-2
269,4695709,Devin Brown,Ohio State,194,Big Ten,9,11,20,55,114,1,5,0,0,5.7,6.7,10.4,12.7,119.4,,devin-brown-2
281,5079712,Julian Sayin,Ohio State,194,Big Ten,4,5,12,41.7,84,1,8.3,0,0,7,8.67,16.8,21,128,,julian-sayin-1
73,4610131,Parker Navarro,Ohio,195,MAC,13,195,295,66.1,2423,13,4.4,11,3.7,8.2,7.42,12.4,186.4,142.2,,parker-navarro-1
223,5228762,Nick Poulos,Ohio,195,MAC,8,22,49,44.9,271,2,4.1,1,2,5.5,5.43,12.3,33.9,100.7,,nick-poulos-1
72,4362159,Alan Bowman,Oklahoma State,197,Big 12,11,204,340,60,2423,16,4.7,12,3.5,7.1,6.48,11.9,220.3,128.3,,alan-bowman-1
399,4431342,Brennan Presley,Oklahoma State,197,Big 12,12,1,1,100,16,1,100,0,0,16,36,16,1.3,564.4,,brennan-presley-1
241,4685521,Garret Rangel,Oklahoma State,197,Big 12,4,17,33,51.5,192,2,6.1,1,3,5.8,5.67,11.3,48,114.3,,garret-rangel-1
353,4711533,Ollie Gordon,Oklahoma State,197,Big 12,12,1,1,100,27,0,0,0,0,27,27,27,2.3,326.8,,ollie-gordon-1
178,5093922,Maealiuaki Smith,Oklahoma State,197,Big 12,4,44,74,59.5,489,2,2.7,4,5.4,6.6,4.72,11.1,122.3,113.1,,maealiuaki-smith-1
290,4427146,Luke Elzinga,Oklahoma,201,SEC,13,3,3,100,66,0,0,0,0,22,22,22,5.1,284.8,,luke-elzinga-1
452,4685553,Brenen Thompson,Oklahoma,201,SEC,11,0,1,0,0,0,0,0,0,0,0,,0,0,,brenen-thompson-1
120,4870607,Jackson Arnold,Oklahoma,201,SEC,10,154,246,62.6,1421,12,4.9,3,1.2,5.8,6.2,9.2,142.1,124.8,,jackson-arnold-1
450,4890373,Bauer Sharp,Oklahoma,201,SEC,12,0,1,0,0,0,0,1,100,0,-45,,0,-200,,bauer-sharp-1
156,5079465,Michael Hawkins Jr.,Oklahoma,201,SEC,7,76,120,63.3,783,3,2.5,2,1.7,6.5,6.28,10.3,111.9,123.1,,michael-hawkins-jr-1
400,5079719,Taylor Tatum,Oklahoma,201,SEC,11,2,2,100,16,1,50,0,0,8,18,8,1.5,332.2,,taylor-tatum-1
130,4430033,Cooper Legas,Tulsa,202,American,11,87,162,53.7,1144,12,7.4,6,3.7,7.1,6.88,13.1,104,130.1,,cooper-legas-1
332,4872721,Cardell Williams,Tulsa,202,American,7,5,11,45.5,37,0,0,0,0,3.4,3.36,7.4,5.3,73.7,,cardell-williams-1
307,4900934,Stephen Kittleman,Tulsa,202,American,12,3,3,100,51,0,0,0,0,17,17,17,4.3,242.8,,stephen-kittleman-1
316,5126465,Tim Carpenter,Tulsa,202,American,4,4,8,50,46,2,25,0,0,5.8,10.75,11.5,11.5,180.8,,tim-carpenter-2
113,5151618,Kirk Francis,Tulsa,202,American,11,149,253,58.9,1585,9,3.6,6,2.4,6.3,5.91,10.6,144.1,118.5,,kirk-francis-1
143,4431114,Ben Gulbranson,Oregon State,204,Ind,5,78,128,60.9,943,4,3.1,4,3.1,7.4,6.59,12.1,188.6,126.9,,ben-gulbranson-1
249,4870864,Gabarri Johnson,Oregon State,204,Ind,6,15,29,51.7,174,0,0,1,3.4,6,4.45,11.6,29,95.2,,gabarri-johnson-1
502,4879567,Trent Walker,Oregon State,204,Ind,12,0,1,0,0,0,0,0,0,0,0,,0,0,,trent-walker-1
125,4887446,Gevani McCoy,Oregon State,204,Ind,10,123,202,60.9,1300,3,1.5,6,3,6.4,5.4,10.6,130,113.9,,gevani-mccoy-1
336,4431459,Tyler Warren,Penn State,213,Big Ten,16,3,6,50,35,1,16.7,0,0,5.8,9.17,11.7,2.2,154,H-7,tyler-warren-1
221,4685696,Beau Pribula,Penn State,213,Big Ten,13,26,35,74.3,275,5,14.3,1,2.9,7.9,9.43,10.6,21.2,181.7,,beau-pribula-1
17,4714771,Drew Allar,Penn State,213,Big Ten,16,262,394,66.5,3327,24,6.1,8,2,8.4,8.75,12.7,207.9,153.5,,drew-allar-1
424,5144078,Ethan Grunkemeyer,Penn State,213,Big Ten,1,1,2,50,9,0,0,1,50,4.5,-18,9,9,-12.2,,ethan-grunkemeyer-1
91,4431387,Evan Simon,Temple,218,American,9,181,308,58.8,2032,15,4.9,9,2.9,6.6,6.26,11.2,225.8,124.4,,evan-simon-1
386,4600418,Kajiya Hollawayne,Temple,218,American,11,1,1,100,19,0,0,0,0,19,19,19,1.7,259.6,,kajiya-hollawayne-2
169,5151231,Forrest Brock,Temple,218,American,3,60,102,58.8,541,1,1,5,4.9,5.3,3.29,9,180.3,96.8,,forrest-brock-1
10,4685413,Cade Klubnik,Clemson,228,ACC,14,308,486,63.4,3639,36,7.4,6,1.2,7.5,8.41,11.8,259.9,148.2,,cade-klubnik-1
242,4899369,Christopher Vizzina,Clemson,228,ACC,7,19,34,55.9,190,0,0,0,0,5.6,5.59,10,27.1,102.8,,christopher-vizzina-1
295,5081432,Antonio Williams,Clemson,228,ACC,14,2,2,100,62,1,50,0,0,31,41,31,4.4,525.4,,antonio-williams-2
429,5081434,Trent Pearman,Clemson,228,ACC,3,2,5,40,8,0,0,1,20,1.6,-7.4,4,2.7,13.4,,trent-pearman-1
12,4606194,Seth Henigan,Memphis,235,American,13,309,477,64.8,3502,25,5.2,6,1.3,7.3,7.82,11.3,269.4,141.2,,seth-henigan-1
469,4899470,Ja'koby Banks,Memphis,235,American,9,0,1,0,0,0,0,0,0,0,0,,0,0,,jakoby-banks-1
404,5152163,Harris Boyd,Memphis,235,American,3,1,1,100,14,0,0,0,0,14,14,14,4.7,217.6,,harris-boyd-1
397,4431574,Eli Stowers,Vanderbilt,238,SEC,13,1,2,50,17,1,50,0,0,8.5,18.5,17,1.3,286.4,,eli-stowers-1
408,4868300,Nate Johnson,Vanderbilt,238,SEC,10,1,3,33.3,12,0,0,0,0,4,4,12,1.2,66.9,,nate-johnson-3
81,5084180,Diego Pavia,Vanderbilt,238,SEC,13,177,298,59.4,2293,20,6.7,4,1.3,7.7,8.43,13,176.4,143.5,,diego-pavia-1
493,5089070,Richie Hoskins,Vanderbilt,238,SEC,13,0,1,0,0,0,0,0,0,0,0,,0,0,,richie-hoskins-1
212,4427191,DeQuan Finn,Baylor,239,Big 12,3,23,43,53.5,307,3,7,2,4.7,7.1,6.44,13.3,102.3,127.2,,dequan-finn-1
25,4432759,Sawyer Robertson,Baylor,239,Big 12,12,229,368,62.2,3071,28,7.6,8,2.2,8.3,8.89,13.4,255.9,153.1,,sawyer-robertson-1
388,4698677,Nate Bennett,Baylor,239,Big 12,3,1,2,50,19,0,0,0,0,9.5,9.5,19,6.3,129.8,,nate-bennett-4
53,4916436,E.J. Warner,Rice,242,American,11,272,439,62,2710,17,3.9,13,3,6.2,5.62,10,246.4,120.7,,ej-warner-1
377,5082271,Quinton Jackson,Rice,242,American,12,1,1,100,21,0,0,0,0,21,21,21,1.8,276.4,,quinton-jackson-1
259,5219898,Drew Devillier,Rice,242,American,3,20,38,52.6,137,0,0,0,0,3.6,3.61,6.9,45.7,82.9,,drew-devillier-1
153,4685574,Conner Weigman,Texas A&M,245,SEC,6,64,114,56.1,819,3,2.6,5,4.4,7.2,5.74,12.8,136.5,116.4,,conner-weigman-1
99,4870971,Marcel Reed,Texas A&M,245,SEC,11,147,240,61.3,1864,15,6.3,6,2.5,7.8,7.89,12.7,169.5,142.1,,marcel-reed-1
306,5145396,Miles O'Neill,Texas A&M,245,SEC,1,5,6,83.3,51,1,16.7,0,0,8.5,11.83,10.2,51,209.7,,miles-oneil-1
347,4683227,Joseph Manjack,Houston,248,Big 12,11,2,3,66.7,29,0,0,1,33.3,9.7,-5.33,14.5,2.6,81.2,,joseph-manjack-iv-1
148,4690977,Donovan Smith,Houston,248,Big 12,9,87,133,65.4,867,4,3,8,6,6.5,4.41,10,96.3,118.1,,donovan-smith-2
152,4870518,Zeon Chriss,Houston,248,Big 12,11,83,130,63.8,824,4,3.1,8,6.2,6.3,4.18,9.9,74.9,114.9,,zeon-chriss-1
468,4872956,Holman Edwards,Houston,248,Big 12,1,0,1,0,0,0,0,0,0,0,0,,0,0,,holman-edwards-1
270,5150645,Ui Ale,Houston,248,Big 12,2,10,13,76.9,112,1,7.7,0,0,8.6,10.15,11.2,56,174.7,,ui-ale-1
9,4692530,Chandler Morris,North Texas,249,American,12,322,512,62.9,3774,31,6.1,12,2.3,7.4,7.53,11.7,314.5,140.1,,chandler-morris-1
343,5148787,Wyatt Young,North Texas,249,American,13,1,1,100,31,0,0,0,0,31,31,31,2.4,360.4,,wyatt-young-2
184,5219834,Drew Mestemaker,North Texas,249,American,5,30,46,65.2,462,2,4.3,2,4.3,10,8.96,15.4,92.4,155.2,,drew-mestemaker-1
345,4701936,Matthew Golden,Texas,251,SEC,16,1,2,50,30,0,0,0,0,15,15,30,1.9,176,,matthew-golden-1
144,4870906,Arch Manning,Texas,251,SEC,10,61,90,67.8,939,9,10,2,2.2,10.4,11.43,15.4,93.9,184,,arch-manning-1
14,4889929,Quinn Ewers,Texas,251,SEC,14,293,445,65.8,3472,31,7,12,2.7,7.8,7.98,11.8,248,149,,quinn-ewers-1
389,5123665,Trey Owens,Texas,251,SEC,2,2,4,50,19,0,0,0,0,4.8,4.75,9.5,9.5,89.9,,trey-owens-1
351,4362915,Gerry Bohannon,BYU,252,Big 12,4,3,4,75,27,0,0,1,25,6.8,-4.5,9,6.8,81.7,,gerry-bohanon-1
467,4687463,Hinckley Ropati,BYU,252,Big 12,8,0,1,0,0,0,0,1,100,0,-45,,0,-200,,hinckley-ropati-1
338,4888706,Parker Kingston,BYU,252,Big 12,13,1,3,33.3,33,1,33.3,0,0,11,17.67,33,2.5,235.7,,parker-kingston-1
32,5150611,Jake Retzlaff,BYU,252,Big 12,13,213,368,57.9,2947,20,5.4,12,3.3,8,7.63,13.8,226.7,136.6,,jake-retzlaff-1
165,4362075,Cameron Rising,Utah,254,Big 12,3,34,66,51.5,555,7,10.6,3,4.5,8.4,8.48,16.3,185,148.1,,cameron-rising-1
461,4605489,Damien Alford,Utah,254,Big 12,4,0,1,0,0,0,0,1,100,0,-45,,0,-200,,damien-alford-1
256,4804885,Brandon Rose,Utah,254,Big 12,3,19,36,52.8,157,2,5.6,2,5.6,4.4,2.97,8.3,52.3,96.6,,brandon-rose-1
117,5079771,Isaac Wilson,Utah,254,Big 12,9,127,225,56.4,1510,10,4.4,11,4.9,6.7,5.4,11.9,167.8,117.7,,isaac-wilson-1
252,5084828,Luke Bottari,Utah,254,Big 12,3,19,30,63.3,171,1,3.3,0,0,5.7,6.37,9,57,122.2,,luke-bottari-1
368,4567736,Taji Hudson,James Madison,256,Sun Belt,11,1,1,100,23,0,0,0,0,23,23,23,2.1,293.2,,taji-hudson-1
435,4569598,Dylan Morris,James Madison,256,Sun Belt,4,1,1,100,6,0,0,0,0,6,6,6,1.5,150.4,,dylan-morris-1
245,4877811,Billy Atkins,James Madison,256,Sun Belt,3,16,24,66.7,181,1,4.2,0,0,7.5,8.38,11.3,60.3,143.8,,billy-atkins-2
58,4911929,Alonza Barnett,James Madison,256,Sun Belt,12,213,355,60,2598,26,7.3,4,1.1,7.3,8.28,12.2,216.5,143.4,,alonza-barnett-iii-1
442,5172036,JC Evans,James Madison,256,Sun Belt,3,1,1,100,1,1,100,0,0,1,21,1,0.3,438.4,,jc-evans-1
305,4682648,Malachi Fields,Virginia,258,ACC,12,2,3,66.7,51,0,0,0,0,17,17,25.5,4.3,209.5,,malachi-fields-1
167,4775264,Tony Muskett,Virginia,258,ACC,8,45,76,59.2,545,3,3.9,3,3.9,7.2,6.18,12.1,68.1,124.6,,tony-muskett-1
86,5044387,Anthony Colandrea,Virginia,258,ACC,11,198,320,61.9,2125,13,4.1,11,3.4,6.6,5.91,10.7,193.2,124.2,,anthony-colandrea-1
354,5114331,Suderian Harrison,Virginia,258,ACC,8,1,1,100,27,0,0,0,0,27,27,27,3.4,326.8,,suderian-harrison-1
195,4428439,Collin Schlee,Virginia Tech,259,ACC,9,28,55,50.9,414,3,5.5,1,1.8,7.5,7.8,14.8,46,128.5,,collin-schlee-1
436,4602667,Jaylin Lane,Virginia Tech,259,ACC,12,1,1,100,6,1,100,0,0,6,26,6,0.5,480.4,,jaylin-lane-1
115,4678010,Kyron Drones,Virginia Tech,259,ACC,9,136,224,60.7,1562,10,4.5,6,2.7,7,6.66,11.5,173.6,128.7,,kyron-drones-1
510,4697496,Peter Moore,Virginia Tech,259,ACC,13,1,1,100,-1,0,0,0,0,-1,-1,-1,-0.1,91.6,,peter-moore-1
179,4920153,William Watson III,Virginia Tech,259,ACC,5,34,58,58.6,481,1,1.7,2,3.4,8.3,7.09,14.1,96.2,127.1,,william-watson-iii-1
69,102597,Will Rogers,Washington,264,Big Ten,11,220,311,70.7,2458,14,4.5,7,2.3,7.9,7.79,11.2,223.5,147.5,,will-rogers-1
142,5079653,Demond Williams Jr.,Washington,264,Big Ten,13,82,105,78.1,944,8,7.6,1,1,9,10.09,11.5,72.6,176.9,,demond-williams-jr-1
190,4876066,Zevi Eckhaus,Washington State,265,Ind,3,37,50,74,424,4,8,2,4,8.5,8.28,11.5,141.3,163.6,,zevi-eckhaus-1
22,4915980,John Mateer,Washington State,265,Ind,12,224,347,64.6,3139,29,8.4,7,2,9,9.81,14,261.6,164.1,,john-mateer-1
358,5091836,Jaxon Potter,Washington State,265,Ind,2,2,2,100,26,0,0,0,0,13,13,13,13,209.2,,jaxon-potter-1
191,4685186,Tyler Van Dyke,Wisconsin,275,Big Ten,3,43,68,63.2,422,1,1.5,0,0,6.2,6.5,9.8,140.7,120.2,,tyler-van-dyke-1
94,4702829,Braedyn Locke,Wisconsin,275,Big Ten,11,164,296,55.4,1936,13,4.4,10,3.4,6.5,5.9,11.8,176,118.1,,braedyn-locke-1
441,5079533,Mabrey Mettauer,Wisconsin,275,Big Ten,3,1,1,100,2,0,0,0,0,2,2,2,0.7,116.8,,mabrey-mettauer-1
107,4600403,Braylon Braxton,Marshall,276,Sun Belt,11,124,206,60.2,1624,19,9.2,2,1,7.9,9.29,13.1,147.6,154.9,,braylon-braxton-1
157,4691272,Stone Earle,Marshall,276,Sun Belt,9,65,120,54.2,673,7,5.8,2,1.7,5.6,6.03,10.4,74.8,117.2,,stone-earle-1
298,4869817,Cole Pennington,Marshall,276,Sun Belt,3,5,7,71.4,57,1,14.3,0,0,8.1,11,11.4,19,187,,cole-pennington-1
80,4429847,Garrett Greene,West Virginia,277,Big 12,11,189,315,60,2300,15,4.8,12,3.8,7.3,6.54,12.2,209.1,129.4,,garrett-greene-1
188,4685459,Nicco Marchiol,West Virginia,277,Big 12,8,37,56,66.1,434,5,8.9,2,3.6,7.8,7.93,11.7,54.3,153.5,,nicco-marchiol-1
35,4597499,Mikey Keene,Fresno State,278,MWC,12,277,393,70.5,2892,18,4.6,11,2.8,7.4,7.02,10.4,241,141.8,,mikey-keene-1
240,4832830,Joshua Wood,Fresno State,278,MWC,13,18,28,64.3,195,1,3.6,1,3.6,7,6.07,10.8,15,127.4,,joshua-wood-1
359,4872957,Raylen Sharpe,Fresno State,278,MWC,11,1,1,100,26,1,100,0,0,26,46,26,2.4,648.4,,raylen-sharpe-1
329,5010409,Jayden Mandal,Fresno State,278,MWC,6,4,9,44.4,39,0,0,2,22.2,4.3,-5.67,9.8,6.5,36.4,,jayden-mandal-1
225,4565355,Dexter Williams II,Georgia Southern,290,Sun Belt,5,19,30,63.3,248,3,10,0,0,8.3,10.27,13.1,49.6,165.8,,dexter-williams-ii-1
40,4685345,JC French,Georgia Southern,290,Sun Belt,13,269,410,65.6,2831,17,4.1,11,2.7,6.9,6.53,10.5,217.8,131.9,,jc-french-1
409,4838269,OJ Arnold,Georgia Southern,290,Sun Belt,12,1,1,100,12,1,100,0,0,12,32,12,1,530.8,,oj-arnold-1
460,4907573,Dalen Cobb,Georgia Southern,290,Sun Belt,13,0,3,0,0,0,0,0,0,0,0,,0,0,,dalen-cobb-1
174,4695867,Grant Wilson,Old Dominion,295,Sun Belt,3,48,86,55.8,507,4,4.7,3,3.5,5.9,5.26,10.6,169,113.7,,grant-wilson-1
106,5125715,Colton Joseph,Old Dominion,295,Sun Belt,9,133,222,59.9,1627,11,5,5,2.3,7.3,7.31,12.2,180.8,133.3,,colton-joseph-1
246,5193346,Quinn Henicle,Old Dominion,295,Sun Belt,3,14,25,56,181,2,8,1,4,7.2,7.04,12.9,60.3,135.2,,quinn-henicle-1
71,4373895,Ben Wooldridge,Louisiana,309,Sun Belt,11,192,291,66,2453,17,5.8,6,2.1,8.4,8.67,12.8,223,151.9,,ben-wooldridge-1
147,4429595,Chandler Fields,Louisiana,309,Sun Belt,7,63,87,72.4,897,5,5.7,1,1.1,10.3,10.94,14.2,128.1,175.7,,chandler-fields-1
261,5146661,Daniel Beale,Louisiana,309,Sun Belt,3,13,30,43.3,126,0,0,2,6.7,4.2,1.2,9.7,42,65.3,,daniel-beale-1
206,4690158,Noah Kim,Coastal Carolina,324,Sun Belt,7,30,56,53.6,333,4,7.1,1,1.8,5.9,6.57,11.1,47.6,123.5,,noah-kim-1
483,4708621,Kyre Duplessis,Coastal Carolina,324,Sun Belt,12,0,3,0,0,0,0,1,33.3,0,-15,,0,-66.7,,kyre-duplessis-1
88,4832918,Ethan Vasko,Coastal Carolina,324,Sun Belt,12,148,271,54.6,2110,14,5.2,8,3,7.8,7.49,14.3,175.8,131.2,,ethan-vasko-1
251,4870793,Tad Hudson,Coastal Carolina,324,Sun Belt,1,17,26,65.4,173,2,7.7,0,0,6.7,8.19,10.2,173,146.7,,tad-hudson-1
464,5221100,Emile Sebafundi,Coastal Carolina,324,Sun Belt,13,0,1,0,0,0,0,1,100,0,-45,,0,-200,,emile-sebafundi-1
19,4360890,Jordan McCloud,Texas State,326,Sun Belt,13,273,389,70.2,3227,30,7.7,13,3.3,8.3,8.33,11.8,248.2,158.6,,jordan-mccloud-1
258,4876244,RJ Martinez,Texas State,326,Sun Belt,4,18,24,75,148,0,0,1,4.2,6.2,4.29,8.2,37,118.5,,rj-martinez-1
267,5148803,Brad Jackson,Texas State,326,Sun Belt,3,8,15,53.3,118,1,6.7,0,0,7.9,9.2,14.8,39.3,141.4,,brad-jackson-2
79,4360480,Spencer Petras,Utah State,328,MWC,9,214,327,65.4,2315,17,5.2,11,3.4,7.1,6.61,10.8,257.2,135.3,,spencer-petras-1
149,4695600,Bryson Barnes,Utah State,328,MWC,9,77,126,61.1,856,12,9.5,6,4.8,6.8,6.56,11.1,95.1,140.1,,bryson-barnes-1
371,4696561,Jacob Conover,Utah State,328,MWC,2,2,4,50,22,0,0,0,0,5.5,5.5,11,11,96.2,,jacob-conover-1
334,4702560,Grant Page,Utah State,328,MWC,12,1,1,100,36,0,0,0,0,36,36,36,3,402.4,,grant-page-1
39,4432734,Jalen Milroe,Alabama,333,SEC,13,205,319,64.3,2844,16,5,11,3.4,8.9,8.37,13.9,218.8,148.8,,jalen-milroe-1
254,4685522,Ty Simpson,Alabama,333,SEC,6,14,25,56,167,0,0,0,0,6.7,6.68,11.9,27.8,112.1,,ty-simpson-1
365,4870900,Dylan Lonergan,Alabama,333,SEC,2,5,6,83.3,23,0,0,0,0,3.8,3.83,4.6,11.5,115.5,,dylan-lonergan-1
328,5079508,Austin Mack,Alabama,333,SEC,1,2,3,66.7,39,1,33.3,0,0,13,19.67,19.5,39,285.9,,austin-mack-2
300,4801308,Khalib Johnson,Kennesaw State,338,CUSA,4,6,22,27.3,57,0,0,3,13.6,2.6,-3.55,9.5,14.3,21.8,,khalib-johnson-1
118,5083103,Davis Bryson,Kennesaw State,338,CUSA,11,143,261,54.8,1495,6,2.3,10,3.8,5.7,4.46,10.5,135.9,102.8,,davis-bryson-1
303,5083104,Braden Bohannon,Kennesaw State,338,CUSA,5,5,10,50,51,0,0,0,0,5.1,5.1,10.2,10.2,92.8,,braden-bohannon-1
339,5154245,Jacob Ulrich,Kennesaw State,338,CUSA,12,1,1,100,32,0,0,0,0,32,32,32,2.7,368.8,,jacob-ulrich-1
443,5221569,Lucas Scheerhorn,Kennesaw State,338,CUSA,3,1,3,33.3,1,0,0,1,33.3,0.3,-14.67,1,0.3,-30.5,,lucas-scheerhorn-1
140,4565315,Blake Shapen,Mississippi State,344,SEC,4,74,108,68.5,974,8,7.4,1,0.9,9,10.08,13.2,243.5,166.9,,blake-shapen-1
413,4569416,Nicholas Barr-Mira,Mississippi State,344,SEC,12,1,1,100,11,0,0,0,0,11,11,11,0.9,192.4,,nicholas-barr-mira-1
455,4870889,Chris Parson,Mississippi State,344,SEC,4,0,2,0,0,0,0,0,0,0,0,,0,0,,chris-parson-1
98,5079620,Michael Van Buren Jr.,Mississippi State,344,SEC,10,140,256,54.7,1886,11,4.3,7,2.7,7.4,7,13.5,188.6,125.3,,michael-van-buren-jr-1
505,4689825,Tyrell Robinson,Army,349,American,8,0,1,0,0,0,0,0,0,0,0,,0,0,,tyrell-robinson-2
137,4879928,Bryson Daily,Army,349,American,13,54,103,52.4,1007,9,8.7,4,3.9,9.8,9.78,18.6,77.5,155.6,H-6,bryson-daily-1
490,4879966,Matthew Rhodes,Army,349,American,14,0,1,0,0,0,0,0,0,0,0,,0,0,,matthew-rhodes-2
265,5082125,Dewayne Coleman,Army,349,American,7,11,16,68.8,121,1,6.3,0,0,7.6,8.81,11,17.3,152.9,,dewayne-coleman-1
471,5150302,James Wagenseller,Army,349,American,12,1,1,100,0,0,0,0,0,0,0,0,0,100,,james-wagenseller-1
50,4597679,Luke Altmyer,Illinois,356,Big Ten,13,211,347,60.8,2717,22,6.3,6,1.7,7.8,8.32,12.9,209,144,,luke-altmyer-1
346,4790965,Donovan Leary,Illinois,356,Big Ten,2,2,5,40,29,0,0,0,0,5.8,5.8,14.5,14.5,88.7,,donovan-leary-2
263,4695458,Josh Johnson,Air Force,2005,MWC,6,6,14,42.9,126,1,7.1,3,21.4,9,0.79,21,21,99.2,,josh-johnson-10
282,5085146,Brandon Engel,Air Force,2005,MWC,11,2,2,100,81,0,0,0,0,40.5,40.5,40.5,7.4,440.2,,brandon-engel-1
194,5151904,John Busha,Air Force,2005,MWC,6,29,79,36.7,415,1,1.3,5,6.3,5.3,2.66,14.3,69.2,72.4,,john-busha-1
185,5223107,Quentin Hayes,Air Force,2005,MWC,10,25,43,58.1,455,3,7,2,4.7,10.6,9.88,18.2,45.5,160.7,,quentin-hayes-2
57,4431091,Ben Finley,Akron,2006,MAC,12,212,387,54.8,2604,16,4.1,9,2.3,6.7,6.51,12.3,217,120.3,,ben-finley-1
248,4684003,Tahj Bullock,Akron,2006,MAC,12,21,29,72.4,176,0,0,0,0,6.1,6.07,8.4,14.7,123.4,,tahj-bullock-1
421,5146903,Brayden Roggow,Akron,2006,MAC,1,1,2,50,9,0,0,1,50,4.5,-18,9,9,-12.2,,brayden-roggow-1
255,4433969,Timmy Mcclain,Arkansas State,2032,Sun Belt,4,14,21,66.7,163,3,14.3,0,0,7.8,10.62,11.6,40.8,179,,timmy-mcclain-1
415,4880079,Reagan Ealy,Arkansas State,2032,Sun Belt,13,1,1,100,11,0,0,0,0,11,11,11,0.8,192.4,,reagan-ealy-1
46,5080403,Jaylen Raynor,Arkansas State,2032,Sun Belt,13,259,420,61.7,2783,16,3.8,10,2.4,6.6,6.32,10.7,214.1,125.1,,jaylen--raynor-1
427,4431416,Kiael Kelly,Ball State,2050,MAC,11,2,4,50,8,0,0,0,0,2,2,4,0.7,66.8,,kiael-kelly-1
454,4869603,Cam Pickett,Ball State,2050,MAC,12,0,1,0,0,0,0,1,100,0,-45,,0,-200,,cam-pickett-1
370,4877713,Braedon Sloan,Ball State,2050,MAC,12,1,1,100,22,1,100,0,0,22,42,22,1.8,614.8,,braedon-sloan-1
34,5091890,Kadin Semonza,Ball State,2050,MAC,12,275,427,64.4,2904,25,5.9,10,2.3,6.8,6.92,10.6,242,136.2,,kadin-semonza-1
77,4877296,CJ Ogbonna,Buffalo,2084,MAC,13,190,336,56.5,2381,19,5.7,5,1.5,7.1,7.55,12.5,183.2,131.8,,cj-ogbonna-1
324,5151366,Gunnar Gray,Buffalo,2084,MAC,4,4,11,36.4,41,0,0,1,9.1,3.7,-0.36,10.3,10.3,49.5,,gunnar-gray-1
136,4567149,KJ Jefferson,UCF,2116,Big 12,5,64,108,59.3,1012,7,6.5,4,3.7,9.4,9,15.8,202.4,152,,kj-jefferson-1
503,4567415,Trent Whittemore,UCF,2116,Big 12,11,0,1,0,0,0,0,0,0,0,0,,0,0,,trent-whittemore-1
394,4568490,RJ Harvey,UCF,2116,Big 12,12,1,1,100,18,0,0,0,0,18,18,18,1.5,251.2,,rj-harvey-1
198,4685291,Jacurri Brown,UCF,2116,Big 12,9,35,67,52.2,398,1,1.5,4,6,5.9,3.55,11.4,44.2,95.1,,jacurri-brown-1
146,4920156,Dylan Rizk,UCF,2116,Big 12,6,72,117,61.5,904,5,4.3,2,1.7,7.7,7.81,12.6,150.7,137.1,,dylan-rizk-1
293,5141395,EJ Colson,UCF,2116,Big 12,3,9,16,56.3,64,1,6.3,1,6.3,4,2.44,7.1,21.3,98,,ej-colson-1
131,4683291,Joey Labas,Central Michigan,2117,MAC,6,94,160,58.8,1114,7,4.4,7,4.4,7,5.87,11.9,185.7,122.9,,joey-labas-1
218,4870848,Tyler Jefferson,Central Michigan,2117,MAC,7,27,58,46.6,286,0,0,1,1.7,4.9,4.16,10.6,40.9,84.5,,tyler-jefferson-1
363,4912334,David Chapeau,Central Michigan,2117,MAC,12,1,1,100,23,0,0,0,0,23,23,23,1.9,293.2,,david-chapeau-2
275,4916888,Bert Emanuel Jr.,Central Michigan,2117,MAC,3,4,6,66.7,99,2,33.3,0,0,16.5,23.17,24.8,33,315.3,,bert-emanuel-jr-1
187,5149056,Jadyn Glasser,Central Michigan,2117,MAC,4,41,76,53.9,439,2,2.6,4,5.3,5.8,3.93,10.7,109.8,100.6,,jadyn-glasser-1
465,4431339,Evan Prater,Cincinnati,2132,Big 12,11,0,1,0,0,0,0,0,0,0,0,,0,0,,evan-prater-1
360,4590294,Brady Lichtenberg,Cincinnati,2132,Big 12,3,3,5,60,25,0,0,0,0,5,5,8.3,8.3,102,,brady-lichtenberg-1
43,4899046,Brendan Sorsby,Cincinnati,2132,Big 12,12,249,389,64,2813,18,4.6,7,1.8,7.2,7.35,11.3,234.4,136.4,,brendan-sorsby-1
373,4433855,Terry Lockett,Eastern Michigan,2199,MAC,12,1,1,100,22,1,100,0,0,22,42,22,1.8,614.8,,terry-lockett-jr-1
55,4570057,Cole Snyder,Eastern Michigan,2199,MAC,12,240,402,59.7,2684,15,3.7,9,2.2,6.7,6.42,11.2,223.7,123.6,,cole-snyder-2
492,4708847,Mitchell Tomasek,Eastern Michigan,2199,MAC,12,0,1,0,0,0,0,0,0,0,0,,0,0,,mitchell-tomasek-1
262,5083199,Jeremiah Salem,Eastern Michigan,2199,MAC,3,8,11,72.7,126,1,9.1,1,9.1,11.5,9.18,15.8,42,180.8,,jermiah-salem-1
116,4700135,Cam Fancher,Florida Atlantic,2226,American,9,126,212,59.4,1528,6,2.8,6,2.8,7.2,6.5,12.1,169.8,123.7,,cam-fancher-1
193,4954456,Kasen Weisman,Florida Atlantic,2226,American,7,39,73,53.4,416,2,2.7,3,4.1,5.7,4.4,10.7,59.4,102.1,,kasen-weisman-2
166,5082005,Tyriq Starks,Florida Atlantic,2226,American,5,39,63,61.9,550,6,9.5,2,3.2,8.7,9.21,14.1,110,160.3,,tyriq-starks-1
422,5125301,Carson Cruver,Florida Atlantic,2226,American,1,1,1,100,9,0,0,0,0,9,9,9,9,175.6,,carson-cruver-1
333,4576127,Haden Carlson,Florida International,2229,CUSA,1,4,6,66.7,37,0,0,2,33.3,6.2,-8.83,9.3,37,51.8,,haden-carlson-1
297,4602898,Chayden Peery,Florida International,2229,CUSA,1,7,12,58.3,58,1,8.3,0,0,4.8,6.5,8.3,58,126.4,,chayden-peery-1
273,4837469,Amari Jones,Florida International,2229,CUSA,5,7,12,58.3,101,1,8.3,1,8.3,8.4,6.33,14.4,20.2,139.9,,amari-jones-1
62,5085337,Keyone Jenkins,Florida International,2229,CUSA,12,188,304,61.8,2557,22,7.2,8,2.6,8.4,8.67,13.6,213.1,151.1,,keyone-jenkins-1
90,4432612,Christian Veilleux,Georgia State,2247,Sun Belt,10,166,291,57,2047,13,4.5,11,3.8,7,6.23,12.3,204.7,123.3,,christian-veilleux-1
138,4568336,Zach Gibson,Georgia State,2247,Sun Belt,7,102,151,67.5,1004,7,4.6,2,1.3,6.6,6.98,9.8,143.4,136.1,,zach-gibson-1
393,4685440,Kyle Lowe,Georgia State,2247,Sun Belt,5,3,7,42.9,18,1,14.3,0,0,2.6,5.43,6,3.6,111.6,,kyle-lowe-2
135,4427455,Cade McNamara,Iowa,2294,Big Ten,8,104,172,60.5,1017,6,3.5,5,2.9,5.9,5.3,9.8,127.1,115.8,,cade-mcnamara-1
181,4683058,Brendan Sullivan,Iowa,2294,Big Ten,10,38,53,71.7,475,3,5.7,3,5.7,9,7.55,12.5,47.5,154.3,,brendan-sullivan-1
235,4836471,Jackson Stratton,Iowa,2294,Big Ten,3,21,35,60,219,1,2.9,0,0,6.3,6.83,10.4,73,122,,jackson-stratton-1
70,4596472,Jalon Daniels,Kansas,2305,Big 12,12,171,300,57,2454,14,4.7,12,4,8.2,7.31,14.4,204.5,133.1,,jalon-daniels-1
304,5151060,Cole Ballard,Kansas,2305,Big 12,3,5,6,83.3,51,1,16.7,0,0,8.5,11.83,10.2,17,209.7,,cole-ballard-1
395,4427313,Ta'Quan Roberson,Kansas State,2306,Big 12,6,3,7,42.9,18,0,0,0,0,2.6,2.57,6,3,64.5,,taquan-roberson-1
390,4736246,Jacob Knuth,Kansas State,2306,Big 12,2,2,2,100,18,0,0,0,0,9,9,9,9,175.6,,jacob-knuth-1
52,4870857,Avery Johnson,Kansas State,2306,Big 12,13,217,372,58.3,2712,25,6.7,10,2.7,7.3,7.42,12.5,208.6,136.4,,avery-johnson-2
486,4566157,Luke Floriea,Kent State,2309,MAC,12,0,1,0,0,0,0,1,100,0,-45,,0,-200,,luke-floriea-1
189,4685693,Devin Kargman,Kent State,2309,MAC,4,45,82,54.9,432,3,3.7,2,2.4,5.3,4.9,9.6,108,106.3,,devin-kargman-1
456,4869599,Chrishon McCray,Kent State,2309,MAC,11,0,1,0,0,0,0,0,0,0,0,,0,0,,chrishon-mccray-1
123,5082965,Tommy Ulatowski,Kent State,2309,MAC,10,81,175,46.3,1353,15,8.6,8,4.6,7.7,7.39,16.7,135.3,130.4,,tommy-ulatowski-1
392,5092662,JD Sherrod,Kent State,2309,MAC,2,2,7,28.6,18,0,0,0,0,2.6,2.57,9,9,50.2,,jd-sherrod-1
283,5222398,Ruel Tomlinson,Kent State,2309,MAC,4,11,28,39.3,73,0,0,2,7.1,2.6,-0.61,6.6,18.3,46.9,,ruel-tomlinson-1
97,4432803,Kaidon Salter,Liberty,2335,CUSA,11,147,261,56.3,1886,15,5.7,6,2.3,7.2,7.34,12.8,171.5,131.4,,kaidon-salter-1
326,4602968,Nate Hampton,Liberty,2335,CUSA,2,2,9,22.2,40,1,11.1,1,11.1,4.4,1.67,20,20,74,,nate-hampton-1
279,4799987,Ryan Burger,Liberty,2335,CUSA,5,8,19,42.1,88,0,0,0,0,4.6,4.63,11,17.6,81,,ryan-burger-1
476,4431142,Jimmy Holiday,Louisiana Tech,2348,CUSA,13,0,1,0,0,0,0,0,0,0,0,,0,0,,jimmy-holiday-1
387,4687187,Marquis Crosby,Louisiana Tech,2348,CUSA,11,1,1,100,19,1,100,0,0,19,39,19,1.7,589.6,,marquis-crosby-1
89,5076949,Evan Bullock,Louisiana Tech,2348,CUSA,12,197,300,65.7,2104,14,4.7,3,1,7,7.5,10.7,175.3,138,,evan-bullock-1
182,5092781,Jack Turner,Louisiana Tech,2348,CUSA,7,40,76,52.6,471,2,2.6,2,2.6,6.2,5.54,11.8,67.3,108.1,,jack-turner-1
210,5150998,Blake Baker,Louisiana Tech,2348,CUSA,3,18,34,52.9,314,1,2.9,3,8.8,9.2,5.85,17.4,104.7,122.6,,blake-baker-1
122,5081504,Blake Horvath,Navy,2426,American,12,80,139,57.6,1353,13,9.4,4,2.9,9.7,10.31,16.9,112.8,164.4,,blake-horvath-1
462,5081508,Eli Heidenreich,Navy,2426,American,13,0,2,0,0,0,0,0,0,0,0,,0,0,,eli-heidenreich-1
406,5081526,Alex Tecza,Navy,2426,American,13,1,1,100,13,0,0,0,0,13,13,13,1,209.2,,alex-tecza-1
487,5158341,Luke Hutchison,Navy,2426,American,13,0,1,0,0,0,0,0,0,0,0,,0,0,,luke-hutchison-2
226,5158343,Braxton Woodson,Navy,2426,American,10,18,36,50,243,2,5.6,2,5.6,6.8,5.36,13.5,24.3,113.9,,braxton-woodson-1
207,4689585,Trexler Ivey,Charlotte,2429,American,8,34,59,57.6,326,3,5.1,2,3.4,5.5,5.02,9.6,40.8,114,,trexler-ivey-1
164,4875125,Max Brown,Charlotte,2429,American,5,43,93,46.2,561,3,3.2,6,6.5,6,3.77,13,112.2,94.6,,max-brown-1
101,5138131,Deshawn Purdie,Charlotte,2429,American,9,100,200,50,1802,10,5,6,3,9,8.66,18,200.2,136.2,,deshawn-purdie-1
82,4429149,Brendon Lewis,Nevada,2440,MWC,12,211,312,67.6,2290,16,5.1,7,2.2,7.3,7.36,10.9,190.8,141.7,,brendon-lewis-1
229,4430836,Chubba Purdy,Nevada,2440,MWC,7,18,25,72,239,1,4,1,4,9.6,8.56,13.3,34.1,157.5,,chubba-purdy-1
317,4571194,Marcus Bellon,Nevada,2440,MWC,13,1,2,50,44,1,50,0,0,22,32,44,3.4,399.8,,marcus-bellon-1
391,4581750,Jaden Smith,Nevada,2440,MWC,13,1,1,100,18,0,0,0,0,18,18,18,1.4,251.2,,jaden-smith-2
250,4819250,AJ Bianco,Nevada,2440,MWC,5,16,24,66.7,173,1,4.2,0,0,7.2,8.04,10.8,34.6,141,,aj-bianco-1
302,4433906,Trayvon Rudolph,Northern Illinois,2459,MAC,11,2,3,66.7,52,1,33.3,0,0,17.3,24,26,4.7,322.3,,trayvon-rudolph-1
110,4618083,Ethan Hampton,Northern Illinois,2459,MAC,11,144,247,58.3,1600,12,4.9,6,2.4,6.5,6.36,11.1,145.5,123.9,,ethan-hampton-1
309,4884086,Jalen Macon,Northern Illinois,2459,MAC,1,4,7,57.1,50,0,0,0,0,7.1,7.14,12.5,50,117.1,,jalen-macon-1
160,5151506,Josh Holst,Northern Illinois,2459,MAC,7,65,111,58.6,593,2,1.8,2,1.8,5.3,4.89,9.1,84.7,105.8,,josh-holst-1
8,4427238,Dillon Gabriel,Oregon,2483,Big Ten,14,326,447,72.9,3857,30,6.7,6,1.3,8.6,9.37,11.8,275.5,164.9,H-3,dillon-gabriel-1
499,4608810,Tez Johnson,Oregon,2483,Big Ten,12,0,1,0,0,0,0,0,0,0,0,,0,0,,tez-johnson-1
311,4870921,Dante Moore,Oregon,2483,Big Ten,5,7,8,87.5,49,0,0,0,0,6.1,6.13,7,9.8,139,,dante-moore-1
430,4912647,Austin Novosad,Oregon,2483,Big Ten,3,2,2,100,7,0,0,0,0,3.5,3.5,3.5,2.3,129.4,,austin-novosad-1
104,4429032,Hudson Card,Purdue,2509,Big Ten,10,144,248,58.1,1641,9,3.6,7,2.8,6.6,6.07,11.4,164.1,120,,hudson-card-1
357,4690801,Christian Gelov,Purdue,2509,Big Ten,1,1,3,33.3,26,0,0,0,0,8.7,8.67,26,26,106.1,,christian-gelov-1
171,5104738,Ryan Browne,Purdue,2509,Big Ten,8,43,76,56.6,532,4,5.3,2,2.6,7,6.87,12.4,66.5,127.5,,ryan-browne-1
428,5146753,Shamar Rigby,Purdue,2509,Big Ten,12,1,1,100,8,0,0,0,0,8,8,8,0.7,167.2,,shamar-rigby-1
294,4430512,Noah Smith,Sam Houston,2534,CUSA,11,1,2,50,64,1,50,0,0,32,42,64,5.8,483.8,,noah-smith-3
211,4709012,Jase Bauer,Sam Houston,2534,CUSA,7,40,65,61.5,310,2,3.1,1,1.5,4.8,4.69,7.8,44.3,108.7,,jase-bauer-1
444,4879931,Simeon Evans,Sam Houston,2534,CUSA,13,1,1,100,1,0,0,0,0,1,1,1,0.1,108.4,,simeon-evans-1
100,5220424,Hunter Watson,Sam Houston,2534,CUSA,12,175,281,62.3,1811,12,4.3,8,2.8,6.4,6.02,10.3,150.9,124.8,,hunter-watson-1
192,4432767,Preston Stone,SMU,2567,ACC,7,30,51,58.8,421,5,9.8,1,2,8.3,9.33,14,60.1,156.6,,preston-stone-1
481,5075392,Keldric Luster,SMU,2567,ACC,5,1,3,33.3,0,0,0,0,0,0,0,0,0,33.3,,keldric-luster-1
18,5084084,Kevin Jennings,SMU,2567,ACC,14,247,380,65,3245,23,6.1,11,2.9,8.5,8.45,13.1,231.8,150.9,,kevin-jennings-2
315,4428887,Davis Beville,South Carolina,2579,SEC,3,5,7,71.4,46,1,14.3,0,0,6.6,9.43,9.2,15.3,173.8,,davis-beville-1
480,4570033,Kai Kroeger,South Carolina,2579,SEC,13,0,2,0,0,0,0,0,0,0,0,,0,0,,kai-kroeger-1
208,4697512,Robby Ashford,South Carolina,2579,SEC,8,23,32,71.9,324,2,6.3,0,0,10.1,11.38,14.1,40.5,177.6,,robby-ashford-1
66,4875127,LaNorris Sellers,South Carolina,2579,SEC,12,196,299,65.6,2534,18,6,7,2.3,8.5,8.63,12.9,211.2,151.9,,lanorris-sellers-1
420,4565892,Navy Shuler,Tennessee,2633,SEC,2,1,3,33.3,10,0,0,0,0,3.3,3.33,10,5,61.3,,navy-shuler-1
237,4697122,Gaston Moore,Tennessee,2633,SEC,6,16,27,59.3,201,2,7.4,2,7.4,7.4,5.59,12.6,33.5,131.4,,gaston-moore-1
56,4870799,Nico Iamaleava,Tennessee,2633,SEC,13,213,334,63.8,2616,19,5.7,5,1.5,7.8,8.3,12.3,201.2,145.3,,nico-iamaleava-1
313,5079531,Jake Merklinger,Tennessee,2633,SEC,2,6,9,66.7,48,0,0,0,0,5.3,5.33,8,24,111.5,,jake-merklinger-1
230,4683012,Eddie Lee Marburger,UTSA,2636,American,7,22,40,55,234,2,5,3,7.5,5.9,3.48,10.6,33.4,105.6,,eddie-lee-marburger-1
15,4775136,Owen McCown,UTSA,2636,American,13,294,467,63,3424,25,5.4,10,2.1,7.3,7.44,11.6,263.4,137.9,,owen-mccown-1
350,4917054,David Amador,UTSA,2636,American,5,1,1,100,27,0,0,0,0,27,27,27,5.4,326.8,,david-amador-ii-1
437,4581750,Jaden Smith,UTEP,2638,CUSA,4,1,1,100,4,1,100,0,0,4,24,4,1,463.6,,jaden-smith-4
355,4879298,Trey Goodman,UTEP,2638,CUSA,12,1,3,33.3,27,0,0,2,66.7,9,-21,27,2.3,-24.4,,trey-goodman-1
114,5083042,Skyler Locklear,UTEP,2638,CUSA,10,148,233,63.5,1583,10,4.3,6,2.6,6.8,6.49,10.7,158.3,129.6,,skyler-locklear-1
170,5088893,Cade McConnell,UTEP,2638,CUSA,6,40,71,56.3,540,4,5.6,3,4.2,7.6,6.83,13.5,90,130.4,,cade-mcconnell-2
381,5127900,Shay Smith,UTEP,2638,CUSA,4,3,3,100,20,0,0,0,0,6.7,6.67,6.7,5,156,,shay-smith-1
445,5160102,Adam Jacklin,UTEP,2638,CUSA,12,0,1,0,0,0,0,0,0,0,0,,0,0,,adam-jacklin-1
233,5193282,JP Pickles,UTEP,2638,CUSA,3,30,53,56.6,226,0,0,1,1.9,4.3,3.42,7.5,75.3,88.6,,jp-pickles-1
16,4431465,Behren Morton,Texas Tech,2641,Big 12,12,295,466,63.3,3335,27,5.8,8,1.7,7.2,7.54,11.3,277.9,139.1,,behren-morton-1
379,4692538,Jalin Conyers,Texas Tech,2641,Big 12,13,1,1,100,20,1,100,0,0,20,40,20,1.5,598,,jalin-conyers-1
474,4714278,Jason Llewellyn,Texas Tech,2641,Big 12,12,0,1,0,0,0,0,0,0,0,0,,0,0,,jason-llewellyn-1
378,4916941,Coy Eakin,Texas Tech,2641,Big 12,13,1,2,50,20,1,50,0,0,10,20,20,1.5,299,,coy-eakin-1
183,5126468,Will Hammond,Texas Tech,2641,Big 12,4,35,57,61.4,471,2,3.5,2,3.5,8.3,7.39,13.5,117.8,135.4,,will-hammond-1
411,5193926,Cameran Brown,Texas Tech,2641,Big 12,8,4,9,44.4,11,0,0,1,11.1,1.2,-3.78,2.8,1.4,32.5,,cameran-brown-1
44,4429801,Tucker Gleason,Toledo,2649,MAC,12,233,385,60.5,2808,24,6.2,8,2.1,7.3,7.61,12.1,234,138.2,,tucker-gleason-1
176,5082330,John Alan Richter,Toledo,2649,MAC,5,43,67,64.2,497,4,6,0,0,7.4,8.61,11.6,99.4,146.2,,john-alan-richter-1
348,4370170,Landon Parker,Troy,2653,Sun Belt,12,1,3,33.3,29,0,0,0,0,9.7,9.67,29,2.4,114.5,,landon-parker-2
168,4431633,Will Crowder,Troy,2653,Sun Belt,4,43,62,69.4,542,5,8.1,0,0,8.7,10.35,12.6,135.5,169.4,,will-crowder-1
109,4877717,Matthew Caldwell,Troy,2653,Sun Belt,10,141,223,63.2,1608,13,5.8,8,3.6,7.2,6.76,11.4,160.8,135.9,,matthew-caldwell-1
200,4912119,Tucker Kilcrease,Troy,2653,Sun Belt,7,28,51,54.9,377,3,5.9,1,2,7.4,7.69,13.5,53.9,132.5,,tucker-kilcrease-1
488,4431618,Mario Williams,Tulane,2655,American,14,0,1,0,0,0,0,0,0,0,0,,0,0,,mario-williams-2
238,4432774,Ty Thompson,Tulane,2655,American,12,17,40,42.5,199,3,7.5,3,7.5,5,3.1,11.7,16.6,94,,ty-thompson-2
426,4708067,Kai Horton,Tulane,2655,American,1,1,1,100,9,0,0,0,0,9,9,9,9,175.6,,kai-horton-1
49,5121169,Darian Mensah,Tulane,2655,American,13,189,287,65.9,2723,22,7.7,6,2.1,9.5,10.08,14.4,209.5,166.7,,darian-mensah-1
76,4430775,Hayden Wolff,Western Michigan,2711,MAC,13,208,312,66.7,2410,18,5.8,8,2.6,7.7,7.72,11.6,185.4,145.5,,hayden-wolff-1
448,4565361,Anthony Sambucci,Western Michigan,2711,MAC,11,0,2,0,0,0,0,0,0,0,0,,0,0,,anthony-sambucci-1
374,5074245,Broc Lowry,Western Michigan,2711,MAC,11,4,8,50,21,0,0,0,0,2.6,2.63,5.3,1.9,72.1,,broc-lowry-1
495,5150707,Ryan Millmore,Western Michigan,2711,MAC,13,0,1,0,0,0,0,1,100,0,-45,,0,-200,,ryan-millmore-1
141,4899468,Kaden Anderson,Wyoming,2751,MWC,9,70,120,58.3,955,6,5,3,2.5,8,7.83,13.6,106.1,136.7,,kaden-anderson-1
124,5082633,Evan Svoboda,Wyoming,2751,MWC,12,111,226,49.1,1318,5,2.2,8,3.5,5.8,4.68,11.9,109.8,98.3,,evan-svoboda-1