,player_name,player_id,comp,att,yds,avg,td,int,qbr,week,completion_pct,yards_per_attempt,td_rate,int_rate,id
0, Team,-152583,0,25,0,0.0,0,0,0.0,119,0.0,0.0,0.0,0.0,7895
1,AJ Swann,10162810,2,4,10,4.7,0,0,20.2,26,1.3333333333333333,4.666666666666666,0.0,0.0,198
2,Aaron Philo,20531248,38,74,565,31.6,1,2,286.4,36,2.0988344988344987,31.607226107226108,0.1,0.0687645687645687,236
3,Aidan Armenta,10244108,11,21,101,7.9,0,1,55.0,16,1.0333333333333332,7.933333333333334,0.0,0.1666666666666666,4866
4,Aidan Chiles,5075805,17,35,241,6.9,0,3,53.0,4,0.4857142857142857,6.885714285714286,0.0,0.0857142857142857,127
5,Aidan Leffler,5091564,1,4,1,0.3,0,0,2.6,3,0.25,0.25,0.0,0.0,2050
6,Aidan Warner,20620156,21,50,228,33.3,0,3,243.3,31,2.2981818181818183,33.28,0.0,0.1254545454545454,228
7,Alan Bowman,4362159,27,48,326,6.8,1,1,64.2,2,0.5625,6.791666666666667,0.0208333333333333,0.0208333333333333,197
8,Alex Orji,4685495,2,3,2,0.7,0,1,3.6,1,0.6666666666666666,0.6666666666666666,0.0,0.3333333333333333,130
9,Alonza Barnett,4911929,22,34,388,11.4,5,0,95.5,4,0.6470588235294118,11.411764705882351,0.1470588235294117,0.0,256
10,Anthony Colandrea,55488257,198,320,2125,72.6,13,11,489.0,76,6.7414780801535095,72.45652092580808,0.4730345049101366,0.3981847295800782,2838
11,Antonio Williams,10162864,2,2,62,62.0,1,0,200.0,15,2.0,62.0,1.0,0.0,456
12,Arch Manning,29225436,61,90,938,60.2,9,2,380.5,32,3.939284390063033,60.09816462736374,0.6334816462736372,0.0689655172413793,1506
13,Ashton Daniels,53225469,170,271,1700,68.7,10,12,588.4,85,6.785454979556995,68.7088815161119,0.3426424741568314,0.4089169036961904,264
14,Athan Kaliakmanis,4432722,16,25,269,10.8,0,0,77.6,4,0.64,10.76,0.0,0.0,164
15,Austin Mack,5079508,2,3,39,13.0,1,0,99.6,12,0.6666666666666666,13.0,0.3333333333333333,0.0,333
16,Austin Simmons,41133472,20,33,316,112.3,2,0,508.5,43,5.770833333333333,112.27083333333333,0.3958333333333333,0.0,1160
17,Bauer Sharp,4890373,0,1,0,0.0,0,1,0.0,14,0.0,0.0,0.0,1.0,201
18,Ben Finley,4431091,14,27,110,4.1,1,1,38.6,4,0.5185185185185185,4.074074074074074,0.037037037037037,0.037037037037037,2006
19,Ben Wooldridge,4373895,20,29,257,8.9,3,0,87.5,5,0.6896551724137931,8.862068965517242,0.1034482758620689,0.0,309
20,Billy Edwards,4592532,28,43,263,6.1,2,0,58.3,3,0.6511627906976745,6.116279069767442,0.0465116279069767,0.0,120
21,Billy Wiles,4682927,0,1,0,0.0,0,1,0.0,2,0.0,0.0,0.0,1.0,2026
22,Bishop Davenport,4869553,4,8,50,6.3,0,0,18.6,5,0.5,6.25,0.0,0.0,6
23,Blake Horvath,5081504,7,12,92,7.7,0,0,90.6,1,0.5833333333333334,7.666666666666667,0.0,0.0,2426
24,Blake Shapen,18261260,74,108,974,36.9,8,1,203.3,10,2.72985347985348,36.76758241758242,0.3203296703296702,0.0256410256410256,1376
25,Brady Cook,57582655,221,350,2789,104.5,12,2,907.1,83,8.16218236487761,104.56651700608619,0.4363333409810487,0.0600358422939067,1846
26,Braedyn Locke,4702829,13,26,125,4.8,1,0,52.2,3,0.5,4.807692307692308,0.0384615384615384,0.0,275
27,Brandon Nunez,5220782,1,4,12,3.0,0,0,42.4,12,0.25,3.0,0.0,0.0,166
28,Brendan Sorsby,4899046,22,38,298,7.8,3,0,73.7,2,0.5789473684210527,7.842105263157895,0.0789473684210526,0.0,2132
29,Brendan Sullivan,4683058,14,18,131,7.3,1,1,43.4,1,0.7777777777777778,7.277777777777778,0.0555555555555555,0.0555555555555555,2294
30,Brenen Thompson,4685553,0,1,0,0.0,0,0,0.6,13,0.0,0.0,0.0,0.0,201
31,Brian Buschini,4570906,1,1,8,8.0,0,0,100.0,1,1.0,8.0,0.0,0.0,158
32,Brock Glenn,34441106,51,114,597,38.7,4,5,229.2,62,3.1356699212925143,38.69893414245148,0.1952451342695244,0.2407645129082869,364
33,Brock Vandagriff,48760602,125,218,1593,79.0,10,8,615.2,74,6.075711557677502,79.04224726597792,0.5877863210061349,0.545614413106673,1056
34,Bryce Archie,9612926,7,13,37,3.1,0,2,36.4,6,1.5,3.083333333333333,0.0,0.1666666666666666,116
35,Byrum Brown,9760544,34,65,357,11.4,0,0,114.7,6,1.0619047619047617,11.40952380952381,0.0,0.0,116
36,CJ Bailey,55872311,196,302,2412,92.3,17,10,639.7,82,7.3171367521367525,92.30862637362637,0.6675335775335773,0.36957875457875444,1672
37,CJ Harris,9373576,19,31,184,12.3,0,1,62.7,15,1.1954545454545453,12.26818181818182,0.0,0.0909090909090909,50
38,CJ Ogbonna,4877296,6,20,55,2.8,0,1,7.0,2,0.3,2.75,0.0,0.05,2084
39,Cade Klubnik,74966608,352,553,4135,125.5,35,9,1229.8,110,10.31503805556681,125.58366595932134,1.1477388369004697,0.261273958497351,3648
40,Caden Davis,9141376,0,2,0,0.0,0,2,0.0,2,0.0,0.0,0.0,2.0,290
41,Caden Veltkamp,9739982,29,48,243,7.1000000000000005,2,2,70.2,6,1.0854700854700856,7.170940170940171,0.0512820512820512,0.0512820512820512,196
42,Caleb Hood,13786023,2,3,19,19.0,1,0,86.2,22,2.0,19.0,1.0,0.0,459
43,Caleb Junko,4880229,1,1,3,3.0,0,0,1.5,10,1.0,3.0,0.0,0.0,221
44,Cameron Skattebo,4696981,1,1,42,42.0,1,0,100.0,1,1.0,42.0,1.0,0.0,9
45,Cameron Ward,65637320,331,489,4698,136.9,42,8,1201.8,88,9.503508017077031,136.85704942295433,1.2865750842339037,0.20876015870053272,33460
46,Carson Beck,62031774,334,511,4004,110.0,35,12,1104.9,107,9.225666614011864,109.87640491670628,0.9742680360529002,0.2820954628901126,854
47,Chandler Rogers,22852770,12,25,117,15.1,0,0,196.9,43,1.5333333333333332,15.1,0.0,0.0,125
48,Chris Parson,4870889,0,2,0,0.0,0,0,1.1,1,0.0,0.0,0.0,0.0,344
49,Christian Veilleux,8865224,45,75,479,12.8,4,1,152.10000000000002,4,1.1929698708751793,12.737446197991392,0.1025824964131993,0.024390243902439,4494
50,Christopher Vizzina,24496845,19,34,190,26.4,0,0,230.1,34,3.6363636363636362,26.376623376623378,0.0,0.0,1140
51,Collin Schlee,26570634,28,56,414,33.8,3,1,160.7,37,1.8403361344537812,33.78221288515407,0.2433473389355741,0.0588235294117647,1554
52,Colton Joseph,5125715,1,2,12,6.0,0,0,3.1,3,0.5,6.0,0.0,0.0,295
53,Conner Harrell,19205224,21,37,282,24.5,2,1,112.8,13,1.9733333333333334,24.426666666666666,0.08,0.04,612
54,Conner Weigman,28113444,64,114,819,44.4,3,5,281.3,38,3.3372294372294373,44.44291486291486,0.1828571428571428,0.3466666666666666,1470
55,Connor Bazelak,4426444,20,36,250,6.9,1,1,73.9,4,0.5555555555555556,6.944444444444445,0.0277777777777777,0.0277777777777777,189
56,Connor Weselman,4686997,0,1,0,0.0,0,0,0.0,13,0.0,0.0,0.0,0.0,24
57,Cutter Boley,25706890,32,68,386,24.6,2,6,151.5,61,2.06984126984127,24.574603174603176,0.1428571428571428,0.4888888888888887,480
58,D.J. Lagway,71113770,132,220,2079,128.3,14,11,794.1,96,8.533817554994025,128.26809935162876,0.7889114806761863,0.8243070654835357,798
59,D.J. Uiagalelei,22145100,84,156,1065,34.3,4,6,172.5,14,2.7296296296296294,34.27989417989418,0.1275132275132274,0.19417989417989412,260
60,Darian Mensah,5121169,14,32,166,5.2,1,1,24.9,3,0.4375,5.1875,0.03125,0.03125,2655
61,Darius Taylor,4920901,1,1,10,10.0,1,0,100.0,1,1.0,10.0,1.0,0.0,135
62,David Lynch,15462906,16,27,111,11.2,0,3,32.2,28,1.7698412698412698,11.253968253968253,0.0,0.2539682539682539,663
63,Davis Beville,8857774,5,7,46,18.5,1,0,157.3,17,1.6666666666666665,18.5,0.1666666666666666,0.0,5158
64,Davis Warren,9757362,31,45,277,12.3,2,2,136.4,3,1.4166666666666665,12.265151515151516,0.1136363636363636,0.0606060606060606,260
65,Demond Williams Jr.,5079653,26,32,374,11.7,4,1,85.2,1,0.8125,11.6875,0.125,0.03125,264
66,Deshawn Purdie,5138131,9,19,134,7.1,2,0,38.0,2,0.4736842105263157,7.052631578947368,0.1052631578947368,0.0,2429
67,Devin Brown,4695709,1,1,6,6.0,0,0,90.4,1,1.0,6.0,0.0,0.0,194
68,Devin Kargman,9371386,23,43,239,10.4,2,1,104.9,4,1.1,10.33095238095238,0.0714285714285714,0.0357142857142857,4618
69,Dexter Williams II,4565355,2,4,36,9.0,0,0,89.7,4,0.5,9.0,0.0,0.0,290
70,Diego Pavia,76262700,202,335,2643,121.4,25,4,1073.9,91,9.332395616302785,121.36259167695091,1.1870108479156183,0.1833446022086995,3570
71,Donovan Smith,4690977,24,28,260,9.3,1,1,83.5,2,0.8571428571428571,9.285714285714286,0.0357142857142857,0.0357142857142857,248
72,Drake Lindsey,5144959,1,1,15,15.0,0,0,99.8,1,1.0,15.0,0.0,0.0,135
73,Drew Allar,4714771,13,22,127,5.8,0,0,56.3,1,0.5909090909090909,5.7727272727272725,0.0,0.0,213
74,Drew Pyne,26574528,49,82,391,28.0,3,3,187.5,38,4.003799903799904,27.998460798460798,0.1111111111111111,0.25,852
75,Dylan Lonergan,4870900,5,6,23,3.8,0,0,65.2,12,0.8333333333333334,3.8333333333333335,0.0,0.0,333
76,Dylan Raiola,5079572,22,30,224,7.5,1,1,75.0,1,0.7333333333333333,7.466666666666667,0.0333333333333333,0.0333333333333333,158
77,EJ Caminong,5110101,6,19,57,3.0,0,0,16.3,1,0.3157894736842105,3.0,0.0,0.0,25
78,Eddie Lee Marburger,4683012,0,1,0,0.0,0,1,0.0,3,0.0,0.0,0.0,1.0,2636
79,Eli Heidenreich,5081508,0,1,0,0.0,0,0,3.6,1,0.0,0.0,0.0,0.0,2426
80,Eli Holstein,48708190,179,290,2225,79.0,17,7,469.1,66,6.1556159420289855,78.92753623188406,0.5904761904761904,0.369642857142857,2210
81,Eli Stowers,8863148,1,2,17,17.0,1,0,102.4,12,1.0,17.0,1.0,0.0,476
82,Elijah Arroyo,4678006,1,1,7,7.0,1,0,100.0,9,1.0,7.0,1.0,0.0,2390
83,Elijah Brown,15237954,28,48,274,21.4,2,3,123.10000000000001,19,2.0555555555555554,21.305059523809526,0.1741071428571428,0.1736111111111111,72
84,Emory Williams,10151600,16,26,187,15.3,1,1,103.6,4,1.2738095238095237,15.273809523809522,0.0833333333333333,0.0714285714285714,4780
85,Ethan Garbers,4429068,22,36,281,7.8,2,1,47.4,4,0.6111111111111112,7.805555555555555,0.0555555555555555,0.0277777777777777,26
86,Ethan Grunkemeyer,5144078,1,2,9,4.5,0,1,7.3,1,0.5,4.5,0.0,0.5,213
87,Ethan Hampton,4618083,14,29,159,5.5,1,2,19.8,5,0.4827586206896552,5.482758620689655,0.0344827586206896,0.0689655172413793,2459
88,Ethan Vasko,4832918,10,21,222,10.6,1,1,45.1,4,0.4761904761904761,10.571428571428571,0.0476190476190476,0.0476190476190476,324
89,Evan Bullock,5076949,26,43,190,4.4,2,0,23.6,13,0.6046511627906976,4.418604651162791,0.0465116279069767,0.0,2348
90,Fernando Mendoza,58046976,290,422,3237,94.4,18,6,793.3,78,8.155760539127678,94.30001174549857,0.5474822310522104,0.1843957541219202,300
91,Forrest Brock,5151231,12,25,128,5.1,0,2,7.0,1,0.48,5.12,0.0,0.08,218
92,Garrett Greene,4429847,16,30,210,7.0,2,2,80.7,3,0.5333333333333333,7.0,0.0666666666666666,0.0666666666666666,277
93,Garrett Nussmeier,59380711,336,524,4039,101.4,29,12,1031.1,90,8.484311912677166,101.4071503616893,0.7402037742324301,0.2788443393551751,1287
94,Gaston Moore,23485610,16,27,201,34.1,2,2,156.0,36,2.2083333333333335,34.0,0.5,1.0833333333333333,13165
95,Gavin Bartholomew,4708049,0,1,0,0.0,0,0,0.3,1,0.0,0.0,0.0,0.0,221
96,Gavin Wimsatt,29361942,20,48,412,55.1,5,5,301.7,53,2.684126984126984,55.07777777777778,0.5444444444444444,0.5650793650793651,576
97,General Booty,10163850,9,20,107,67.2,1,1,106.5,16,1.4210526315789473,67.21052631578948,1.0,0.0526315789473684,4866
98,Giovanni Lopez,4920227,16,22,171,7.8,1,0,60.1,5,0.7272727272727273,7.772727272727272,0.0454545454545454,0.0,6
99,Graham Mertz,26558010,83,114,882,47.9,6,3,327.0,22,4.364182194616977,47.78737060041408,0.3196687370600412,0.1666666666666666,342
100,Grant Wilson,4695867,22,38,197,5.2,1,2,49.9,1,0.5789473684210527,5.184210526315789,0.0263157894736842,0.0526315789473684,295
101,Grayson James,27406242,106,166,1202,44.6,6,2,436.3,56,4.004682055749129,44.64453881145954,0.337632275132275,0.0625,618
102,Grayson McCall,22139680,68,102,622,30.0,3,3,128.0,14,3.305944055944056,29.95839160839161,0.075,0.1159090909090908,760
103,Gunner Stockton,14056734,33,48,369,26.1,1,0,183.3,16,2.2083333333333335,26.0625,0.03125,0.0,183
104,Hank Bachmeier,57544487,246,396,2832,90.6,16,10,701.2,94,8.11074481074481,90.60303724053725,0.5775793650793648,0.37093253968253936,2002
105,Hank Brown,15267942,27,43,403,34.1,6,3,184.9,8,1.8184615384615386,34.13846153846154,0.56,0.2307692307692307,6
106,Harrison Bailey,13287435,24,33,227,26.4,3,0,238.0,4,2.64,26.39333333333333,0.12,0.0,291
107,Haynes King,57576909,247,338,2621,95.7,19,3,885.9,78,9.889184666680496,95.70173185175966,0.7550822678742586,0.0950888192267502,767
108,Henry Belin IV,14055756,51,89,479,17.8,4,2,198.89999999999998,4,2.1363636363636367,17.727272727272727,0.0909090909090908,0.0454545454545454,450
109,Holden Geriner,4714300,2,2,33,16.5,0,0,99.2,1,1.0,16.5,0.0,0.0,2
110,JC French,4685345,20,28,109,3.9,0,1,26.9,4,0.7142857142857143,3.892857142857143,0.0,0.0357142857142857,290
111,JD Sherrod,5092662,0,1,0,0.0,0,0,90.2,3,0.0,0.0,0.0,0.0,2309
112,JP Pickles,5193282,10,15,72,4.8,0,0,40.0,13,0.6666666666666666,4.8,0.0,0.0,2638
113,Ja'Koby Banks,4899470,0,1,0,0.0,0,0,6.7,3,0.0,0.0,0.0,0.0,235
114,Jack Turner,5092781,19,36,281,7.8,1,1,40.1,3,0.5277777777777778,7.805555555555555,0.0277777777777777,0.0277777777777777,2348
115,Jackson Arnold,48706070,154,246,1421,57.6,12,3,485.6,75,6.365751273661452,57.57096736874546,0.4445147606688205,0.1282327586206896,2010
116,Jacob Zeno,4426417,23,32,235,7.3,3,1,73.9,3,0.71875,7.34375,0.09375,0.03125,5
117,Jacobe Robinson,4949488,2,3,23,7.7,0,0,2.7,2,0.6666666666666666,7.666666666666667,0.0,0.0,103
118,Jacolby Criswell,53153556,186,320,2459,87.4,15,6,602.9,86,7.925401684914101,87.36926934282248,0.47359443133203516,0.1673076923076922,1836
119,Jake Merklinger,10159062,6,9,48,11.2,0,0,44.1,4,1.4,11.15,0.0,0.0,5266
120,Jake Retzlaff,5150611,15,28,202,7.2,1,2,29.6,2,0.5357142857142857,7.214285714285714,0.0357142857142857,0.0714285714285714,252
121,Jalen Milroe,57625542,205,319,2844,128.8,16,11,952.0,92,8.561062498882192,128.78538538046212,0.9109502088562189,0.3916719452045536,4329
122,Jaquez Moore,9416974,0,2,0,0.0,0,0,15.4,2,0.0,0.0,0.0,0.0,300
123,Jarquez Hunter,4710341,0,1,0,0.0,0,1,0.0,14,0.0,0.0,0.0,1.0,2
124,Jaxson Dart,70336710,329,467,5060,164.0,35,7,1274.2,90,10.578694048409881,163.8747434994311,1.1211029488844542,0.2091261509968408,2175
125,Jayden Maiava,4685454,22,39,295,7.6,4,3,73.8,1,0.5641025641025641,7.564102564102564,0.1025641025641025,0.0769230769230769,30
126,Jaylin Lane,4602667,1,1,6,6.0,1,0,100.0,9,1.0,6.0,1.0,0.0,259
127,Joey Aguilar,5151948,18,41,214,5.2,1,0,45.7,2,0.4390243902439024,5.219512195121951,0.024390243902439,0.0,2026
128,Josh Hoover,9370802,56,85,749,17.6,5,2,151.4,5,1.3178294573643412,17.614064230343303,0.1173864894795127,0.0465116279069767,5256
129,Julian Dugger,5155864,7,13,72,5.5,2,1,74.6,1,0.5384615384615384,5.538461538461538,0.1538461538461538,0.0769230769230769,221
130,Julian Sayin,5079712,0,1,0,0.0,0,0,0.9,1,0.0,0.0,0.0,0.0,194
131,Justin Lamson,32791514,24,47,300,54.3,4,2,414.2,54,3.9166666666666665,54.16666666666667,2.25,0.1666666666666666,168
132,Justin Pegues,5084054,0,1,0,0.0,0,0,3.2,4,0.0,0.0,0.0,0.0,189
133,KJ Jackson,5079516,4,4,59,14.8,0,0,91.4,1,1.0,14.75,0.0,0.0,8
134,KJ Jefferson,4567149,12,22,165,7.5,0,1,16.8,6,0.5454545454545454,7.5,0.0,0.0454545454545454,2116
135,Kadin Semonza,10183780,37,55,301,10.899999999999999,1,1,69.30000000000001,11,1.339522546419098,10.820954907161804,0.0344827586206896,0.0384615384615384,4100
136,Kaedin Robinson,4873237,0,1,0,0.0,0,1,0.0,2,0.0,0.0,0.0,1.0,2026
137,Kai Kroeger,9140066,0,2,0,0.0,0,0,0.0,9,0.0,0.0,0.0,0.0,5158
138,Kanyon Floyd,5147726,1,1,32,32.0,0,0,100.0,1,1.0,32.0,0.0,0.0,9
139,Katin Houser,4795295,18,29,147,5.1,0,2,55.7,1,0.6206896551724138,5.068965517241379,0.0,0.0689655172413793,151
140,Keldric Luster,10150784,1,3,0,0.0,0,0,4.0,11,0.5,0.0,0.0,0.0,5134
141,Ken Seals,4431375,3,3,19,6.3,1,0,99.9,4,1.0,6.333333333333333,0.3333333333333333,0.0,2628
142,Kevin Concepcion,4870653,1,1,28,28.0,0,0,100.0,8,1.0,28.0,0.0,0.0,152
143,Kevin Jennings,66093092,216,330,2941,120.5,20,10,894.8,86,8.710116333048255,120.5425976502521,0.7806690804745721,0.3354948292448291,33371
144,Kiael Kelly,4431416,1,2,-3,-1.5,0,0,2.0,3,0.5,-1.5,0.0,0.0,2050
145,Kyle McCord,57641623,391,592,4779,109.1,34,12,951.8,95,8.688028901466657,109.0870919814414,0.8058717697567888,0.23582951770451752,2379
146,Kyron Drones,46780100,158,257,1884,73.6,12,7,554.7,50,6.191374609795663,73.45700449647818,0.4657545183860971,0.2719632219632218,2590
147,Lanorris Sellers,63376651,210,321,2691,110.1,18,8,889.5,102,8.441529016936368,109.99078827728691,0.7207797455899919,0.3582831967912611,33527
148,Lex Thomas,9750256,5,8,65,14.8,1,1,99.0,14,1.1666666666666665,14.833333333333334,0.1666666666666666,0.5,304
149,Luke Altmyer,4597679,13,22,174,7.9,1,1,87.7,1,0.5909090909090909,7.909090909090909,0.0454545454545454,0.0454545454545454,356
150,Luke Elzinga,13281438,3,3,66,66.0,0,0,200.0,20,3.0,66.0,0.0,0.0,603
151,Luke Kromenhoek,35556794,59,112,642,37.3,3,2,232.10000000000002,79,3.489285714285714,37.28928571428571,0.15,0.2857142857142857,364
152,Maalik Murphy,56225964,254,421,2932,83.9,26,12,635.1,86,7.237389389610556,84.02514093210068,0.7487884665385681,0.3420707338571755,1800
153,Malachi Fields,14047944,2,3,51,51.0,0,0,202.7,25,2.0,51.0,0.0,0.0,774
154,Malachi Singleton,19483996,21,28,358,37.1,1,0,124.6,21,2.2523809523809524,37.11904761904762,0.0714285714285714,0.0,32
155,Marcel Reed,48709710,147,240,1864,103.2,15,6,694.1,73,6.384618070717716,103.08796731282699,0.5348949388634003,0.187641087290456,2450
156,Mario Williams,4431618,0,1,0,0.0,0,0,2.6,1,0.0,0.0,0.0,0.0,2655
157,Marquis Johnson,5076106,0,1,0,0.0,0,0,2.2,1,0.0,0.0,0.0,0.0,142
158,Matthew Golden,4701936,1,2,30,15.0,0,0,79.8,7,0.5,15.0,0.0,0.0,251
159,Max Brosmer,9146796,31,50,377,15.2,1,1,123.60000000000001,2,1.2397372742200328,15.180623973727421,0.0344827586206896,0.0344827586206896,270
160,Max Brown,4875125,8,12,175,14.6,0,0,80.8,2,0.6666666666666666,14.583333333333334,0.0,0.0,2429
161,Max Johnson,4685740,12,19,71,3.7,0,1,37.0,1,0.631578947368421,3.736842105263158,0.0,0.0526315789473684,153
162,Micah Ford,10286382,2,2,21,21.0,2,0,200.0,19,2.0,21.0,2.0,0.0,48
163,Michael Hawkins Jr.,35556255,76,120,783,48.5,3,2,310.40000000000003,36,4.262273901808785,48.59418604651162,0.1020671834625322,0.4,1407
164,Michael Johnson Jr.,4570048,2,3,31,10.3,0,0,2.2,5,0.6666666666666666,10.333333333333334,0.0,0.0,183
165,Michael Kern,27402186,26,48,314,38.8,1,4,71.4,39,3.1503623188405796,38.76992753623188,0.0434782608695652,0.753623188405797,924
166,Michael Merdinger,5144313,9,12,86,7.2,0,1,3.0,1,0.75,7.166666666666667,0.0,0.0833333333333333,153
167,Michael Van Buren Jr.,45716580,140,256,1886,66.2,11,7,543.8,81,4.894297950689315,66.08351859755957,0.3257322275349417,0.2168949384232624,3096
168,Mike Wright,4433932,20,36,158,4.4,0,1,20.7,2,0.5555555555555556,4.388888888888889,0.0,0.0277777777777777,77
169,Mikey Matthews,4921306,0,1,0,0.0,0,0,0.8,13,0.0,0.0,0.0,0.0,25
170,Miles O'Neill,5145396,5,6,51,8.5,1,0,97.8,12,0.8333333333333334,8.5,0.1666666666666666,0.0,245
171,Miller Moss,4431580,27,36,378,10.5,1,0,79.2,1,0.75,10.5,0.0277777777777777,0.0,30
172,Nate Johnson,9736600,1,3,12,6.0,0,0,106.3,15,0.5,6.0,0.0,0.0,476
173,Nate Yarnell,37465456,98,167,1056,49.8,10,5,400.9,74,4.830401321705669,49.81026465482987,0.6326677750590793,0.2524729698642741,1768
174,Navy Shuler,4565892,1,3,10,3.3,0,0,16.1,13,0.3333333333333333,3.333333333333333,0.0,0.0,2633
175,Nicholas Barr-Mira,4569416,1,1,11,11.0,0,0,100.0,14,1.0,11.0,0.0,0.0,344
176,Nick Poulos,5228762,8,19,110,5.8,0,1,18.7,4,0.4210526315789473,5.789473684210527,0.0,0.0526315789473684,195
177,Nick Vattiato,9365036,42,66,336,10.1,1,2,77.9,6,1.2727272727272727,10.181818181818182,0.0303030303030303,0.0606060606060606,4786
178,Nico Iamaleava,68191186,229,357,2827,117.3,21,7,985.3,94,8.982514640067336,117.20201067416079,0.9361331259214551,0.2878731574383746,36862
179,Noah Kim,4690158,6,12,80,6.7,1,0,71.2,4,0.5,6.666666666666667,0.0833333333333333,0.0,324
180,OJ Arnold,4838269,1,1,12,12.0,1,0,99.5,4,1.0,12.0,1.0,0.0,290
181,Owen McCown,4775136,21,29,132,4.6,0,0,59.3,3,0.7241379310344828,4.551724137931035,0.0,0.0,2636
182,Parker Navarro,4610131,18,30,181,6.0,0,1,17.2,1,0.6,6.033333333333333,0.0,0.0333333333333333,195
183,Payton Thorne,53167080,213,344,2878,102.0,22,13,747.5,86,7.426698257247614,102.12165142174095,0.8017927840969699,0.468110688630948,24
184,Peter Moore,4697496,1,1,-1,-1.0,0,0,24.7,5,1.0,-1.0,0.0,0.0,259
185,Pierce Clarkson,4870636,3,4,11,2.8,0,0,0.6,1,0.75,2.75,0.0,0.0,97
186,Preston Stone,26596602,30,51,421,47.0,5,1,318.9,34,3.7333333333333334,46.88333333333333,1.5055555555555555,0.0333333333333333,15402
187,Quinn Ewers,68459006,283,423,3316,114.2,31,11,1051.3,84,9.537272432634204,114.18170732115522,1.0640508966003048,0.3893516416872467,3514
188,Quinn Henicle,5193346,5,12,38,3.2,0,1,10.1,3,0.4166666666666667,3.1666666666666665,0.0,0.0833333333333333,295
189,Reese Poffenbarger,4875866,6,7,20,2.9,0,0,10.5,2,0.8571428571428571,2.857142857142857,0.0,0.0,2390
190,Richie Hoskins,5089070,0,1,0,0.0,0,0,4.5,14,0.0,0.0,0.0,0.0,238
191,Rickie Collins,14611935,5,5,35,21.0,0,0,144.6,15,3.0,21.0,0.0,0.0,297
192,Robby Ashford,28185072,23,32,324,43.9,2,0,353.0,37,4.964285714285714,43.82142857142857,0.0952380952380952,0.0,15474
193,Rocco Becht,4801299,22,36,270,7.5,3,0,77.2,1,0.6111111111111112,7.5,0.0833333333333333,0.0,66
194,Roman Gagliano,10389252,4,9,41,5.9,0,0,37.1,6,0.5714285714285714,5.857142857142857,0.0,0.0,4786
195,Sam Leavitt,10157620,34,66,291,8.3,0,1,145.3,3,1.0217391304347827,8.27608695652174,0.0,0.0217391304347826,18
196,Santino Marucci,4570743,6,19,80,4.2,0,0,12.4,12,0.3157894736842105,4.2105263157894735,0.0,0.0,166
197,Sawyer Robertson,4432759,30,51,445,8.7,2,1,72.1,1,0.5882352941176471,8.72549019607843,0.0392156862745098,0.0196078431372549,239
198,Sean Atkins,4571563,1,1,12,12.0,1,0,100.0,4,1.0,12.0,1.0,0.0,58
199,Seth Henigan,4606194,25,38,272,7.2,2,1,71.1,3,0.6578947368421053,7.157894736842105,0.0526315789473684,0.0263157894736842,235
200,Skyler Locklear,5083042,10,19,50,2.6,0,1,58.0,13,0.5263157894736842,2.631578947368421,0.0,0.0526315789473684,2638
201,Stone Earle,4691272,13,36,131,3.6,1,1,13.8,2,0.3611111111111111,3.638888888888889,0.0277777777777777,0.0277777777777777,276
202,Suderian Harrison,5114331,1,1,27,27.0,0,0,100.0,11,1.0,27.0,0.0,0.0,258
203,TJ Finley,4431948,18,31,92,3.0,0,2,23.1,1,0.5806451612903226,2.967741935483871,0.0,0.064516129032258,98
204,Tahj Bullock,4684003,2,3,7,2.3,0,0,40.6,4,0.6666666666666666,2.333333333333333,0.0,0.0,2006
205,Tate Rodemaker,4433886,13,19,126,6.6,0,2,23.7,1,0.6842105263157895,6.631578947368421,0.0,0.1052631578947368,2572
206,Taylen Green,57607225,230,381,3153,112.2,15,9,911.1,88,7.934789214422341,112.17949963499854,0.5245700318125551,0.2929159288241192,104
207,Taylor Morin,4567044,0,1,0,0.0,0,0,2.5,2,0.0,0.0,0.0,0.0,154
208,Taylor Tatum,10159438,2,2,16,16.0,1,0,102.8,14,2.0,16.0,1.0,0.0,402
209,Thomas Castellanos,42965271,115,189,1615,80.9,21,7,348.9,47,5.43003663003663,80.76913919413919,1.1953754578754576,0.3523809523809522,927
210,Tony Muskett,33426848,45,76,545,53.9,3,3,531.6,54,4.6431623931623935,53.91697191697192,0.36263736263736257,0.38888888888888884,1806
211,Trebor Pena,4575862,0,1,0,0.0,0,0,19.4,10,0.0,0.0,0.0,0.0,183
212,Trent Pearman,15244302,2,5,8,4.0,0,1,70.6,19,1.0,4.0,0.0,1.0,684
213,Trey Goodman,4879298,1,2,27,13.5,0,1,96.3,13,0.5,13.5,0.0,0.5,2638
214,Trey Owens,5123665,2,4,19,4.8,0,0,39.0,3,0.5,4.75,0.0,0.0,251
215,Tucker Gleason,8859602,49,78,621,16.9,5,1,161.39999999999998,4,1.3414285714285714,16.89857142857143,0.1471428571428571,0.02,5298
216,Ty Simpson,18742088,14,25,167,20.4,0,0,231.29999999999998,29,1.8555555555555556,20.433333333333334,0.0,0.0,1332
217,Ty Thompson,8865548,12,30,132,11.3,2,3,110.6,4,1.3793103448275863,11.310344827586206,1.0344827586206895,0.1034482758620689,5310
218,Tyler Huff,4574356,17,27,160,5.9,1,1,81.8,2,0.6296296296296297,5.925925925925926,0.037037037037037,0.037037037037037,55
219,Tyler Shough,56688957,253,407,3323,109.7,23,6,967.8,105,8.014901372527298,109.61826559052525,0.7232400870997521,0.1634923415783905,1261
220,Tyler Van Dyke,4685186,5,5,16,3.2,0,0,93.0,3,1.0,3.2,0.0,0.0,275
221,Tyler Warren,4431459,0,1,0,0.0,0,0,6.5,1,0.0,0.0,0.0,0.0,213
222,Walker Howard,4685391,0,2,0,0.0,0,0,0.0,1,0.0,0.0,0.0,0.0,145
223,Walker White,5079764,2,5,18,3.6,0,0,0.5,12,0.4,3.6,0.0,0.0,2
224,Will Hammond,5126468,20,34,280,8.2,1,2,50.1,1,0.5882352941176471,8.235294117647058,0.0294117647058823,0.0588235294117647,2641
225,Will Howard,8859910,48,62,600,19.5,3,2,188.7,2,1.5548589341692791,19.48171368861024,0.0992685475444096,0.0647857889237199,388
226,William Watson III,14760459,34,58,481,24.7,1,2,163.5,28,1.8133333333333332,24.6852380952381,0.0476190476190476,0.1233333333333333,777
227,Wilson Berry,4683967,0,1,0,0.0,0,1,0.0,7,0.0,0.0,0.0,1.0,96
228,Xavier Restrepo,8862706,0,2,0,0.0,0,0,2.2,2,0.0,0.0,0.0,0.0,4780
229,Zach Pyron,23730635,35,65,409,28.6,2,3,262.1,28,3.61010101010101,28.526767676767676,0.22777777777777772,0.1010101010101009,295
230,Zion Turner,4685697,0,1,0,0.0,0,0,3.6,2,0.0,0.0,0.0,0.0,55
